date_time,holiday,temp,rain_1h,snow_1h,clouds_all,weather_main,traffic_volume
2023-01-01 00:00:00,None,266.28,0.0,0.0,0,Clear,193
2023-01-01 01:00:00,None,270.0,0.0,0.0,10,Clear,160
2023-01-01 02:00:00,None,266.93,0.0,0.0,7,Clear,222
2023-01-01 03:00:00,None,260.83,0.0,0.0,14,Clear,710
2023-01-01 04:00:00,None,266.43,0.0,0.0,75,Clouds,646
2023-01-01 05:00:00,None,267.24,0.0,0.0,14,Clear,1067
2023-01-01 06:00:00,None,267.81,1.45,0.0,64,Rain,2291
2023-01-01 07:00:00,None,267.07,1.38,0.0,68,Rain,2805
2023-01-01 08:00:00,None,271.33,0.0,0.0,13,Clear,4325
2023-01-01 09:00:00,None,275.51,0.0,2.79,89,Snow,4783
2023-01-01 10:00:00,None,274.73,0.0,0.0,4,Clear,2802
2023-01-01 11:00:00,None,273.62,0.0,0.0,12,Clear,3259
2023-01-01 12:00:00,None,274.17,0.0,0.0,84,Mist,2229
2023-01-01 13:00:00,None,281.12,0.0,0.0,56,Clouds,3504
2023-01-01 14:00:00,None,275.18,0.0,0.0,0,Clear,2692
2023-01-01 15:00:00,None,274.01,0.0,0.0,79,Mist,3855
2023-01-01 16:00:00,None,276.38,0.65,0.0,63,Rain,3180
2023-01-01 17:00:00,None,280.23,0.31,0.0,95,Drizzle,3441
2023-01-01 18:00:00,None,275.76,0.0,0.0,3,Clear,3486
2023-01-01 19:00:00,None,273.04,0.0,0.0,69,Clouds,1926
2023-01-01 20:00:00,None,275.8,0.0,0.0,7,Clear,1663
2023-01-01 21:00:00,None,273.1,0.0,0.0,10,Clear,1476
2023-01-01 22:00:00,None,272.04,0.0,0.0,4,Clear,1796
2023-01-01 23:00:00,None,271.66,0.0,0.0,73,Clouds,1257
2023-01-02 00:00:00,None,267.29,1.15,0.0,85,Rain,552
2023-01-02 01:00:00,None,266.18,0.45,0.0,67,Drizzle,446
2023-01-02 02:00:00,None,273.44,0.0,0.0,7,Clear,845
2023-01-02 03:00:00,None,264.96,1.22,0.0,97,Rain,786
2023-01-02 04:00:00,None,265.97,0.0,0.0,95,Fog,573
2023-01-02 05:00:00,None,271.95,0.0,0.0,71,Clouds,1084
2023-01-02 06:00:00,None,270.39,0.0,0.0,5,Clear,3876
2023-01-02 07:00:00,None,269.79,0.0,0.0,94,Mist,4884
2023-01-02 08:00:00,None,272.53,0.0,0.0,1,Clear,5894
2023-01-02 09:00:00,None,270.19,0.0,0.0,66,Clouds,6661
2023-01-02 10:00:00,None,271.52,0.0,0.0,11,Clear,4466
2023-01-02 11:00:00,None,278.12,0.0,0.0,5,Clear,4837
2023-01-02 12:00:00,None,277.63,0.0,0.0,94,Clouds,3846
2023-01-02 13:00:00,None,285.68,0.0,0.0,51,Clouds,4490
2023-01-02 14:00:00,None,277.94,0.0,0.0,13,Clear,4610
2023-01-02 15:00:00,None,279.97,0.0,0.0,98,Clouds,5134
2023-01-02 16:00:00,None,281.12,0.0,0.0,2,Clear,5972
2023-01-02 17:00:00,None,274.04,0.0,0.0,4,Clear,6170
2023-01-02 18:00:00,None,277.94,0.0,0.0,57,Clouds,4782
2023-01-02 19:00:00,None,277.2,2.62,0.0,88,Rain,4356
2023-01-02 20:00:00,None,273.5,0.0,0.0,1,Clear,2865
2023-01-02 21:00:00,None,273.03,0.0,0.0,57,Clouds,1812
2023-01-02 22:00:00,None,270.44,0.0,0.0,7,Clear,1781
2023-01-02 23:00:00,None,272.3,0.0,0.0,0,Clear,355
2023-01-03 00:00:00,None,276.05,9.31,0.0,80,Rain,503
2023-01-03 01:00:00,None,266.83,0.0,0.0,44,Clouds,718
2023-01-03 02:00:00,None,266.0,0.0,0.0,2,Clear,1121
2023-01-03 03:00:00,None,273.45,0.0,0.0,56,Clouds,801
2023-01-03 04:00:00,None,269.45,0.0,0.0,65,Clouds,1357
2023-01-03 05:00:00,None,272.62,0.0,0.0,1,Clear,652
2023-01-03 06:00:00,None,268.9,0.0,0.0,7,Clear,3993
2023-01-03 07:00:00,None,276.99,0.0,0.0,14,Clear,4324
2023-01-03 08:00:00,None,276.18,0.0,0.0,91,Clouds,5321
2023-01-03 09:00:00,None,274.85,0.0,3.03,85,Snow,6158
2023-01-03 10:00:00,None,279.2,0.0,0.0,72,Clouds,3978
2023-01-03 11:00:00,None,277.15,0.0,0.0,4,Clear,4182
2023-01-03 12:00:00,None,275.23,0.0,0.0,12,Clear,4473
2023-01-03 13:00:00,None,277.39,1.07,0.0,97,Rain,3323
2023-01-03 14:00:00,None,276.09,0.0,0.0,11,Clear,4297
2023-01-03 15:00:00,None,276.3,0.0,0.0,8,Clear,6495
2023-01-03 16:00:00,None,277.33,3.51,0.0,64,Rain,5622
2023-01-03 17:00:00,None,270.11,0.0,0.0,1,Clear,5484
2023-01-03 18:00:00,Columbus Day,275.45,0.0,1.69,79,Snow,2326
2023-01-03 19:00:00,None,270.27,0.0,0.0,10,Clear,3043
2023-01-03 20:00:00,None,276.32,0.0,0.0,7,Clear,2819
2023-01-03 21:00:00,None,266.88,0.0,0.0,74,Mist,2619
2023-01-03 22:00:00,None,273.09,0.0,0.0,46,Clouds,1202
2023-01-03 23:00:00,None,269.35,0.88,0.0,63,Drizzle,871
2023-01-04 00:00:00,None,273.08,0.0,6.4,90,Snow,150
2023-01-04 01:00:00,None,262.71,0.0,0.0,64,Fog,919
2023-01-04 02:00:00,None,268.26,0.0,0.0,1,Clear,438
2023-01-04 03:00:00,None,271.96,0.0,0.0,97,Clouds,929
2023-01-04 04:00:00,None,270.39,0.0,0.0,14,Clear,639
2023-01-04 05:00:00,Memorial Day,263.13,0.0,0.0,13,Clear,614
2023-01-04 06:00:00,None,272.15,0.0,0.0,2,Clear,3230
2023-01-04 07:00:00,None,277.11,0.0,0.0,94,Clouds,4571
2023-01-04 08:00:00,None,269.23,0.0,0.0,2,Clear,5580
2023-01-04 09:00:00,None,276.25,0.0,0.0,14,Clear,6157
2023-01-04 10:00:00,None,279.63,0.0,0.0,1,Clear,3823
2023-01-04 11:00:00,None,271.69,0.0,3.02,61,Snow,4088
2023-01-04 12:00:00,None,276.36,0.0,0.0,75,Haze,4615
2023-01-04 13:00:00,None,277.14,0.0,0.0,56,Clouds,4750
2023-01-04 14:00:00,None,282.9,0.0,0.0,83,Fog,3919
2023-01-04 15:00:00,None,276.8,0.0,0.0,47,Clouds,5967
2023-01-04 16:00:00,None,278.98,0.12,0.0,70,Rain,5408
2023-01-04 17:00:00,None,282.13,0.0,0.0,91,Clouds,4993
2023-01-04 18:00:00,None,275.0,0.0,0.0,87,Clouds,5965
2023-01-04 19:00:00,None,276.35,0.0,0.0,84,Haze,3480
2023-01-04 20:00:00,None,271.84,1.98,0.0,78,Rain,2484
2023-01-04 21:00:00,None,273.81,3.98,0.0,78,Rain,1220
2023-01-04 22:00:00,None,272.24,0.0,0.0,3,Clear,1231
2023-01-04 23:00:00,None,272.11,0.0,0.0,75,Clouds,150
2023-01-05 00:00:00,None,266.89,1.33,0.0,94,Rain,478
2023-01-05 01:00:00,None,269.05,0.0,0.0,12,Clear,543
2023-01-05 02:00:00,None,267.61,0.0,0.0,72,Clouds,513
2023-01-05 03:00:00,None,264.49,0.0,0.0,7,Clear,253
2023-01-05 04:00:00,None,264.64,0.0,0.0,0,Clear,794
2023-01-05 05:00:00,None,269.36,0.0,0.0,81,Haze,628
2023-01-05 06:00:00,None,271.92,0.0,0.0,83,Clouds,3179
2023-01-05 07:00:00,None,273.2,0.0,0.0,80,Mist,4292
2023-01-05 08:00:00,None,270.78,0.0,0.0,1,Clear,5933
2023-01-05 09:00:00,None,271.21,0.0,0.0,13,Clear,6432
2023-01-05 10:00:00,None,278.47,0.0,0.0,75,Clouds,3811
2023-01-05 11:00:00,None,274.33,0.0,0.0,4,Clear,4870
2023-01-05 12:00:00,None,272.44,0.0,0.0,59,Clouds,4384
2023-01-05 13:00:00,None,275.53,0.0,0.0,4,Clear,4235
2023-01-05 14:00:00,None,280.37,0.0,0.0,14,Clear,4455
2023-01-05 15:00:00,None,279.73,0.0,0.0,74,Clouds,6206
2023-01-05 16:00:00,None,275.25,1.89,0.0,88,Rain,5819
2023-01-05 17:00:00,None,274.06,0.0,0.0,71,Clouds,5665
2023-01-05 18:00:00,None,282.89,0.0,0.0,52,Clouds,3986
2023-01-05 19:00:00,None,278.16,2.26,0.0,78,Rain,2612
2023-01-05 20:00:00,None,276.18,1.16,0.0,64,Drizzle,2528
2023-01-05 21:00:00,None,273.41,0.0,0.0,90,Clouds,1945
2023-01-05 22:00:00,None,270.07,0.0,0.0,2,Clear,1605
2023-01-05 23:00:00,None,271.52,0.0,0.0,13,Clear,1526
2023-01-06 00:00:00,None,268.86,0.0,0.0,6,Clear,755
2023-01-06 01:00:00,None,268.88,0.0,0.0,13,Clear,1006
2023-01-06 02:00:00,None,271.0,0.0,0.0,47,Clouds,573
2023-01-06 03:00:00,None,263.71,0.0,0.0,11,Clear,1060
2023-01-06 04:00:00,None,271.22,0.41,0.0,72,Rain,761
2023-01-06 05:00:00,None,273.35,0.0,0.0,73,Mist,1040
2023-01-06 06:00:00,None,268.8,0.41,0.0,69,Rain,3070
2023-01-06 07:00:00,None,270.73,0.0,0.0,82,Clouds,4634
2023-01-06 08:00:00,None,266.52,0.0,0.0,96,Clouds,6418
2023-01-06 09:00:00,None,275.75,0.0,0.0,46,Clouds,6767
2023-01-06 10:00:00,None,275.09,0.0,0.0,8,Clear,4331
2023-01-06 11:00:00,None,274.66,0.0,0.0,2,Clear,3635
2023-01-06 12:00:00,None,284.3,0.0,0.0,0,Clear,4119
2023-01-06 13:00:00,None,278.91,0.0,0.0,6,Clear,4862
2023-01-06 14:00:00,None,274.11,1.5,0.0,68,Rain,3835
2023-01-06 15:00:00,None,278.13,0.0,0.0,94,Clouds,5414
2023-01-06 16:00:00,None,275.26,0.0,0.0,7,Clear,5130
2023-01-06 17:00:00,None,280.8,0.0,0.0,51,Clouds,5287
2023-01-06 18:00:00,None,276.73,0.0,0.0,13,Clear,4522
2023-01-06 19:00:00,None,271.35,0.75,0.0,71,Drizzle,3712
2023-01-06 20:00:00,None,281.73,0.0,0.0,69,Clouds,3282
2023-01-06 21:00:00,None,272.25,0.0,0.0,11,Clear,1749
2023-01-06 22:00:00,None,272.05,1.18,0.0,93,Drizzle,1733
2023-01-06 23:00:00,None,274.32,0.0,0.0,2,Clear,150
2023-01-07 00:00:00,None,264.49,0.0,0.0,93,Clouds,439
2023-01-07 01:00:00,None,268.1,4.84,0.0,93,Rain,361
2023-01-07 02:00:00,None,267.49,0.0,0.0,1,Clear,150
2023-01-07 03:00:00,None,269.13,0.0,0.0,93,Clouds,150
2023-01-07 04:00:00,None,271.34,0.0,0.0,0,Clear,150
2023-01-07 05:00:00,None,272.56,0.0,0.0,57,Clouds,150
2023-01-07 06:00:00,None,268.55,0.0,0.0,99,Clouds,2301
2023-01-07 07:00:00,None,277.49,3.0,0.0,76,Rain,1878
2023-01-07 08:00:00,None,268.72,0.0,0.0,87,Fog,3124
2023-01-07 09:00:00,None,277.19,0.0,0.0,44,Clouds,4392
2023-01-07 10:00:00,None,272.76,0.0,0.0,3,Clear,2698
2023-01-07 11:00:00,None,277.78,0.0,0.0,74,Clouds,2472
2023-01-07 12:00:00,None,275.43,0.0,0.0,14,Clear,3542
2023-01-07 13:00:00,None,276.81,0.0,0.0,88,Fog,3044
2023-01-07 14:00:00,None,279.54,0.0,0.0,7,Clear,2758
2023-01-07 15:00:00,None,279.0,1.15,0.0,66,Drizzle,3689
2023-01-07 16:00:00,None,274.18,0.0,0.0,82,Clouds,3220
2023-01-07 17:00:00,None,280.44,0.0,2.34,87,Snow,2968
2023-01-07 18:00:00,None,280.54,2.53,0.0,99,Rain,3169
2023-01-07 19:00:00,None,274.8,0.0,0.0,42,Clouds,1937
2023-01-07 20:00:00,None,275.26,0.0,0.0,61,Fog,966
2023-01-07 21:00:00,None,272.57,0.0,0.0,87,Clouds,1268
2023-01-07 22:00:00,None,270.46,0.14,0.0,83,Drizzle,1502
2023-01-07 23:00:00,None,273.71,0.0,0.0,66,Clouds,772
2023-01-08 00:00:00,None,270.85,0.96,0.0,85,Rain,150
2023-01-08 01:00:00,None,268.17,0.0,0.0,99,Clouds,671
2023-01-08 02:00:00,None,270.46,15.46,0.0,74,Rain,576
2023-01-08 03:00:00,None,268.08,0.0,0.0,56,Clouds,410
2023-01-08 04:00:00,None,263.27,0.68,0.0,64,Rain,150
2023-01-08 05:00:00,None,270.18,0.0,0.0,56,Clouds,1081
2023-01-08 06:00:00,None,263.81,0.0,0.0,53,Clouds,1772
2023-01-08 07:00:00,None,271.47,0.0,0.0,84,Mist,3049
2023-01-08 08:00:00,None,271.56,0.0,0.0,90,Clouds,3966
2023-01-08 09:00:00,None,271.9,0.0,2.62,92,Snow,3633
2023-01-08 10:00:00,None,281.95,0.0,0.0,55,Clouds,2883
2023-01-08 11:00:00,None,282.36,0.09,0.0,95,Rain,2209
2023-01-08 12:00:00,None,272.2,0.0,0.0,42,Clouds,2829
2023-01-08 13:00:00,None,279.0,0.83,0.0,70,Rain,2393
2023-01-08 14:00:00,None,278.12,0.0,0.17,95,Snow,2214
2023-01-08 15:00:00,None,285.73,0.48,0.0,87,Drizzle,4093
2023-01-08 16:00:00,None,279.75,0.0,0.0,94,Mist,4343
2023-01-08 17:00:00,None,280.68,0.0,0.0,85,Clouds,3530
2023-01-08 18:00:00,None,276.18,0.0,0.0,11,Clear,3183
2023-01-08 19:00:00,None,273.22,0.0,0.0,1,Clear,2335
2023-01-08 20:00:00,None,270.36,0.0,0.0,72,Clouds,1913
2023-01-08 21:00:00,None,276.71,0.0,0.0,2,Clear,1053
2023-01-08 22:00:00,None,272.38,0.0,0.0,4,Clear,868
2023-01-08 23:00:00,None,269.95,0.0,0.0,1,Clear,1175
2023-01-09 00:00:00,None,267.94,0.06,0.0,60,Rain,414
2023-01-09 01:00:00,None,273.52,1.48,0.0,70,Rain,371
2023-01-09 02:00:00,None,263.98,0.0,0.0,11,Clear,150
2023-01-09 03:00:00,None,271.52,0.0,0.0,14,Clear,1118
2023-01-09 04:00:00,None,270.27,0.0,0.0,78,Clouds,745
2023-01-09 05:00:00,None,271.51,0.0,0.0,3,Clear,827
2023-01-09 06:00:00,None,265.86,0.0,0.0,78,Mist,3876
2023-01-09 07:00:00,None,270.17,0.0,0.0,41,Clouds,4332
2023-01-09 08:00:00,None,275.6,0.0,0.0,47,Clouds,5943
2023-01-09 09:00:00,None,274.25,0.0,0.0,2,Clear,6260
2023-01-09 10:00:00,None,276.97,0.0,0.0,6,Clear,3642
2023-01-09 11:00:00,None,272.84,0.0,0.0,88,Haze,4376
2023-01-09 12:00:00,None,277.8,0.0,0.0,7,Clear,4054
2023-01-09 13:00:00,None,277.97,0.0,0.0,7,Clear,3571
2023-01-09 14:00:00,None,277.32,0.0,0.0,7,Clear,4553
2023-01-09 15:00:00,None,275.15,0.0,0.0,81,Clouds,5743
2023-01-09 16:00:00,None,282.18,0.0,0.0,14,Clear,5981
2023-01-09 17:00:00,None,278.6,0.0,1.47,91,Snow,4348
2023-01-09 18:00:00,None,280.64,0.0,0.0,78,Clouds,5268
2023-01-09 19:00:00,None,273.7,0.0,0.0,68,Mist,3030
2023-01-09 20:00:00,None,271.35,2.69,0.0,79,Rain,2258
2023-01-09 21:00:00,None,270.35,9.2,0.0,86,Thunderstorm,2023
2023-01-09 22:00:00,None,270.35,0.0,0.0,3,Clear,1474
2023-01-09 23:00:00,None,271.85,1.39,0.0,73,Rain,978
2023-01-10 00:00:00,None,270.29,0.0,0.0,83,Clouds,666
2023-01-10 01:00:00,None,263.92,0.0,0.0,94,Clouds,219
2023-01-10 02:00:00,None,272.75,0.35,0.0,88,Rain,990
2023-01-10 03:00:00,None,266.5,0.0,0.0,67,Haze,424
2023-01-10 04:00:00,None,263.37,0.0,0.0,77,Mist,762
2023-01-10 05:00:00,None,272.27,0.0,0.0,5,Clear,291
2023-01-10 06:00:00,None,272.04,0.0,0.0,11,Clear,3302
2023-01-10 07:00:00,None,268.35,0.0,0.0,77,Mist,4212
2023-01-10 08:00:00,None,274.84,0.0,0.0,54,Clouds,5497
2023-01-10 09:00:00,None,270.92,0.0,0.0,9,Clear,6317
2023-01-10 10:00:00,None,278.09,0.74,0.0,94,Drizzle,4387
2023-01-10 11:00:00,None,274.69,0.0,0.0,9,Clear,3676
2023-01-10 12:00:00,None,276.12,0.0,0.0,42,Clouds,4445
2023-01-10 13:00:00,None,283.4,0.0,0.0,4,Clear,4521
2023-01-10 14:00:00,None,280.97,0.0,0.0,80,Clouds,2936
2023-01-10 15:00:00,None,281.47,0.0,0.0,10,Clear,5676
2023-01-10 16:00:00,None,276.11,0.0,0.0,67,Mist,6161
2023-01-10 17:00:00,None,277.93,0.0,0.0,77,Clouds,5674
2023-01-10 18:00:00,None,275.48,6.27,0.0,84,Rain,4596
2023-01-10 19:00:00,None,280.55,0.0,0.0,9,Clear,2798
2023-01-10 20:00:00,None,277.46,2.09,0.0,89,Rain,2355
2023-01-10 21:00:00,None,268.1,0.0,0.0,88,Clouds,1673
2023-01-10 22:00:00,None,270.96,0.23,0.0,81,Drizzle,1881
2023-01-10 23:00:00,Independence Day,274.66,0.0,0.0,62,Clouds,915
2023-01-11 00:00:00,None,272.81,0.0,0.0,40,Clouds,1086
2023-01-11 01:00:00,None,270.17,1.74,0.0,81,Rain,150
2023-01-11 02:00:00,None,268.59,0.0,0.0,7,Clear,150
2023-01-11 03:00:00,None,273.02,1.84,0.0,92,Rain,734
2023-01-11 04:00:00,None,268.71,0.0,0.0,2,Clear,913
2023-01-11 05:00:00,None,267.42,0.0,0.0,71,Clouds,750
2023-01-11 06:00:00,None,269.79,0.0,0.0,45,Clouds,3726
2023-01-11 07:00:00,None,268.84,0.0,0.0,2,Clear,4194
2023-01-11 08:00:00,None,270.23,0.0,0.0,11,Clear,6123
2023-01-11 09:00:00,None,273.09,0.71,0.0,61,Drizzle,7154
2023-01-11 10:00:00,None,282.08,2.6,0.0,66,Rain,4310
2023-01-11 11:00:00,None,274.82,0.0,0.0,11,Clear,4111
2023-01-11 12:00:00,None,277.99,0.94,0.0,65,Drizzle,4550
2023-01-11 13:00:00,None,279.05,0.0,0.0,68,Mist,4203
2023-01-11 14:00:00,None,281.65,0.0,0.0,53,Clouds,4957
2023-01-11 15:00:00,None,280.15,0.0,0.0,66,Clouds,5793
2023-01-11 16:00:00,None,279.69,0.0,0.0,1,Clear,6612
2023-01-11 17:00:00,None,272.59,0.0,0.0,5,Clear,6160
2023-01-11 18:00:00,None,278.17,0.0,0.0,9,Clear,5612
2023-01-11 19:00:00,None,277.04,0.0,0.0,4,Clear,3941
2023-01-11 20:00:00,None,279.46,0.0,0.0,43,Clouds,2746
2023-01-11 21:00:00,None,270.18,0.0,0.0,45,Clouds,2220
2023-01-11 22:00:00,None,269.65,0.0,0.0,87,Clouds,1832
2023-01-11 23:00:00,None,269.05,0.0,0.0,14,Clear,307
2023-01-12 00:00:00,None,273.25,0.0,0.0,77,Clouds,349
2023-01-12 01:00:00,None,267.24,0.96,0.0,88,Drizzle,546
2023-01-12 02:00:00,None,265.11,0.0,0.0,1,Clear,228
2023-01-12 03:00:00,None,262.64,0.0,0.0,6,Clear,837
2023-01-12 04:00:00,None,270.83,0.0,0.0,99,Clouds,790
2023-01-12 05:00:00,None,269.07,0.0,0.0,13,Clear,865
2023-01-12 06:00:00,None,271.32,0.0,0.0,1,Clear,3913
2023-01-12 07:00:00,None,269.35,0.0,1.28,97,Snow,4076
2023-01-12 08:00:00,None,279.25,0.48,0.0,80,Rain,5463
2023-01-12 09:00:00,None,270.75,0.0,0.0,70,Clouds,6801
2023-01-12 10:00:00,None,275.97,0.0,0.0,58,Clouds,4349
2023-01-12 11:00:00,None,276.5,0.0,0.0,9,Clear,3581
2023-01-12 12:00:00,None,280.12,0.0,0.0,3,Clear,3475
2023-01-12 13:00:00,None,277.93,0.0,0.0,69,Haze,3780
2023-01-12 14:00:00,None,275.85,0.0,0.0,10,Clear,4707
2023-01-12 15:00:00,None,273.55,0.0,0.0,71,Clouds,6249
2023-01-12 16:00:00,None,276.68,0.0,0.0,61,Clouds,5918
2023-01-12 17:00:00,None,279.1,0.03,0.0,76,Rain,5557
2023-01-12 18:00:00,None,277.85,0.53,0.0,84,Rain,4719
2023-01-12 19:00:00,Veterans Day,272.07,0.0,0.0,0,Clear,1619
2023-01-12 20:00:00,None,276.89,0.0,0.0,55,Clouds,2142
2023-01-12 21:00:00,None,275.35,0.78,0.0,94,Drizzle,1566
2023-01-12 22:00:00,None,272.73,0.0,2.48,63,Snow,976
2023-01-12 23:00:00,None,270.39,4.36,0.0,79,Rain,805
2023-01-13 00:00:00,None,265.09,0.0,0.0,78,Mist,203
2023-01-13 01:00:00,None,267.01,0.0,0.0,11,Clear,393
2023-01-13 02:00:00,None,267.95,0.0,0.0,7,Clear,572
2023-01-13 03:00:00,None,268.86,0.0,0.0,97,Haze,653
2023-01-13 04:00:00,None,265.09,0.0,0.0,89,Clouds,157
2023-01-13 05:00:00,None,266.43,0.0,0.0,93,Clouds,849
2023-01-13 06:00:00,None,267.03,0.0,0.0,14,Clear,3109
2023-01-13 07:00:00,None,275.02,4.18,0.0,86,Rain,4775
2023-01-13 08:00:00,None,272.55,0.0,0.0,5,Clear,5515
2023-01-13 09:00:00,None,274.89,0.0,0.0,1,Clear,6938
2023-01-13 10:00:00,None,270.81,0.0,0.0,70,Mist,4726
2023-01-13 11:00:00,None,276.77,0.0,0.0,0,Clear,4614
2023-01-13 12:00:00,None,277.88,0.33,0.0,80,Drizzle,3659
2023-01-13 13:00:00,None,281.91,2.37,0.0,64,Rain,3419
2023-01-13 14:00:00,None,278.97,0.44,0.0,78,Rain,4502
2023-01-13 15:00:00,None,279.77,0.0,0.0,2,Clear,6309
2023-01-13 16:00:00,None,280.26,0.0,0.0,81,Clouds,5615
2023-01-13 17:00:00,None,277.08,0.09,0.0,89,Rain,4623
2023-01-13 18:00:00,None,279.01,4.61,0.0,78,Rain,4820
2023-01-13 19:00:00,None,273.2,5.43,0.0,83,Rain,2275
2023-01-13 20:00:00,None,279.49,0.0,0.0,9,Clear,2337
2023-01-13 21:00:00,None,271.49,0.0,0.0,43,Clouds,2895
2023-01-13 22:00:00,None,277.44,0.0,0.0,80,Clouds,2060
2023-01-13 23:00:00,None,272.99,0.0,0.0,44,Clouds,607
2023-01-14 00:00:00,None,272.96,3.89,0.0,80,Rain,173
2023-01-14 01:00:00,None,269.9,0.0,0.0,5,Clear,150
2023-01-14 02:00:00,None,268.89,0.0,0.0,78,Clouds,591
2023-01-14 03:00:00,None,270.7,0.0,0.34,82,Snow,628
2023-01-14 04:00:00,None,266.74,0.0,0.0,57,Clouds,821
2023-01-14 05:00:00,None,267.59,0.0,0.0,6,Clear,1037
2023-01-14 06:00:00,None,266.1,0.0,0.0,1,Clear,1383
2023-01-14 07:00:00,None,275.63,0.43,0.0,84,Rain,2507
2023-01-14 08:00:00,None,272.92,0.0,0.0,0,Clear,4026
2023-01-14 09:00:00,None,274.22,0.0,0.0,4,Clear,4608
2023-01-14 10:00:00,None,272.87,0.0,0.0,13,Clear,2571
2023-01-14 11:00:00,None,270.36,0.0,0.0,60,Mist,2606
2023-01-14 12:00:00,None,278.79,0.0,0.0,6,Clear,2707
2023-01-14 13:00:00,None,274.97,0.0,0.0,4,Clear,3127
2023-01-14 14:00:00,None,275.78,0.0,0.0,82,Mist,2522
2023-01-14 15:00:00,None,279.44,0.0,0.0,10,Clear,4187
2023-01-14 16:00:00,None,274.76,0.0,0.0,14,Clear,2350
2023-01-14 17:00:00,None,270.39,0.0,0.0,72,Clouds,3348
2023-01-14 18:00:00,None,276.14,0.0,0.0,11,Clear,3616
2023-01-14 19:00:00,None,280.4,0.05,0.0,65,Rain,1936
2023-01-14 20:00:00,None,273.36,0.0,0.0,99,Clouds,1693
2023-01-14 21:00:00,None,270.49,0.0,0.0,4,Clear,1181
2023-01-14 22:00:00,None,272.75,0.52,0.0,91,Drizzle,752
2023-01-14 23:00:00,None,274.46,0.0,0.0,4,Clear,464
2023-01-15 00:00:00,None,269.82,0.0,0.0,10,Clear,560
2023-01-15 01:00:00,None,264.12,0.0,0.0,66,Mist,1012
2023-01-15 02:00:00,None,266.68,0.0,0.0,86,Mist,150
2023-01-15 03:00:00,None,265.57,0.0,0.0,79,Haze,648
2023-01-15 04:00:00,None,269.49,0.0,0.0,0,Clear,439
2023-01-15 05:00:00,None,269.4,0.0,0.0,12,Clear,632
2023-01-15 06:00:00,None,270.47,0.0,0.0,96,Haze,2393
2023-01-15 07:00:00,None,272.86,0.0,0.0,81,Mist,3059
2023-01-15 08:00:00,None,272.59,0.0,0.0,94,Clouds,3843
2023-01-15 09:00:00,None,269.72,0.0,0.0,84,Clouds,5002
2023-01-15 10:00:00,None,272.98,0.0,0.0,0,Clear,2825
2023-01-15 11:00:00,None,278.25,0.0,0.0,5,Clear,2709
2023-01-15 12:00:00,None,281.06,0.0,0.0,69,Fog,2352
2023-01-15 13:00:00,None,278.33,0.0,0.0,60,Mist,2908
2023-01-15 14:00:00,None,274.04,0.0,0.0,1,Clear,2523
2023-01-15 15:00:00,None,277.02,0.0,0.0,41,Clouds,4111
2023-01-15 16:00:00,None,279.6,1.18,0.0,84,Drizzle,3851
2023-01-15 17:00:00,None,284.08,0.0,0.0,53,Clouds,3770
2023-01-15 18:00:00,None,271.58,0.18,0.0,69,Drizzle,3347
2023-01-15 19:00:00,None,274.58,0.0,0.0,14,Clear,2412
2023-01-15 20:00:00,None,276.65,0.0,0.0,8,Clear,1325
2023-01-15 21:00:00,None,278.73,0.0,0.0,3,Clear,1571
2023-01-15 22:00:00,None,274.78,0.0,0.0,82,Mist,1185
2023-01-15 23:00:00,None,267.29,0.0,0.0,2,Clear,686
2023-01-16 00:00:00,None,273.28,0.68,0.0,80,Rain,894
2023-01-16 01:00:00,None,268.05,0.0,0.0,97,Clouds,150
2023-01-16 02:00:00,None,268.45,0.0,0.0,44,Clouds,1133
2023-01-16 03:00:00,None,266.83,0.0,0.0,2,Clear,150
2023-01-16 04:00:00,None,264.1,0.0,0.0,56,Clouds,750
2023-01-16 05:00:00,None,268.21,0.0,0.0,3,Clear,902
2023-01-16 06:00:00,None,268.69,0.73,0.0,80,Drizzle,3398
2023-01-16 07:00:00,None,273.14,0.0,0.0,12,Clear,4472
2023-01-16 08:00:00,None,275.08,0.0,0.0,82,Clouds,5653
2023-01-16 09:00:00,None,277.59,0.0,0.0,86,Mist,6459
2023-01-16 10:00:00,None,277.21,0.0,2.58,60,Snow,3306
2023-01-16 11:00:00,None,280.49,0.0,0.0,5,Clear,4751
2023-01-16 12:00:00,None,277.27,0.0,0.0,94,Clouds,3844
2023-01-16 13:00:00,None,279.02,0.0,0.0,80,Clouds,4190
2023-01-16 14:00:00,None,278.15,0.0,0.0,1,Clear,5241
2023-01-16 15:00:00,None,276.31,0.0,0.0,62,Fog,5449
2023-01-16 16:00:00,None,277.88,0.0,0.0,7,Clear,5583
2023-01-16 17:00:00,None,271.6,2.64,0.0,93,Rain,5273
2023-01-16 18:00:00,None,274.47,0.0,0.0,91,Clouds,4470
2023-01-16 19:00:00,None,277.23,0.0,0.0,96,Mist,3371
2023-01-16 20:00:00,None,276.82,0.0,0.0,9,Clear,1988
2023-01-16 21:00:00,None,270.19,0.0,0.0,6,Clear,2518
2023-01-16 22:00:00,None,270.93,0.0,0.0,0,Clear,1672
2023-01-16 23:00:00,None,266.41,0.0,0.0,6,Clear,1224
2023-01-17 00:00:00,None,272.51,0.0,0.0,3,Clear,865
2023-01-17 01:00:00,None,274.49,0.0,0.0,7,Clear,258
2023-01-17 02:00:00,None,269.96,0.0,0.0,0,Clear,542
2023-01-17 03:00:00,None,264.86,0.0,0.0,11,Clear,533
2023-01-17 04:00:00,None,270.0,0.0,0.0,14,Clear,676
2023-01-17 05:00:00,None,269.54,1.18,0.0,71,Drizzle,1216
2023-01-17 06:00:00,None,265.0,0.0,0.0,8,Clear,2943
2023-01-17 07:00:00,None,266.85,0.0,0.0,12,Clear,4829
2023-01-17 08:00:00,None,269.49,0.0,0.0,5,Clear,5773
2023-01-17 09:00:00,None,273.66,0.0,0.0,8,Clear,7165
2023-01-17 10:00:00,None,273.83,0.0,0.0,99,Clouds,5379
2023-01-17 11:00:00,None,278.85,0.0,0.0,83,Clouds,4096
2023-01-17 12:00:00,None,284.62,0.0,0.0,14,Clear,3389
2023-01-17 13:00:00,None,275.7,0.0,0.0,11,Clear,3551
2023-01-17 14:00:00,None,275.98,0.0,0.0,97,Mist,4633
2023-01-17 15:00:00,None,275.42,1.69,0.0,72,Rain,5581
2023-01-17 16:00:00,None,279.9,0.0,0.0,7,Clear,5806
2023-01-17 17:00:00,None,279.09,0.0,0.0,66,Clouds,5693
2023-01-17 18:00:00,None,278.35,0.0,0.0,1,Clear,4646
2023-01-17 19:00:00,Columbus Day,277.43,0.0,0.0,95,Clouds,410
2023-01-17 20:00:00,Memorial Day,274.68,0.0,0.0,78,Clouds,1547
2023-01-17 21:00:00,None,276.79,0.0,0.0,87,Clouds,1696
2023-01-17 22:00:00,None,271.48,0.0,0.0,44,Clouds,1275
2023-01-17 23:00:00,Memorial Day,272.74,4.68,0.0,84,Rain,752
2023-01-18 00:00:00,None,267.15,0.0,0.0,64,Clouds,291
2023-01-18 01:00:00,None,266.44,1.14,0.0,62,Drizzle,312
2023-01-18 02:00:00,None,262.64,0.0,0.0,7,Clear,614
2023-01-18 03:00:00,None,267.61,0.0,0.0,6,Clear,688
2023-01-18 04:00:00,None,266.01,1.12,0.0,76,Drizzle,451
2023-01-18 05:00:00,None,268.03,0.0,0.0,9,Clear,198
2023-01-18 06:00:00,None,264.66,0.0,0.0,47,Clouds,4057
2023-01-18 07:00:00,None,270.24,0.71,0.0,85,Drizzle,5150
2023-01-18 08:00:00,None,274.39,0.71,0.0,80,Drizzle,5899
2023-01-18 09:00:00,None,271.06,0.0,0.0,13,Clear,7200
2023-01-18 10:00:00,None,272.57,0.0,0.0,10,Clear,4147
2023-01-18 11:00:00,None,269.43,0.0,0.13,97,Snow,3749
2023-01-18 12:00:00,None,278.87,0.0,0.0,11,Clear,3769
2023-01-18 13:00:00,None,279.29,0.0,0.0,46,Clouds,4210
2023-01-18 14:00:00,None,282.69,0.01,0.0,66,Rain,3327
2023-01-18 15:00:00,None,278.42,0.0,0.0,1,Clear,6491
2023-01-18 16:00:00,None,277.56,0.0,1.04,77,Snow,4772
2023-01-18 17:00:00,None,281.29,0.0,0.0,12,Clear,5132
2023-01-18 18:00:00,None,277.67,0.0,0.0,9,Clear,5063
2023-01-18 19:00:00,None,279.1,0.09,0.0,75,Rain,3208
2023-01-18 20:00:00,None,275.56,0.0,0.0,62,Haze,2394
2023-01-18 21:00:00,None,280.55,0.0,0.0,0,Clear,1652
2023-01-18 22:00:00,None,273.4,0.0,0.0,45,Clouds,1606
2023-01-18 23:00:00,None,271.53,0.88,0.0,97,Drizzle,735
2023-01-19 00:00:00,None,267.04,0.0,0.0,70,Fog,682
2023-01-19 01:00:00,None,273.06,0.0,0.0,56,Clouds,227
2023-01-19 02:00:00,None,266.03,0.0,0.0,5,Clear,587
2023-01-19 03:00:00,None,262.49,0.0,0.0,11,Clear,406
2023-01-19 04:00:00,None,271.19,0.0,0.0,79,Clouds,1451
2023-01-19 05:00:00,None,269.89,0.0,0.0,89,Clouds,1168
2023-01-19 06:00:00,None,266.81,0.0,0.0,13,Clear,3478
2023-01-19 07:00:00,None,270.34,1.61,0.0,62,Rain,3644
2023-01-19 08:00:00,None,272.42,0.0,0.0,78,Clouds,5229
2023-01-19 09:00:00,None,269.37,0.0,0.0,2,Clear,6409
2023-01-19 10:00:00,None,271.03,0.0,0.0,81,Haze,3538
2023-01-19 11:00:00,None,272.14,0.0,0.0,13,Clear,4311
2023-01-19 12:00:00,None,274.57,2.93,0.0,97,Rain,4153
2023-01-19 13:00:00,None,274.21,0.0,1.13,69,Snow,3792
2023-01-19 14:00:00,None,278.3,0.0,0.0,90,Fog,4006
2023-01-19 15:00:00,None,276.46,0.0,0.0,6,Clear,6097
2023-01-19 16:00:00,None,275.46,1.87,0.0,75,Thunderstorm,5237
2023-01-19 17:00:00,None,277.62,0.0,0.0,6,Clear,5034
2023-01-19 18:00:00,None,274.22,1.26,0.0,98,Rain,4922
2023-01-19 19:00:00,None,276.87,0.0,0.0,3,Clear,3385
2023-01-19 20:00:00,None,276.13,0.0,0.0,90,Clouds,2746
2023-01-19 21:00:00,None,275.83,0.15,0.0,92,Drizzle,1259
2023-01-19 22:00:00,None,276.02,0.0,0.0,3,Clear,1423
2023-01-19 23:00:00,None,281.14,0.0,0.0,78,Clouds,287
2023-01-20 00:00:00,None,264.5,0.0,0.0,99,Clouds,152
2023-01-20 01:00:00,None,263.3,1.09,0.0,95,Drizzle,983
2023-01-20 02:00:00,None,265.91,0.0,0.24,87,Snow,736
2023-01-20 03:00:00,None,273.2,0.0,0.0,65,Clouds,475
2023-01-20 04:00:00,None,267.78,0.0,0.0,94,Clouds,840
2023-01-20 05:00:00,None,273.08,1.08,0.0,81,Drizzle,712
2023-01-20 06:00:00,None,267.03,0.0,0.0,41,Clouds,3432
2023-01-20 07:00:00,None,262.84,1.02,0.0,73,Drizzle,4950
2023-01-20 08:00:00,None,275.03,0.0,0.0,67,Clouds,5511
2023-01-20 09:00:00,None,271.64,0.0,0.0,11,Clear,6883
2023-01-20 10:00:00,None,273.92,0.56,0.0,68,Rain,3457
2023-01-20 11:00:00,None,277.69,4.72,0.0,76,Rain,3456
2023-01-20 12:00:00,None,274.97,0.0,0.0,1,Clear,4551
2023-01-20 13:00:00,None,275.69,0.0,0.0,79,Clouds,4867
2023-01-20 14:00:00,None,278.38,0.0,0.0,9,Clear,3912
2023-01-20 15:00:00,None,273.38,3.56,0.0,64,Rain,5814
2023-01-20 16:00:00,None,279.8,0.87,0.0,88,Drizzle,5432
2023-01-20 17:00:00,None,280.74,0.0,0.0,70,Mist,5985
2023-01-20 18:00:00,None,275.58,0.0,0.0,49,Clouds,4675
2023-01-20 19:00:00,None,277.02,0.0,1.03,75,Snow,3402
2023-01-20 20:00:00,None,276.53,0.0,0.0,0,Clear,2897
2023-01-20 21:00:00,None,272.97,0.0,0.0,10,Clear,2159
2023-01-20 22:00:00,None,273.36,0.0,0.0,7,Clear,1417
2023-01-20 23:00:00,None,269.94,0.71,0.0,75,Drizzle,894
2023-01-21 00:00:00,None,266.26,0.0,0.0,86,Mist,150
2023-01-21 01:00:00,None,270.1,0.0,0.0,99,Mist,186
2023-01-21 02:00:00,Memorial Day,267.14,0.0,0.0,5,Clear,150
2023-01-21 03:00:00,None,263.58,1.3,0.0,62,Rain,659
2023-01-21 04:00:00,None,267.58,0.0,0.0,44,Clouds,569
2023-01-21 05:00:00,None,269.3,0.0,0.0,77,Clouds,573
2023-01-21 06:00:00,None,271.03,0.98,0.0,97,Thunderstorm,2434
2023-01-21 07:00:00,Labor Day,266.67,0.0,0.0,64,Haze,1392
2023-01-21 08:00:00,None,269.93,0.0,0.0,5,Clear,4486
2023-01-21 09:00:00,None,275.38,0.0,0.0,81,Clouds,5093
2023-01-21 10:00:00,None,274.09,1.53,0.0,63,Rain,2422
2023-01-21 11:00:00,Thanksgiving Day,278.67,0.0,0.0,80,Clouds,518
2023-01-21 12:00:00,None,283.15,0.0,0.0,14,Clear,2365
2023-01-21 13:00:00,None,275.97,0.0,0.0,63,Clouds,2528
2023-01-21 14:00:00,None,280.25,0.6,0.0,86,Rain,3135
2023-01-21 15:00:00,None,278.83,0.0,0.0,77,Fog,3224
2023-01-21 16:00:00,None,283.23,0.0,0.0,54,Clouds,4357
2023-01-21 17:00:00,None,278.36,0.03,0.0,69,Rain,3010
2023-01-21 18:00:00,None,275.95,0.0,0.0,52,Clouds,3403
2023-01-21 19:00:00,None,271.22,0.0,0.0,75,Mist,1647
2023-01-21 20:00:00,None,270.24,0.0,0.0,84,Clouds,1937
2023-01-21 21:00:00,None,276.08,0.0,0.0,52,Clouds,942
2023-01-21 22:00:00,None,269.5,0.0,0.0,86,Mist,281
2023-01-21 23:00:00,None,273.65,0.0,0.0,90,Clouds,404
2023-01-22 00:00:00,None,271.23,0.0,0.0,12,Clear,208
2023-01-22 01:00:00,None,264.95,0.0,0.0,64,Clouds,584
2023-01-22 02:00:00,None,266.84,0.0,0.0,55,Clouds,693
2023-01-22 03:00:00,None,272.61,0.0,2.06,88,Snow,497
2023-01-22 04:00:00,None,267.33,0.0,0.0,3,Clear,403
2023-01-22 05:00:00,None,271.39,0.0,0.0,13,Clear,317
2023-01-22 06:00:00,None,266.18,0.0,0.0,96,Clouds,1898
2023-01-22 07:00:00,None,273.84,0.0,0.0,51,Clouds,2246
2023-01-22 08:00:00,None,272.38,1.45,0.0,84,Rain,3627
2023-01-22 09:00:00,None,274.82,0.0,0.0,1,Clear,4274
2023-01-22 10:00:00,Veterans Day,278.83,0.0,0.0,8,Clear,1292
2023-01-22 11:00:00,None,277.37,0.0,0.0,9,Clear,2885
2023-01-22 12:00:00,None,274.68,0.0,0.0,3,Clear,2140
2023-01-22 13:00:00,None,278.83,0.0,0.0,76,Haze,3446
2023-01-22 14:00:00,None,275.44,0.57,0.0,73,Rain,3051
2023-01-22 15:00:00,None,278.02,0.0,0.87,99,Snow,3831
2023-01-22 16:00:00,None,280.23,7.56,0.0,91,Rain,3803
2023-01-22 17:00:00,None,274.76,0.0,0.0,68,Mist,4477
2023-01-22 18:00:00,None,279.43,1.56,0.0,94,Rain,3664
2023-01-22 19:00:00,None,276.45,0.0,0.0,89,Clouds,1670
2023-01-22 20:00:00,None,272.04,0.0,0.0,12,Clear,1901
2023-01-22 21:00:00,None,269.14,4.71,0.0,81,Rain,1048
2023-01-22 22:00:00,None,275.46,0.0,0.0,99,Clouds,659
2023-01-22 23:00:00,None,268.4,2.34,0.0,88,Rain,391
2023-01-23 00:00:00,None,272.31,0.02,0.0,68,Rain,728
2023-01-23 01:00:00,None,268.22,0.95,0.0,81,Drizzle,417
2023-01-23 02:00:00,None,269.69,3.48,0.0,92,Rain,1017
2023-01-23 03:00:00,None,269.38,0.0,0.0,84,Clouds,358
2023-01-23 04:00:00,None,268.77,5.97,0.0,90,Rain,691
2023-01-23 05:00:00,None,271.17,0.0,0.0,77,Clouds,1008
2023-01-23 06:00:00,None,275.04,0.0,0.0,3,Clear,3281
2023-01-23 07:00:00,None,273.75,0.0,0.0,88,Mist,4893
2023-01-23 08:00:00,None,272.52,0.0,0.0,12,Clear,5477
2023-01-23 09:00:00,None,277.8,0.0,0.0,78,Clouds,6291
2023-01-23 10:00:00,None,270.92,0.0,0.0,10,Clear,4266
2023-01-23 11:00:00,None,277.49,0.0,0.0,98,Clouds,4323
2023-01-23 12:00:00,None,274.76,0.0,0.0,6,Clear,4492
2023-01-23 13:00:00,None,276.48,0.0,0.0,42,Clouds,4661
2023-01-23 14:00:00,None,273.91,0.0,0.0,84,Clouds,4141
2023-01-23 15:00:00,None,279.16,0.0,0.0,8,Clear,6577
2023-01-23 16:00:00,None,285.33,0.0,0.0,4,Clear,5346
2023-01-23 17:00:00,None,278.48,0.0,0.0,9,Clear,5997
2023-01-23 18:00:00,Labor Day,277.4,0.0,0.0,1,Clear,2539
2023-01-23 19:00:00,None,281.69,0.0,0.0,83,Mist,3558
2023-01-23 20:00:00,None,279.75,0.0,0.0,3,Clear,2427
2023-01-23 21:00:00,None,274.25,0.0,0.0,14,Clear,1264
2023-01-23 22:00:00,None,275.21,2.25,0.0,62,Rain,1508
2023-01-23 23:00:00,None,274.22,0.0,0.0,14,Clear,1209
2023-01-24 00:00:00,None,275.5,2.61,0.0,71,Rain,283
2023-01-24 01:00:00,None,272.51,0.0,0.0,10,Clear,1009
2023-01-24 02:00:00,None,271.18,0.0,0.0,0,Clear,705
2023-01-24 03:00:00,None,272.81,0.98,0.0,98,Drizzle,958
2023-01-24 04:00:00,None,260.73,0.0,0.0,8,Clear,676
2023-01-24 05:00:00,None,269.27,0.0,0.0,61,Clouds,1167
2023-01-24 06:00:00,None,269.39,0.0,0.0,9,Clear,3256
2023-01-24 07:00:00,None,273.15,0.0,0.0,98,Clouds,5414
2023-01-24 08:00:00,None,269.17,1.2,0.0,61,Drizzle,6081
2023-01-24 09:00:00,None,278.03,0.0,2.24,65,Snow,6634
2023-01-24 10:00:00,None,273.83,0.0,0.0,3,Clear,4300
2023-01-24 11:00:00,None,274.18,0.0,0.0,2,Clear,4337
2023-01-24 12:00:00,None,275.45,0.0,0.0,53,Clouds,4197
2023-01-24 13:00:00,None,275.17,0.0,0.0,43,Clouds,3446
2023-01-24 14:00:00,None,278.58,0.0,0.0,14,Clear,4275
2023-01-24 15:00:00,None,272.4,0.0,0.0,88,Clouds,6099
2023-01-24 16:00:00,None,275.86,0.0,0.0,0,Clear,6097
2023-01-24 17:00:00,None,278.42,0.0,0.0,10,Clear,5066
2023-01-24 18:00:00,None,281.9,0.0,0.0,80,Clouds,4785
2023-01-24 19:00:00,None,280.2,0.0,0.02,80,Snow,2941
2023-01-24 20:00:00,None,276.68,2.68,0.0,64,Rain,3128
2023-01-24 21:00:00,None,274.27,0.0,0.0,70,Clouds,1751
2023-01-24 22:00:00,None,277.04,0.0,0.0,92,Clouds,1425
2023-01-24 23:00:00,None,268.02,0.0,0.0,12,Clear,1136
2023-01-25 00:00:00,None,269.52,0.0,0.0,94,Clouds,710
2023-01-25 01:00:00,None,273.5,0.0,0.0,11,Clear,1132
2023-01-25 02:00:00,None,272.04,0.0,0.0,60,Clouds,233
2023-01-25 03:00:00,None,275.59,0.0,0.0,85,Clouds,1453
2023-01-25 04:00:00,None,266.58,0.0,0.0,3,Clear,825
2023-01-25 05:00:00,None,264.67,0.0,0.0,3,Clear,987
2023-01-25 06:00:00,None,270.04,0.0,0.0,91,Fog,3340
2023-01-25 07:00:00,None,275.42,0.0,0.0,7,Clear,4536
2023-01-25 08:00:00,None,272.94,0.0,0.0,10,Clear,5896
2023-01-25 09:00:00,None,273.57,0.0,0.0,94,Clouds,6055
2023-01-25 10:00:00,None,275.36,0.0,0.0,12,Clear,4129
2023-01-25 11:00:00,None,270.99,0.0,0.0,10,Clear,3765
2023-01-25 12:00:00,None,279.33,0.0,0.0,0,Clear,4958
2023-01-25 13:00:00,None,275.29,0.0,0.0,73,Clouds,4471
2023-01-25 14:00:00,None,273.68,1.41,0.0,63,Rain,3414
2023-01-25 15:00:00,None,275.16,0.0,0.0,0,Clear,5935
2023-01-25 16:00:00,None,274.69,0.0,0.0,9,Clear,5783
2023-01-25 17:00:00,None,274.81,0.0,0.0,14,Clear,5541
2023-01-25 18:00:00,None,270.5,0.0,0.0,87,Clouds,4953
2023-01-25 19:00:00,None,275.32,0.0,0.0,5,Clear,2920
2023-01-25 20:00:00,None,276.37,0.0,0.0,1,Clear,2533
2023-01-25 21:00:00,None,269.86,0.0,0.89,80,Snow,1864
2023-01-25 22:00:00,None,278.08,3.5,0.0,83,Rain,1185
2023-01-25 23:00:00,None,272.35,0.0,0.0,0,Clear,1044
2023-01-26 00:00:00,None,266.77,0.0,0.0,93,Clouds,911
2023-01-26 01:00:00,None,268.01,0.79,0.0,67,Rain,602
2023-01-26 02:00:00,None,265.81,0.23,0.0,89,Drizzle,150
2023-01-26 03:00:00,None,267.96,0.0,0.0,8,Clear,150
2023-01-26 04:00:00,None,271.05,0.0,0.0,10,Clear,817
2023-01-26 05:00:00,None,274.55,0.0,0.0,75,Mist,1183
2023-01-26 06:00:00,None,269.25,0.0,0.0,67,Clouds,3387
2023-01-26 07:00:00,None,266.38,0.0,0.0,91,Mist,4913
2023-01-26 08:00:00,None,273.13,0.0,0.0,2,Clear,6606
2023-01-26 09:00:00,None,268.45,0.0,0.0,87,Clouds,6834
2023-01-26 10:00:00,None,268.72,0.0,0.0,0,Clear,4085
2023-01-26 11:00:00,None,272.42,5.7,0.0,89,Rain,3669
2023-01-26 12:00:00,None,272.82,0.46,0.0,68,Drizzle,3967
2023-01-26 13:00:00,None,279.57,0.0,0.0,50,Clouds,3787
2023-01-26 14:00:00,None,276.75,0.0,0.0,58,Clouds,4877
2023-01-26 15:00:00,New Years Day,278.72,0.0,0.0,41,Clouds,2724
2023-01-26 16:00:00,None,280.27,0.0,0.0,59,Clouds,5113
2023-01-26 17:00:00,None,277.08,0.0,0.0,9,Clear,5142
2023-01-26 18:00:00,None,279.78,0.0,0.0,10,Clear,5092
2023-01-26 19:00:00,None,276.93,0.0,0.0,3,Clear,3619
2023-01-26 20:00:00,None,271.24,0.0,0.0,79,Clouds,1974
2023-01-26 21:00:00,None,269.54,0.0,0.0,12,Clear,1861
2023-01-26 22:00:00,None,268.26,0.0,0.0,82,Mist,1297
2023-01-26 23:00:00,None,275.91,0.0,0.37,95,Snow,710
2023-01-27 00:00:00,None,270.29,0.0,0.0,64,Clouds,542
2023-01-27 01:00:00,None,274.79,0.0,0.0,83,Clouds,542
2023-01-27 02:00:00,None,269.02,0.0,0.0,90,Clouds,453
2023-01-27 03:00:00,None,270.35,0.0,0.0,12,Clear,585
2023-01-27 04:00:00,None,262.47,0.0,0.0,59,Clouds,830
2023-01-27 05:00:00,None,273.34,0.0,0.0,10,Clear,657
2023-01-27 06:00:00,None,269.23,0.77,0.0,99,Rain,3306
2023-01-27 07:00:00,None,270.12,0.0,0.0,58,Clouds,4250
2023-01-27 08:00:00,None,267.98,0.0,0.0,8,Clear,5729
2023-01-27 09:00:00,None,273.71,0.0,0.0,87,Clouds,6719
2023-01-27 10:00:00,None,271.92,0.0,0.0,9,Clear,3836
2023-01-27 11:00:00,None,275.53,1.14,0.0,72,Drizzle,4498
2023-01-27 12:00:00,None,274.9,0.0,0.0,8,Clear,4291
2023-01-27 13:00:00,None,275.41,0.0,0.0,10,Clear,4864
2023-01-27 14:00:00,None,278.1,0.0,0.0,10,Clear,4026
2023-01-27 15:00:00,None,280.69,0.0,0.0,6,Clear,5720
2023-01-27 16:00:00,None,275.88,0.0,0.0,1,Clear,5015
2023-01-27 17:00:00,None,271.52,0.0,0.0,63,Mist,5085
2023-01-27 18:00:00,None,279.21,3.25,0.0,79,Rain,4763
2023-01-27 19:00:00,None,276.41,0.94,0.0,66,Drizzle,2784
2023-01-27 20:00:00,None,272.03,0.0,0.0,80,Clouds,2129
2023-01-27 21:00:00,None,272.86,0.54,0.0,85,Rain,1734
2023-01-27 22:00:00,None,268.85,0.0,0.0,54,Clouds,1136
2023-01-27 23:00:00,None,272.2,0.54,0.0,66,Drizzle,1140
2023-01-28 00:00:00,None,273.82,0.0,0.0,1,Clear,150
2023-01-28 01:00:00,None,265.72,0.0,0.0,5,Clear,239
2023-01-28 02:00:00,None,267.09,0.0,0.0,77,Clouds,771
2023-01-28 03:00:00,None,272.77,0.0,0.0,78,Clouds,1038
2023-01-28 04:00:00,None,271.1,0.0,0.0,86,Clouds,905
2023-01-28 05:00:00,None,268.23,0.0,0.0,51,Clouds,150
2023-01-28 06:00:00,None,267.3,0.0,0.0,64,Mist,2959
2023-01-28 07:00:00,None,273.35,0.0,0.0,10,Clear,3238
2023-01-28 08:00:00,None,274.06,0.0,0.0,56,Clouds,4275
2023-01-28 09:00:00,None,270.0,0.0,0.0,84,Clouds,4683
2023-01-28 10:00:00,None,275.3,0.15,0.0,89,Drizzle,2187
2023-01-28 11:00:00,None,275.02,0.0,0.0,40,Clouds,3009
2023-01-28 12:00:00,None,281.27,0.0,0.0,83,Clouds,2644
2023-01-28 13:00:00,None,281.25,0.0,0.0,49,Clouds,2708
2023-01-28 14:00:00,None,278.57,0.0,0.0,13,Clear,2354
2023-01-28 15:00:00,None,275.16,0.0,0.0,81,Clouds,4537
2023-01-28 16:00:00,None,281.53,0.0,0.53,60,Snow,3682
2023-01-28 17:00:00,None,281.04,0.0,0.0,40,Clouds,4343
2023-01-28 18:00:00,None,278.68,0.0,0.0,2,Clear,4165
2023-01-28 19:00:00,None,276.34,0.0,0.0,6,Clear,2209
2023-01-28 20:00:00,None,276.35,0.0,0.0,4,Clear,1850
2023-01-28 21:00:00,None,273.22,0.0,0.0,98,Mist,1284
2023-01-28 22:00:00,None,275.85,0.0,0.0,9,Clear,1113
2023-01-28 23:00:00,None,269.66,0.0,0.0,1,Clear,319
2023-01-29 00:00:00,None,269.42,0.0,0.0,0,Clear,150
2023-01-29 01:00:00,None,267.13,0.0,0.0,6,Clear,840
2023-01-29 02:00:00,None,273.29,0.0,0.0,11,Clear,622
2023-01-29 03:00:00,None,271.45,5.16,0.0,79,Rain,681
2023-01-29 04:00:00,None,270.36,0.92,0.0,79,Rain,1014
2023-01-29 05:00:00,None,267.93,0.0,0.17,79,Snow,516
2023-01-29 06:00:00,None,271.63,1.17,0.0,78,Drizzle,3111
2023-01-29 07:00:00,None,271.79,0.0,0.0,56,Clouds,3278
2023-01-29 08:00:00,None,268.96,0.0,0.0,81,Haze,3930
2023-01-29 09:00:00,None,271.05,0.0,1.13,89,Snow,4455
2023-01-29 10:00:00,None,272.9,0.0,1.48,97,Snow,2627
2023-01-29 11:00:00,None,278.1,0.96,0.0,83,Rain,1610
2023-01-29 12:00:00,None,274.27,0.0,0.0,0,Clear,2745
2023-01-29 13:00:00,None,277.07,0.0,0.0,60,Haze,3016
2023-01-29 14:00:00,None,271.19,0.0,0.0,64,Clouds,2556
2023-01-29 15:00:00,None,276.59,0.0,0.0,7,Clear,3760
2023-01-29 16:00:00,None,275.46,0.0,0.0,42,Clouds,3912
2023-01-29 17:00:00,None,275.17,0.0,0.0,3,Clear,3515
2023-01-29 18:00:00,None,279.33,0.0,0.0,2,Clear,3600
2023-01-29 19:00:00,None,274.68,0.0,0.0,71,Clouds,2635
2023-01-29 20:00:00,None,278.05,0.0,0.0,7,Clear,1708
2023-01-29 21:00:00,None,268.97,0.0,0.0,10,Clear,1128
2023-01-29 22:00:00,None,273.16,0.0,0.0,96,Clouds,150
2023-01-29 23:00:00,None,271.85,0.0,0.0,60,Clouds,393
2023-01-30 00:00:00,None,267.84,0.0,0.0,6,Clear,595
2023-01-30 01:00:00,None,267.17,0.0,0.0,94,Clouds,368
2023-01-30 02:00:00,None,267.44,0.0,0.0,12,Clear,150
2023-01-30 03:00:00,None,262.82,2.02,0.0,93,Rain,992
2023-01-30 04:00:00,None,269.72,0.0,0.0,97,Clouds,1251
2023-01-30 05:00:00,None,264.79,0.0,0.0,74,Clouds,1076
2023-01-30 06:00:00,None,270.05,1.85,0.0,69,Rain,3163
2023-01-30 07:00:00,None,271.94,0.0,0.0,8,Clear,4572
2023-01-30 08:00:00,None,263.07,0.0,0.0,12,Clear,6557
2023-01-30 09:00:00,None,276.32,0.56,0.0,70,Thunderstorm,7057
2023-01-30 10:00:00,None,280.76,0.0,0.0,14,Clear,4629
2023-01-30 11:00:00,None,277.79,0.0,0.0,91,Haze,4265
2023-01-30 12:00:00,None,274.53,0.0,0.0,87,Haze,3776
2023-01-30 13:00:00,None,280.39,0.0,0.0,0,Clear,3433
2023-01-30 14:00:00,None,270.06,0.0,0.0,5,Clear,3934
2023-01-30 15:00:00,None,278.48,0.95,0.0,75,Rain,5787
2023-01-30 16:00:00,None,278.39,0.0,0.0,8,Clear,5484
2023-01-30 17:00:00,None,276.51,0.0,0.0,78,Clouds,5552
2023-01-30 18:00:00,None,278.19,0.35,0.0,75,Drizzle,4940
2023-01-30 19:00:00,None,275.14,0.0,0.0,12,Clear,3213
2023-01-30 20:00:00,None,272.13,0.0,0.0,44,Clouds,3088
2023-01-30 21:00:00,None,271.5,0.0,0.0,77,Clouds,2727
2023-01-30 22:00:00,None,272.35,12.82,0.0,60,Rain,1123
2023-01-30 23:00:00,None,265.46,0.0,0.0,6,Clear,1459
2023-01-31 00:00:00,None,272.84,2.22,0.0,97,Rain,150
2023-01-31 01:00:00,None,271.05,0.0,0.0,4,Clear,150
2023-01-31 02:00:00,None,267.77,0.0,0.0,10,Clear,150
2023-01-31 03:00:00,None,266.51,0.0,0.0,7,Clear,1193
2023-01-31 04:00:00,None,262.74,0.0,0.0,62,Fog,474
2023-01-31 05:00:00,None,267.15,0.0,0.0,94,Clouds,559
2023-01-31 06:00:00,None,268.8,0.0,0.0,1,Clear,3458
2023-01-31 07:00:00,None,271.35,0.0,0.0,64,Clouds,4371
2023-01-31 08:00:00,None,267.82,0.0,0.0,47,Clouds,6278
2023-01-31 09:00:00,None,276.91,0.0,0.0,84,Clouds,7200
2023-01-31 10:00:00,None,271.61,0.0,0.0,11,Clear,4030
2023-01-31 11:00:00,None,282.02,0.0,0.0,76,Clouds,4312
2023-01-31 12:00:00,None,279.43,2.16,0.0,60,Rain,4191
2023-01-31 13:00:00,None,280.69,0.0,0.03,66,Snow,3615
2023-01-31 14:00:00,None,283.69,0.0,0.0,95,Clouds,4683
2023-01-31 15:00:00,None,280.1,0.0,0.0,3,Clear,6092
2023-01-31 16:00:00,None,272.54,0.0,0.0,61,Fog,4467
2023-01-31 17:00:00,None,273.43,0.0,0.0,85,Haze,4904
2023-01-31 18:00:00,None,279.28,0.0,0.0,2,Clear,5188
2023-01-31 19:00:00,None,276.8,2.14,0.0,68,Rain,2720
2023-01-31 20:00:00,None,272.38,0.0,0.0,84,Clouds,1977
2023-01-31 21:00:00,None,268.52,0.0,0.0,11,Clear,1778
2023-01-31 22:00:00,None,275.88,0.0,0.0,93,Mist,1157
2023-01-31 23:00:00,None,270.28,0.0,0.0,0,Clear,960
2023-02-01 00:00:00,None,270.75,0.0,0.0,12,Clear,150
2023-02-01 01:00:00,None,273.18,0.0,0.0,90,Mist,269
2023-02-01 02:00:00,None,271.32,1.01,0.0,80,Rain,557
2023-02-01 03:00:00,None,267.02,0.0,0.0,12,Clear,670
2023-02-01 04:00:00,None,273.91,4.18,0.0,97,Rain,292
2023-02-01 05:00:00,None,273.92,0.0,0.0,55,Clouds,1205
2023-02-01 06:00:00,None,271.01,0.52,0.0,66,Drizzle,4262
2023-02-01 07:00:00,None,268.99,0.0,0.0,58,Clouds,5201
2023-02-01 08:00:00,None,275.0,0.28,0.0,93,Rain,5721
2023-02-01 09:00:00,None,272.82,0.0,0.0,58,Clouds,6948
2023-02-01 10:00:00,None,276.67,0.0,0.0,56,Clouds,4251
2023-02-01 11:00:00,None,277.84,6.06,0.0,68,Thunderstorm,3945
2023-02-01 12:00:00,None,274.59,0.0,0.0,66,Clouds,3837
2023-02-01 13:00:00,None,278.83,0.0,0.0,5,Clear,3839
2023-02-01 14:00:00,None,282.98,0.0,0.0,65,Clouds,5152
2023-02-01 15:00:00,None,277.63,0.0,0.0,0,Clear,5972
2023-02-01 16:00:00,None,282.68,1.43,0.0,96,Thunderstorm,4542
2023-02-01 17:00:00,None,277.1,0.0,0.0,64,Mist,6437
2023-02-01 18:00:00,None,281.18,3.3,0.0,95,Rain,4339
2023-02-01 19:00:00,None,274.67,0.0,0.0,60,Clouds,3136
2023-02-01 20:00:00,None,280.82,0.0,0.0,0,Clear,2882
2023-02-01 21:00:00,None,278.92,0.0,0.0,6,Clear,1843
2023-02-01 22:00:00,None,277.28,0.0,0.0,60,Mist,1409
2023-02-01 23:00:00,None,273.49,0.0,0.0,99,Clouds,792
2023-02-02 00:00:00,None,272.37,4.87,0.0,63,Thunderstorm,150
2023-02-02 01:00:00,None,266.57,0.47,0.0,93,Drizzle,239
2023-02-02 02:00:00,Columbus Day,266.31,0.0,0.0,43,Clouds,298
2023-02-02 03:00:00,None,267.46,0.0,0.0,92,Haze,150
2023-02-02 04:00:00,None,274.01,0.0,0.0,10,Clear,826
2023-02-02 05:00:00,None,274.21,1.11,0.0,88,Drizzle,480
2023-02-02 06:00:00,None,271.35,0.37,0.0,77,Rain,2700
2023-02-02 07:00:00,Memorial Day,271.63,1.18,0.0,84,Drizzle,2028
2023-02-02 08:00:00,None,269.7,0.0,0.0,49,Clouds,5085
2023-02-02 09:00:00,None,274.45,0.82,0.0,76,Drizzle,6251
2023-02-02 10:00:00,None,273.88,0.0,0.0,6,Clear,4112
2023-02-02 11:00:00,None,275.62,0.0,1.99,87,Snow,3553
2023-02-02 12:00:00,None,277.5,0.0,0.0,75,Haze,4227
2023-02-02 13:00:00,None,281.36,0.0,0.0,67,Clouds,4935
2023-02-02 14:00:00,None,280.83,0.18,0.0,73,Drizzle,4370
2023-02-02 15:00:00,None,280.72,0.86,0.0,82,Drizzle,6143
2023-02-02 16:00:00,None,280.21,0.0,0.0,95,Clouds,6094
2023-02-02 17:00:00,None,282.76,0.0,0.0,7,Clear,5234
2023-02-02 18:00:00,None,279.69,0.0,0.0,51,Clouds,4122
2023-02-02 19:00:00,None,274.33,0.0,0.0,9,Clear,3601
2023-02-02 20:00:00,None,274.28,0.0,0.0,4,Clear,2531
2023-02-02 21:00:00,None,271.98,0.0,0.0,13,Clear,1984
2023-02-02 22:00:00,None,274.82,0.0,0.0,82,Mist,1978
2023-02-02 23:00:00,None,271.25,0.0,0.0,73,Fog,553
2023-02-03 00:00:00,None,269.41,0.0,2.01,83,Snow,681
2023-02-03 01:00:00,None,266.23,6.29,0.0,76,Rain,326
2023-02-03 02:00:00,None,270.14,0.0,0.0,61,Clouds,727
2023-02-03 03:00:00,None,274.7,0.48,0.0,77,Drizzle,799
2023-02-03 04:00:00,None,273.91,0.0,1.46,89,Snow,492
2023-02-03 05:00:00,None,269.83,0.0,0.0,6,Clear,1282
2023-02-03 06:00:00,None,276.47,0.0,0.0,9,Clear,3522
2023-02-03 07:00:00,None,271.64,0.0,0.0,69,Clouds,4433
2023-02-03 08:00:00,None,271.21,0.0,0.0,81,Mist,4862
2023-02-03 09:00:00,None,278.59,0.0,0.0,65,Clouds,7200
2023-02-03 10:00:00,None,279.33,0.0,0.0,49,Clouds,4659
2023-02-03 11:00:00,None,283.38,0.0,0.0,76,Mist,4112
2023-02-03 12:00:00,None,276.98,0.0,0.0,64,Mist,4391
2023-02-03 13:00:00,None,274.79,0.0,0.0,8,Clear,4177
2023-02-03 14:00:00,None,281.6,0.0,0.0,6,Clear,4326
2023-02-03 15:00:00,None,279.15,0.0,0.0,4,Clear,5942
2023-02-03 16:00:00,None,281.88,0.0,0.0,86,Mist,5189
2023-02-03 17:00:00,None,282.18,0.0,0.0,1,Clear,5068
2023-02-03 18:00:00,None,276.87,0.0,0.0,7,Clear,5406
2023-02-03 19:00:00,None,279.3,5.72,0.0,83,Rain,2707
2023-02-03 20:00:00,None,277.55,0.0,0.0,4,Clear,2380
2023-02-03 21:00:00,None,270.4,0.0,0.0,10,Clear,1767
2023-02-03 22:00:00,None,276.37,0.0,0.0,7,Clear,1141
2023-02-03 23:00:00,None,274.92,0.0,0.0,1,Clear,1016
2023-02-04 00:00:00,None,267.08,4.53,0.0,94,Rain,150
2023-02-04 01:00:00,None,275.76,0.0,0.0,45,Clouds,398
2023-02-04 02:00:00,None,268.63,0.0,0.0,68,Clouds,150
2023-02-04 03:00:00,None,268.01,0.0,0.0,86,Clouds,150
2023-02-04 04:00:00,None,274.68,0.0,0.0,65,Clouds,590
2023-02-04 05:00:00,None,270.59,0.39,0.0,76,Drizzle,407
2023-02-04 06:00:00,None,270.46,0.0,0.0,61,Clouds,2688
2023-02-04 07:00:00,None,271.15,5.07,0.0,82,Thunderstorm,2316
2023-02-04 08:00:00,None,277.46,0.86,0.0,68,Rain,3636
2023-02-04 09:00:00,None,274.64,0.0,0.0,2,Clear,3864
2023-02-04 10:00:00,None,275.91,0.0,0.0,7,Clear,2819
2023-02-04 11:00:00,None,278.38,0.0,0.0,91,Clouds,2702
2023-02-04 12:00:00,None,279.07,0.0,0.0,8,Clear,2967
2023-02-04 13:00:00,None,280.48,0.0,0.0,84,Mist,3378
2023-02-04 14:00:00,None,282.28,0.0,0.0,2,Clear,3189
2023-02-04 15:00:00,None,281.1,1.5,0.0,70,Thunderstorm,3685
2023-02-04 16:00:00,None,279.12,1.39,0.0,82,Rain,3454
2023-02-04 17:00:00,None,279.73,0.0,0.0,8,Clear,3679
2023-02-04 18:00:00,None,278.0,0.0,0.0,88,Clouds,2349
2023-02-04 19:00:00,None,273.91,0.0,0.0,95,Clouds,2383
2023-02-04 20:00:00,None,278.4,0.0,0.0,5,Clear,2079
2023-02-04 21:00:00,None,274.76,0.0,0.0,54,Clouds,1069
2023-02-04 22:00:00,None,273.26,0.0,0.37,73,Snow,797
2023-02-04 23:00:00,None,269.32,0.0,0.0,4,Clear,643
2023-02-05 00:00:00,None,270.9,0.0,0.0,5,Clear,150
2023-02-05 01:00:00,None,271.5,0.0,0.0,40,Clouds,887
2023-02-05 02:00:00,None,275.42,0.0,0.0,70,Clouds,297
2023-02-05 03:00:00,None,271.03,0.0,0.0,85,Clouds,150
2023-02-05 04:00:00,None,273.0,2.18,0.0,91,Rain,664
2023-02-05 05:00:00,None,270.38,0.0,0.0,85,Clouds,865
2023-02-05 06:00:00,None,271.44,0.0,0.0,8,Clear,2736
2023-02-05 07:00:00,None,274.24,0.0,0.0,43,Clouds,2608
2023-02-05 08:00:00,None,273.06,0.0,0.0,72,Mist,3197
2023-02-05 09:00:00,None,278.12,0.0,0.0,53,Clouds,4234
2023-02-05 10:00:00,None,275.93,0.0,0.0,79,Haze,3043
2023-02-05 11:00:00,None,275.34,1.84,0.0,64,Rain,2212
2023-02-05 12:00:00,None,277.26,0.0,0.0,76,Clouds,3005
2023-02-05 13:00:00,None,280.68,0.0,0.0,72,Clouds,2714
2023-02-05 14:00:00,None,283.28,0.0,0.0,98,Fog,2016
2023-02-05 15:00:00,None,279.22,0.0,0.0,59,Clouds,3813
2023-02-05 16:00:00,None,282.05,0.53,0.0,77,Drizzle,4044
2023-02-05 17:00:00,None,284.96,0.0,0.0,3,Clear,3310
2023-02-05 18:00:00,None,280.46,0.0,0.0,74,Clouds,3184
2023-02-05 19:00:00,None,283.44,0.6,0.0,94,Rain,2119
2023-02-05 20:00:00,None,269.28,0.0,0.0,14,Clear,1981
2023-02-05 21:00:00,None,273.61,0.0,0.0,1,Clear,1205
2023-02-05 22:00:00,None,277.73,0.0,0.0,5,Clear,830
2023-02-05 23:00:00,None,273.19,1.03,0.0,88,Rain,150
2023-02-06 00:00:00,None,266.47,0.0,0.0,9,Clear,311
2023-02-06 01:00:00,None,272.31,0.0,0.0,91,Clouds,399
2023-02-06 02:00:00,None,273.5,0.0,0.0,83,Clouds,609
2023-02-06 03:00:00,None,269.88,0.0,0.0,13,Clear,349
2023-02-06 04:00:00,None,268.08,0.0,0.0,98,Mist,343
2023-02-06 05:00:00,None,271.7,0.8,0.0,89,Rain,150
2023-02-06 06:00:00,None,271.23,0.0,0.0,4,Clear,3255
2023-02-06 07:00:00,None,272.91,1.85,0.0,85,Rain,4709
2023-02-06 08:00:00,None,277.34,0.0,0.0,45,Clouds,5958
2023-02-06 09:00:00,Veterans Day,279.69,0.0,0.0,12,Clear,3216
2023-02-06 10:00:00,None,271.29,0.0,1.7,64,Snow,3529
2023-02-06 11:00:00,None,281.28,0.0,0.0,47,Clouds,3495
2023-02-06 12:00:00,None,281.42,0.02,0.0,80,Rain,3551
2023-02-06 13:00:00,None,277.6,0.0,0.0,4,Clear,4534
2023-02-06 14:00:00,None,277.42,0.03,0.0,85,Rain,3916
2023-02-06 15:00:00,None,280.62,0.0,0.0,6,Clear,5929
2023-02-06 16:00:00,None,277.7,0.42,0.0,77,Drizzle,6389
2023-02-06 17:00:00,None,279.97,0.0,0.0,67,Clouds,4633
2023-02-06 18:00:00,None,273.71,0.0,0.0,60,Clouds,5198
2023-02-06 19:00:00,None,278.21,1.47,0.0,61,Rain,2560
2023-02-06 20:00:00,None,277.67,0.0,0.0,9,Clear,2532
2023-02-06 21:00:00,None,280.99,0.0,0.0,6,Clear,1322
2023-02-06 22:00:00,None,276.64,0.0,0.0,13,Clear,875
2023-02-06 23:00:00,None,271.06,0.0,0.0,85,Clouds,775
2023-02-07 00:00:00,None,269.79,0.19,0.0,94,Drizzle,564
2023-02-07 01:00:00,None,267.7,0.0,0.0,99,Clouds,150
2023-02-07 02:00:00,None,270.9,0.0,0.0,71,Clouds,227
2023-02-07 03:00:00,None,271.41,0.0,0.0,47,Clouds,577
2023-02-07 04:00:00,None,266.19,0.0,0.0,53,Clouds,1154
2023-02-07 05:00:00,None,274.34,0.0,0.91,80,Snow,647
2023-02-07 06:00:00,None,270.91,0.0,0.0,87,Clouds,2893
2023-02-07 07:00:00,None,274.95,0.0,0.0,99,Haze,4668
2023-02-07 08:00:00,None,276.12,0.0,0.0,72,Clouds,6036
2023-02-07 09:00:00,None,274.78,0.0,0.0,5,Clear,7105
2023-02-07 10:00:00,None,280.06,0.0,0.0,78,Mist,4149
2023-02-07 11:00:00,None,273.49,0.0,0.0,43,Clouds,4852
2023-02-07 12:00:00,None,281.81,3.01,0.0,72,Rain,3781
2023-02-07 13:00:00,None,280.54,0.0,0.0,8,Clear,3550
2023-02-07 14:00:00,None,274.65,0.0,0.0,10,Clear,3696
2023-02-07 15:00:00,None,276.93,0.0,0.65,77,Snow,5265
2023-02-07 16:00:00,None,281.64,0.0,0.0,12,Clear,5568
2023-02-07 17:00:00,None,287.03,3.5,0.0,89,Rain,4972
2023-02-07 18:00:00,None,280.42,0.0,0.0,1,Clear,5068
2023-02-07 19:00:00,None,281.46,0.0,0.0,5,Clear,3301
2023-02-07 20:00:00,None,278.69,0.0,0.0,84,Clouds,3089
2023-02-07 21:00:00,None,273.42,0.0,0.0,1,Clear,1595
2023-02-07 22:00:00,None,270.43,0.0,0.0,12,Clear,1563
2023-02-07 23:00:00,None,276.54,4.5,0.0,62,Rain,942
2023-02-08 00:00:00,None,270.24,0.0,0.0,58,Clouds,564
2023-02-08 01:00:00,None,271.07,0.0,0.0,10,Clear,258
2023-02-08 02:00:00,None,270.23,0.0,0.0,68,Fog,150
2023-02-08 03:00:00,None,270.17,0.0,0.0,65,Fog,1148
2023-02-08 04:00:00,None,268.56,2.25,0.0,90,Rain,572
2023-02-08 05:00:00,None,264.32,0.0,0.0,71,Haze,482
2023-02-08 06:00:00,None,274.23,0.0,0.0,13,Clear,2621
2023-02-08 07:00:00,None,274.13,0.0,0.0,8,Clear,4073
2023-02-08 08:00:00,None,270.3,0.0,0.0,4,Clear,6179
2023-02-08 09:00:00,None,276.76,0.0,0.0,46,Clouds,7200
2023-02-08 10:00:00,None,273.02,0.0,0.0,2,Clear,4280
2023-02-08 11:00:00,None,273.84,0.0,0.0,0,Clear,4137
2023-02-08 12:00:00,None,278.54,0.0,0.0,82,Mist,3679
2023-02-08 13:00:00,None,276.34,0.0,0.0,7,Clear,3714
2023-02-08 14:00:00,None,277.28,0.0,0.0,92,Mist,3929
2023-02-08 15:00:00,None,274.99,0.0,0.0,11,Clear,5128
2023-02-08 16:00:00,None,281.9,0.0,0.0,92,Clouds,5404
2023-02-08 17:00:00,None,283.67,0.0,0.0,10,Clear,5349
2023-02-08 18:00:00,None,277.53,0.0,0.0,13,Clear,3926
2023-02-08 19:00:00,None,282.55,0.0,0.0,0,Clear,2637
2023-02-08 20:00:00,None,278.83,0.59,0.0,70,Thunderstorm,2088
2023-02-08 21:00:00,None,279.52,0.0,0.0,14,Clear,2004
2023-02-08 22:00:00,None,272.35,0.0,0.0,4,Clear,1102
2023-02-08 23:00:00,None,270.41,0.0,0.0,14,Clear,722
2023-02-09 00:00:00,None,268.06,0.0,0.0,92,Haze,195
2023-02-09 01:00:00,None,271.46,0.0,0.0,79,Fog,150
2023-02-09 02:00:00,None,275.66,0.48,0.0,74,Rain,346
2023-02-09 03:00:00,None,269.57,0.0,0.0,99,Clouds,446
2023-02-09 04:00:00,None,269.5,2.26,0.0,95,Rain,1185
2023-02-09 05:00:00,None,275.73,0.0,0.0,48,Clouds,1359
2023-02-09 06:00:00,None,269.42,0.96,0.0,80,Rain,3160
2023-02-09 07:00:00,None,274.5,0.0,0.0,60,Clouds,4478
2023-02-09 08:00:00,None,270.35,0.0,0.0,40,Clouds,6461
2023-02-09 09:00:00,None,271.69,0.0,0.0,6,Clear,6825
2023-02-09 10:00:00,None,271.82,0.0,0.0,86,Mist,4401
2023-02-09 11:00:00,None,276.8,0.0,0.0,88,Fog,3974
2023-02-09 12:00:00,None,277.5,0.0,0.0,96,Mist,3658
2023-02-09 13:00:00,None,278.79,0.0,0.0,6,Clear,4908
2023-02-09 14:00:00,None,281.09,0.0,0.0,77,Clouds,4030
2023-02-09 15:00:00,None,276.65,0.0,0.0,78,Fog,5311
2023-02-09 16:00:00,None,278.29,0.0,0.0,95,Clouds,5185
2023-02-09 17:00:00,None,278.61,0.0,0.0,12,Clear,5330
2023-02-09 18:00:00,None,275.92,0.0,0.29,85,Snow,4603
2023-02-09 19:00:00,None,279.06,0.0,0.0,6,Clear,3192
2023-02-09 20:00:00,None,275.11,0.0,0.0,53,Clouds,2603
2023-02-09 21:00:00,None,276.35,0.0,0.0,3,Clear,2355
2023-02-09 22:00:00,None,271.47,0.89,0.0,70,Rain,1221
2023-02-09 23:00:00,None,271.84,0.0,0.0,86,Haze,1172
2023-02-10 00:00:00,None,273.99,0.0,0.0,48,Clouds,392
2023-02-10 01:00:00,None,270.6,0.0,0.0,42,Clouds,445
2023-02-10 02:00:00,None,273.96,0.0,0.0,3,Clear,925
2023-02-10 03:00:00,None,270.82,0.0,0.24,97,Snow,150
2023-02-10 04:00:00,None,264.4,0.0,0.48,75,Snow,1065
2023-02-10 05:00:00,None,271.53,0.0,0.0,10,Clear,2029
2023-02-10 06:00:00,Veterans Day,274.65,0.0,0.0,8,Clear,1822
2023-02-10 07:00:00,None,274.26,0.0,0.0,11,Clear,4780
2023-02-10 08:00:00,None,275.09,0.0,0.0,13,Clear,5558
2023-02-10 09:00:00,None,275.86,2.2,0.0,70,Rain,6140
2023-02-10 10:00:00,None,267.15,0.36,0.0,81,Rain,4093
2023-02-10 11:00:00,None,275.01,0.0,0.0,14,Clear,3690
2023-02-10 12:00:00,None,280.45,0.0,0.0,10,Clear,4053
2023-02-10 13:00:00,None,277.72,0.0,0.0,4,Clear,4229
2023-02-10 14:00:00,None,277.01,0.0,0.0,49,Clouds,4427
2023-02-10 15:00:00,None,280.21,1.13,0.0,80,Drizzle,5543
2023-02-10 16:00:00,None,283.22,0.0,0.0,68,Clouds,5847
2023-02-10 17:00:00,None,279.73,0.0,0.0,96,Clouds,4685
2023-02-10 18:00:00,None,279.31,0.0,0.0,73,Clouds,4981
2023-02-10 19:00:00,None,278.32,0.0,0.0,6,Clear,3091
2023-02-10 20:00:00,None,278.66,0.0,0.0,1,Clear,2729
2023-02-10 21:00:00,None,271.57,0.0,0.0,2,Clear,2421
2023-02-10 22:00:00,None,276.72,0.0,0.0,9,Clear,1076
2023-02-10 23:00:00,None,267.14,7.27,0.0,96,Rain,719
2023-02-11 00:00:00,None,275.6,0.51,0.0,92,Rain,150
2023-02-11 01:00:00,None,270.74,0.0,0.0,2,Clear,150
2023-02-11 02:00:00,None,267.69,0.0,0.0,1,Clear,591
2023-02-11 03:00:00,None,272.77,0.0,0.0,1,Clear,167
2023-02-11 04:00:00,None,270.67,0.0,0.0,83,Clouds,745
2023-02-11 05:00:00,None,268.33,1.94,0.0,63,Rain,150
2023-02-11 06:00:00,None,275.82,0.0,0.0,12,Clear,2854
2023-02-11 07:00:00,None,273.62,0.0,0.0,0,Clear,3105
2023-02-11 08:00:00,None,275.42,0.0,0.0,10,Clear,3729
2023-02-11 09:00:00,None,277.11,2.74,0.0,79,Thunderstorm,3968
2023-02-11 10:00:00,Independence Day,272.36,0.0,0.0,64,Clouds,1069
2023-02-11 11:00:00,None,276.06,0.66,0.0,81,Drizzle,2760
2023-02-11 12:00:00,None,276.87,0.0,0.0,52,Clouds,2555
2023-02-11 13:00:00,None,277.45,0.0,0.0,2,Clear,3131
2023-02-11 14:00:00,None,277.43,0.0,0.0,12,Clear,3001
2023-02-11 15:00:00,None,277.84,0.0,0.0,86,Fog,4134
2023-02-11 16:00:00,None,277.52,0.0,0.0,43,Clouds,3336
2023-02-11 17:00:00,None,274.42,4.06,0.0,66,Rain,2534
2023-02-11 18:00:00,None,279.84,0.53,0.0,74,Rain,3129
2023-02-11 19:00:00,None,277.81,0.0,0.0,40,Clouds,1464
2023-02-11 20:00:00,None,279.64,0.0,0.0,79,Clouds,1680
2023-02-11 21:00:00,None,271.81,0.0,0.0,10,Clear,1335
2023-02-11 22:00:00,None,270.45,3.18,0.0,63,Rain,1172
2023-02-11 23:00:00,None,269.73,0.0,0.0,5,Clear,150
2023-02-12 00:00:00,None,274.53,0.0,0.0,1,Clear,444
2023-02-12 01:00:00,None,270.33,0.0,0.0,62,Fog,150
2023-02-12 02:00:00,None,273.28,0.0,0.0,13,Clear,150
2023-02-12 03:00:00,None,271.89,0.0,0.0,90,Clouds,811
2023-02-12 04:00:00,None,274.92,0.58,0.0,82,Rain,600
2023-02-12 05:00:00,None,268.27,0.0,0.0,11,Clear,651
2023-02-12 06:00:00,None,274.03,0.0,0.0,74,Mist,2521
2023-02-12 07:00:00,None,275.76,0.0,0.0,69,Clouds,2751
2023-02-12 08:00:00,None,267.65,0.0,0.0,7,Clear,3576
2023-02-12 09:00:00,None,281.29,0.0,0.0,4,Clear,4591
2023-02-12 10:00:00,None,282.03,0.0,0.0,9,Clear,2827
2023-02-12 11:00:00,None,275.65,0.0,0.0,14,Clear,2711
2023-02-12 12:00:00,None,279.63,0.0,0.0,54,Clouds,3511
2023-02-12 13:00:00,None,274.1,0.0,0.0,9,Clear,2780
2023-02-12 14:00:00,None,277.79,0.0,0.0,14,Clear,2755
2023-02-12 15:00:00,None,280.19,0.0,0.0,8,Clear,4033
2023-02-12 16:00:00,None,276.95,1.1,0.0,81,Drizzle,3375
2023-02-12 17:00:00,None,281.05,0.0,0.0,43,Clouds,3981
2023-02-12 18:00:00,None,279.98,0.0,0.0,71,Clouds,2453
2023-02-12 19:00:00,None,279.81,0.0,0.0,3,Clear,3204
2023-02-12 20:00:00,None,277.22,0.0,0.0,12,Clear,1576
2023-02-12 21:00:00,None,279.68,11.68,0.0,71,Rain,1209
2023-02-12 22:00:00,None,276.31,0.0,0.0,72,Clouds,924
2023-02-12 23:00:00,None,271.68,0.0,0.0,7,Clear,683
2023-02-13 00:00:00,None,269.78,0.0,0.0,1,Clear,150
2023-02-13 01:00:00,None,271.64,3.99,0.0,70,Rain,526
2023-02-13 02:00:00,None,269.15,0.0,0.0,46,Clouds,235
2023-02-13 03:00:00,None,274.07,0.0,0.0,50,Clouds,479
2023-02-13 04:00:00,None,270.14,0.0,0.0,9,Clear,194
2023-02-13 05:00:00,None,272.26,0.0,0.0,88,Mist,855
2023-02-13 06:00:00,None,273.97,0.0,0.0,2,Clear,3028
2023-02-13 07:00:00,None,270.45,0.0,0.0,90,Clouds,4844
2023-02-13 08:00:00,None,273.86,0.0,0.0,43,Clouds,5505
2023-02-13 09:00:00,None,274.81,0.0,0.0,10,Clear,6750
2023-02-13 10:00:00,None,282.14,0.0,0.0,74,Mist,4070
2023-02-13 11:00:00,None,274.99,0.0,0.0,87,Clouds,4539
2023-02-13 12:00:00,None,278.79,0.0,0.0,7,Clear,4293
2023-02-13 13:00:00,None,275.17,0.0,0.0,98,Clouds,5049
2023-02-13 14:00:00,None,279.59,0.0,0.0,82,Clouds,4376
2023-02-13 15:00:00,None,277.15,0.0,0.0,6,Clear,6602
2023-02-13 16:00:00,None,278.04,0.0,0.0,7,Clear,5523
2023-02-13 17:00:00,None,275.66,0.0,0.0,56,Clouds,5825
2023-02-13 18:00:00,None,279.87,0.0,0.0,53,Clouds,5200
2023-02-13 19:00:00,None,275.58,0.52,0.0,62,Rain,2777
2023-02-13 20:00:00,None,279.56,0.0,0.0,94,Clouds,2457
2023-02-13 21:00:00,None,277.55,0.0,0.0,78,Mist,1588
2023-02-13 22:00:00,None,275.42,0.0,0.47,79,Snow,1046
2023-02-13 23:00:00,None,273.07,0.0,0.0,6,Clear,1821
2023-02-14 00:00:00,None,279.28,0.0,0.0,11,Clear,527
2023-02-14 01:00:00,None,269.32,7.76,0.0,69,Rain,342
2023-02-14 02:00:00,None,271.26,0.0,0.0,5,Clear,150
2023-02-14 03:00:00,None,263.98,0.0,0.0,73,Clouds,1041
2023-02-14 04:00:00,Labor Day,271.66,0.0,0.0,93,Haze,150
2023-02-14 05:00:00,None,272.83,0.0,0.0,79,Clouds,832
2023-02-14 06:00:00,None,271.64,0.0,0.0,60,Clouds,3817
2023-02-14 07:00:00,None,274.33,0.0,0.0,58,Clouds,4431
2023-02-14 08:00:00,None,266.59,0.0,0.0,61,Fog,4858
2023-02-14 09:00:00,None,278.16,0.0,0.0,61,Clouds,7200
2023-02-14 10:00:00,None,271.38,1.09,0.0,91,Drizzle,3760
2023-02-14 11:00:00,None,275.87,0.0,0.0,71,Clouds,4448
2023-02-14 12:00:00,None,274.66,0.0,0.0,7,Clear,3923
2023-02-14 13:00:00,None,278.39,0.0,0.0,11,Clear,4189
2023-02-14 14:00:00,None,281.18,0.0,0.0,78,Clouds,4158
2023-02-14 15:00:00,None,275.83,0.0,0.0,80,Clouds,6196
2023-02-14 16:00:00,None,282.91,0.0,0.0,6,Clear,5922
2023-02-14 17:00:00,None,275.44,0.0,0.0,64,Clouds,5305
2023-02-14 18:00:00,None,274.11,0.0,0.0,2,Clear,4717
2023-02-14 19:00:00,None,281.06,0.0,0.0,11,Clear,3018
2023-02-14 20:00:00,None,280.34,0.0,0.0,9,Clear,2436
2023-02-14 21:00:00,None,280.98,0.0,0.0,92,Clouds,2450
2023-02-14 22:00:00,None,275.59,0.04,0.0,80,Rain,1188
2023-02-14 23:00:00,None,267.85,0.58,0.0,91,Rain,477
2023-02-15 00:00:00,None,266.73,0.0,0.0,7,Clear,150
2023-02-15 01:00:00,None,274.57,0.0,0.0,4,Clear,150
2023-02-15 02:00:00,None,273.6,0.78,0.0,69,Rain,405
2023-02-15 03:00:00,None,270.09,0.0,0.0,53,Clouds,150
2023-02-15 04:00:00,None,267.29,0.0,0.0,75,Clouds,1063
2023-02-15 05:00:00,None,271.76,0.0,0.0,8,Clear,1070
2023-02-15 06:00:00,None,271.73,0.0,0.0,78,Mist,3366
2023-02-15 07:00:00,None,272.08,0.0,0.0,8,Clear,4677
2023-02-15 08:00:00,None,273.43,0.0,0.0,11,Clear,6039
2023-02-15 09:00:00,None,274.94,2.84,0.0,62,Thunderstorm,6441
2023-02-15 10:00:00,None,274.71,0.0,0.0,75,Clouds,4485
2023-02-15 11:00:00,Columbus Day,276.4,0.0,0.0,78,Fog,1445
2023-02-15 12:00:00,None,277.16,5.9,0.0,99,Rain,3685
2023-02-15 13:00:00,None,276.78,0.0,0.0,88,Clouds,3656
2023-02-15 14:00:00,None,274.88,1.51,0.0,99,Rain,3474
2023-02-15 15:00:00,None,284.69,0.0,0.0,56,Clouds,5090
2023-02-15 16:00:00,None,273.99,0.0,0.0,1,Clear,6133
2023-02-15 17:00:00,None,274.07,0.0,0.56,63,Snow,4539
2023-02-15 18:00:00,None,284.27,0.0,0.0,8,Clear,5224
2023-02-15 19:00:00,None,276.19,0.0,0.0,4,Clear,3756
2023-02-15 20:00:00,None,276.12,0.0,0.0,3,Clear,3104
2023-02-15 21:00:00,None,276.45,0.0,0.0,71,Clouds,2258
2023-02-15 22:00:00,None,272.29,0.0,0.0,10,Clear,1588
2023-02-15 23:00:00,None,275.19,0.0,0.0,66,Fog,712
2023-02-16 00:00:00,None,268.39,0.0,3.69,66,Snow,395
2023-02-16 01:00:00,None,269.76,0.0,0.0,75,Clouds,150
2023-02-16 02:00:00,None,270.64,0.0,0.0,4,Clear,592
2023-02-16 03:00:00,None,271.53,0.0,0.0,44,Clouds,572
2023-02-16 04:00:00,None,264.65,0.0,0.0,2,Clear,889
2023-02-16 05:00:00,None,270.84,0.0,0.0,9,Clear,1107
2023-02-16 06:00:00,None,271.01,0.0,0.0,2,Clear,3858
2023-02-16 07:00:00,None,272.86,0.0,0.0,60,Mist,4390
2023-02-16 08:00:00,None,270.93,0.0,0.0,67,Clouds,5811
2023-02-16 09:00:00,None,276.67,0.0,0.0,46,Clouds,6932
2023-02-16 10:00:00,Memorial Day,271.25,4.89,0.0,85,Rain,2577
2023-02-16 11:00:00,None,278.92,0.0,0.0,64,Clouds,4601
2023-02-16 12:00:00,None,279.32,0.0,0.0,11,Clear,4012
2023-02-16 13:00:00,None,275.44,0.0,0.07,68,Snow,4409
2023-02-16 14:00:00,None,279.68,0.0,0.0,81,Clouds,4398
2023-02-16 15:00:00,None,280.65,0.0,0.0,0,Clear,6532
2023-02-16 16:00:00,None,274.1,0.91,0.0,83,Rain,5520
2023-02-16 17:00:00,None,279.75,0.37,0.0,69,Rain,5116
2023-02-16 18:00:00,None,276.69,0.0,0.0,63,Fog,4783
2023-02-16 19:00:00,None,279.52,0.0,0.0,82,Clouds,2454
2023-02-16 20:00:00,None,269.3,0.0,1.54,71,Snow,2548
2023-02-16 21:00:00,None,273.93,0.0,0.0,68,Clouds,2357
2023-02-16 22:00:00,None,271.99,0.0,0.0,72,Clouds,1450
2023-02-16 23:00:00,None,274.77,0.1,0.0,67,Rain,938
2023-02-17 00:00:00,None,270.17,0.0,0.0,68,Clouds,594
2023-02-17 01:00:00,None,268.47,0.0,0.0,13,Clear,150
2023-02-17 02:00:00,None,272.24,0.0,0.0,9,Clear,630
2023-02-17 03:00:00,None,271.48,1.08,0.0,75,Rain,474
2023-02-17 04:00:00,None,268.33,0.41,0.0,67,Drizzle,506
2023-02-17 05:00:00,None,269.68,0.0,0.0,5,Clear,1089
2023-02-17 06:00:00,None,275.57,0.0,2.36,84,Snow,3072
2023-02-17 07:00:00,None,274.83,0.0,0.0,0,Clear,5009
2023-02-17 08:00:00,None,278.93,0.0,0.0,90,Clouds,6485
2023-02-17 09:00:00,None,276.96,0.0,0.0,41,Clouds,6363
2023-02-17 10:00:00,None,280.81,0.0,0.0,3,Clear,3821
2023-02-17 11:00:00,None,276.08,0.0,0.0,56,Clouds,4713
2023-02-17 12:00:00,None,276.82,0.0,0.0,96,Mist,4460
2023-02-17 13:00:00,Independence Day,282.75,0.0,0.0,9,Clear,1984
2023-02-17 14:00:00,None,278.96,0.0,0.0,6,Clear,4247
2023-02-17 15:00:00,None,282.09,0.0,0.0,13,Clear,6230
2023-02-17 16:00:00,None,277.47,1.42,0.0,79,Rain,5764
2023-02-17 17:00:00,None,281.5,0.0,0.0,0,Clear,6186
2023-02-17 18:00:00,None,279.37,0.0,0.0,5,Clear,4903
2023-02-17 19:00:00,None,273.33,0.0,0.0,0,Clear,3440
2023-02-17 20:00:00,None,275.81,6.26,0.0,76,Rain,2783
2023-02-17 21:00:00,None,277.86,0.17,0.0,87,Drizzle,2013
2023-02-17 22:00:00,None,276.98,0.0,0.0,68,Clouds,1432
2023-02-17 23:00:00,None,269.85,0.0,0.5,78,Snow,289
2023-02-18 00:00:00,None,271.47,5.04,0.0,85,Rain,150
2023-02-18 01:00:00,None,272.84,0.0,0.0,74,Clouds,774
2023-02-18 02:00:00,None,273.19,0.0,0.0,6,Clear,792
2023-02-18 03:00:00,None,266.52,0.0,0.0,12,Clear,560
2023-02-18 04:00:00,None,261.83,0.0,0.0,8,Clear,1135
2023-02-18 05:00:00,None,270.83,0.0,0.0,76,Clouds,1086
2023-02-18 06:00:00,None,266.58,0.0,0.0,7,Clear,1940
2023-02-18 07:00:00,None,271.49,0.0,0.0,99,Clouds,3069
2023-02-18 08:00:00,None,269.1,0.0,0.0,86,Clouds,3799
2023-02-18 09:00:00,None,275.65,0.0,0.0,7,Clear,4732
2023-02-18 10:00:00,None,280.31,0.0,0.0,12,Clear,1552
2023-02-18 11:00:00,None,277.21,0.0,0.0,7,Clear,2840
2023-02-18 12:00:00,None,276.97,0.0,0.0,62,Clouds,2736
2023-02-18 13:00:00,None,277.88,0.0,0.0,48,Clouds,2722
2023-02-18 14:00:00,None,281.32,0.0,0.0,72,Clouds,3017
2023-02-18 15:00:00,None,280.6,0.0,0.0,60,Clouds,4467
2023-02-18 16:00:00,None,277.65,0.0,0.0,74,Mist,4460
2023-02-18 17:00:00,None,281.0,0.0,2.27,60,Snow,2697
2023-02-18 18:00:00,None,286.98,0.0,0.0,4,Clear,2931
2023-02-18 19:00:00,None,278.23,0.0,0.0,3,Clear,2156
2023-02-18 20:00:00,None,275.15,0.0,0.0,2,Clear,2209
2023-02-18 21:00:00,None,278.66,0.0,0.0,0,Clear,1310
2023-02-18 22:00:00,None,269.76,0.0,1.54,60,Snow,278
2023-02-18 23:00:00,None,270.23,12.26,0.0,86,Rain,984
2023-02-19 00:00:00,None,272.64,0.0,0.0,7,Clear,150
2023-02-19 01:00:00,None,271.06,0.0,0.0,14,Clear,679
2023-02-19 02:00:00,None,266.6,0.0,0.0,66,Haze,456
2023-02-19 03:00:00,None,265.87,0.0,0.0,10,Clear,987
2023-02-19 04:00:00,None,268.77,0.08,0.0,98,Rain,841
2023-02-19 05:00:00,None,268.02,0.0,0.0,13,Clear,680
2023-02-19 06:00:00,None,277.29,0.0,0.0,2,Clear,1994
2023-02-19 07:00:00,None,273.58,0.0,0.0,12,Clear,2583
2023-02-19 08:00:00,None,270.17,0.0,0.0,4,Clear,3767
2023-02-19 09:00:00,None,274.75,1.68,0.0,80,Rain,4516
2023-02-19 10:00:00,None,282.01,0.0,0.6,61,Snow,2568
2023-02-19 11:00:00,None,279.19,0.0,0.0,97,Haze,2846
2023-02-19 12:00:00,None,277.46,0.0,0.0,90,Clouds,3512
2023-02-19 13:00:00,None,279.63,0.0,0.0,10,Clear,3441
2023-02-19 14:00:00,None,274.86,0.0,0.0,2,Clear,2973
2023-02-19 15:00:00,None,283.6,0.0,0.0,86,Clouds,4362
2023-02-19 16:00:00,None,275.58,0.0,0.0,60,Mist,4407
2023-02-19 17:00:00,None,283.64,4.19,0.0,65,Rain,3940
2023-02-19 18:00:00,None,281.49,0.0,0.0,7,Clear,3160
2023-02-19 19:00:00,None,274.13,0.0,0.0,1,Clear,3561
2023-02-19 20:00:00,None,271.59,0.63,0.0,81,Drizzle,1802
2023-02-19 21:00:00,None,274.55,0.0,0.0,66,Clouds,1109
2023-02-19 22:00:00,None,271.16,0.0,0.0,1,Clear,298
2023-02-19 23:00:00,None,273.67,0.0,0.0,2,Clear,731
2023-02-20 00:00:00,None,269.65,0.0,0.0,1,Clear,150
2023-02-20 01:00:00,None,266.75,2.04,0.0,70,Rain,824
2023-02-20 02:00:00,None,270.62,0.0,0.0,56,Clouds,184
2023-02-20 03:00:00,None,265.72,0.0,0.0,3,Clear,1245
2023-02-20 04:00:00,None,272.47,0.0,0.0,5,Clear,699
2023-02-20 05:00:00,None,272.18,0.0,0.0,60,Clouds,1252
2023-02-20 06:00:00,None,264.13,0.0,0.0,80,Clouds,3482
2023-02-20 07:00:00,None,272.74,0.0,0.0,10,Clear,4777
2023-02-20 08:00:00,None,275.38,0.0,0.0,88,Clouds,5876
2023-02-20 09:00:00,None,272.48,0.0,0.0,3,Clear,7091
2023-02-20 10:00:00,None,275.26,0.0,0.0,72,Clouds,4090
2023-02-20 11:00:00,None,279.59,0.0,0.0,59,Clouds,4301
2023-02-20 12:00:00,None,277.02,0.0,0.0,97,Clouds,3794
2023-02-20 13:00:00,None,277.79,0.0,0.0,11,Clear,4738
2023-02-20 14:00:00,None,282.71,0.0,4.01,91,Snow,3987
2023-02-20 15:00:00,None,286.42,0.0,0.0,1,Clear,6605
2023-02-20 16:00:00,None,279.55,0.0,0.0,42,Clouds,5274
2023-02-20 17:00:00,None,274.49,0.0,0.0,0,Clear,5125
2023-02-20 18:00:00,None,273.97,0.0,1.39,64,Snow,4008
2023-02-20 19:00:00,None,277.96,0.0,0.0,10,Clear,3604
2023-02-20 20:00:00,None,277.68,0.13,0.0,85,Drizzle,2081
2023-02-20 21:00:00,None,272.75,0.0,0.0,12,Clear,1457
2023-02-20 22:00:00,None,272.53,0.0,1.46,88,Snow,1321
2023-02-20 23:00:00,None,268.44,0.0,1.0,85,Snow,547
2023-02-21 00:00:00,None,275.87,0.0,0.0,82,Clouds,150
2023-02-21 01:00:00,None,266.9,0.77,0.0,77,Drizzle,226
2023-02-21 02:00:00,None,268.9,0.0,0.0,11,Clear,950
2023-02-21 03:00:00,None,271.67,0.0,0.0,13,Clear,460
2023-02-21 04:00:00,None,271.64,0.0,0.0,92,Mist,975
2023-02-21 05:00:00,None,272.75,0.62,0.0,61,Drizzle,782
2023-02-21 06:00:00,None,269.73,1.07,0.0,87,Rain,3610
2023-02-21 07:00:00,None,275.37,1.68,0.0,84,Rain,4300
2023-02-21 08:00:00,None,274.35,0.0,0.0,98,Mist,5169
2023-02-21 09:00:00,None,272.99,1.81,0.0,68,Rain,6212
2023-02-21 10:00:00,None,276.96,0.99,0.0,67,Drizzle,4503
2023-02-21 11:00:00,None,284.27,0.0,0.0,9,Clear,4255
2023-02-21 12:00:00,None,282.1,0.0,0.0,10,Clear,3640
2023-02-21 13:00:00,None,283.04,0.0,0.0,92,Clouds,3983
2023-02-21 14:00:00,None,282.24,0.0,0.0,57,Clouds,4575
2023-02-21 15:00:00,None,280.31,0.0,0.0,68,Clouds,6493
2023-02-21 16:00:00,None,277.48,0.0,0.0,12,Clear,6013
2023-02-21 17:00:00,None,276.45,0.0,0.0,90,Clouds,5697
2023-02-21 18:00:00,None,280.91,0.0,0.0,0,Clear,5286
2023-02-21 19:00:00,None,278.34,0.14,0.0,74,Drizzle,3752
2023-02-21 20:00:00,None,274.16,0.0,0.38,96,Snow,2254
2023-02-21 21:00:00,None,275.26,0.0,0.01,89,Snow,1866
2023-02-21 22:00:00,None,275.98,0.0,0.0,71,Clouds,1357
2023-02-21 23:00:00,None,273.36,0.0,0.0,68,Fog,452
2023-02-22 00:00:00,None,272.16,0.0,0.0,11,Clear,150
2023-02-22 01:00:00,None,277.84,0.0,0.0,11,Clear,150
2023-02-22 02:00:00,None,267.47,0.34,0.0,77,Rain,666
2023-02-22 03:00:00,None,267.62,0.0,0.0,95,Mist,969
2023-02-22 04:00:00,None,268.04,0.0,0.0,10,Clear,853
2023-02-22 05:00:00,None,266.5,0.0,0.0,1,Clear,1189
2023-02-22 06:00:00,None,277.23,0.0,0.0,4,Clear,3561
2023-02-22 07:00:00,None,274.77,1.44,0.0,97,Rain,4791
2023-02-22 08:00:00,None,273.82,0.0,0.0,13,Clear,5991
2023-02-22 09:00:00,None,270.75,0.0,1.39,97,Snow,6002
2023-02-22 10:00:00,Labor Day,277.74,0.0,0.0,4,Clear,2016
2023-02-22 11:00:00,None,274.01,0.0,0.0,14,Clear,4546
2023-02-22 12:00:00,None,278.22,0.0,0.0,7,Clear,3830
2023-02-22 13:00:00,None,280.06,0.0,1.17,88,Snow,3621
2023-02-22 14:00:00,None,282.12,0.0,0.0,3,Clear,3240
2023-02-22 15:00:00,None,280.26,0.0,0.0,52,Clouds,5597
2023-02-22 16:00:00,None,282.88,0.0,0.0,66,Clouds,5867
2023-02-22 17:00:00,None,282.18,0.0,0.0,12,Clear,5722
2023-02-22 18:00:00,None,281.64,0.0,0.0,7,Clear,5439
2023-02-22 19:00:00,None,282.84,0.0,0.0,76,Mist,2854
2023-02-22 20:00:00,None,276.58,0.0,0.0,62,Clouds,2507
2023-02-22 21:00:00,None,276.03,0.0,0.0,8,Clear,1985
2023-02-22 22:00:00,None,271.46,0.0,0.0,92,Clouds,1809
2023-02-22 23:00:00,Memorial Day,277.4,0.0,0.0,0,Clear,150
2023-02-23 00:00:00,None,274.58,0.0,0.0,12,Clear,344
2023-02-23 01:00:00,None,266.01,0.0,0.0,49,Clouds,150
2023-02-23 02:00:00,None,269.53,0.0,0.0,90,Clouds,1019
2023-02-23 03:00:00,None,265.06,0.0,0.0,83,Mist,636
2023-02-23 04:00:00,None,272.82,0.0,0.0,14,Clear,558
2023-02-23 05:00:00,None,269.46,0.0,0.0,92,Clouds,1349
2023-02-23 06:00:00,None,269.73,0.0,0.0,3,Clear,3730
2023-02-23 07:00:00,None,279.2,0.0,0.0,6,Clear,4605
2023-02-23 08:00:00,None,275.84,0.0,0.0,90,Mist,5823
2023-02-23 09:00:00,None,272.44,0.0,0.0,61,Haze,7171
2023-02-23 10:00:00,None,284.37,0.0,0.0,7,Clear,4055
2023-02-23 11:00:00,None,274.16,0.0,0.0,13,Clear,4691
2023-02-23 12:00:00,None,279.49,0.0,0.0,14,Clear,4514
2023-02-23 13:00:00,None,285.59,0.27,0.0,61,Drizzle,4635
2023-02-23 14:00:00,None,281.92,0.0,0.0,1,Clear,4522
2023-02-23 15:00:00,Veterans Day,276.53,0.0,0.0,90,Fog,2420
2023-02-23 16:00:00,None,281.38,1.48,0.0,72,Rain,5710
2023-02-23 17:00:00,None,278.77,4.56,0.0,86,Rain,5560
2023-02-23 18:00:00,None,282.12,0.0,1.48,70,Snow,4902
2023-02-23 19:00:00,None,274.97,0.0,0.0,14,Clear,3575
2023-02-23 20:00:00,None,274.51,0.2,0.0,86,Drizzle,2550
2023-02-23 21:00:00,None,277.91,0.0,0.0,7,Clear,2161
2023-02-23 22:00:00,None,276.7,0.0,0.0,10,Clear,1182
2023-02-23 23:00:00,None,270.3,0.0,0.0,67,Clouds,379
2023-02-24 00:00:00,None,273.47,0.0,0.0,9,Clear,485
2023-02-24 01:00:00,None,271.88,0.0,0.0,91,Mist,515
2023-02-24 02:00:00,None,270.77,0.0,0.0,6,Clear,1015
2023-02-24 03:00:00,None,272.48,0.0,0.0,7,Clear,876
2023-02-24 04:00:00,None,267.41,6.07,0.0,86,Rain,679
2023-02-24 05:00:00,None,267.52,0.0,0.0,59,Clouds,727
2023-02-24 06:00:00,None,271.09,0.0,0.0,14,Clear,3383
2023-02-24 07:00:00,Thanksgiving Day,274.68,0.0,0.0,3,Clear,1820
2023-02-24 08:00:00,None,276.56,0.37,0.0,84,Drizzle,6227
2023-02-24 09:00:00,None,278.87,5.59,0.0,77,Rain,6275
2023-02-24 10:00:00,None,282.75,0.0,0.0,81,Haze,4085
2023-02-24 11:00:00,None,276.89,0.0,0.0,88,Clouds,4093
2023-02-24 12:00:00,None,280.18,0.0,0.0,98,Fog,3575
2023-02-24 13:00:00,None,282.02,0.0,0.0,58,Clouds,4490
2023-02-24 14:00:00,Labor Day,275.22,0.69,0.0,66,Rain,1547
2023-02-24 15:00:00,None,277.91,0.0,0.0,12,Clear,6202
2023-02-24 16:00:00,None,281.55,0.0,0.0,74,Haze,6108
2023-02-24 17:00:00,None,280.81,0.0,0.0,57,Clouds,5501
2023-02-24 18:00:00,None,274.84,0.0,0.03,72,Snow,4862
2023-02-24 19:00:00,None,273.74,0.0,0.0,51,Clouds,2962
2023-02-24 20:00:00,None,277.4,0.0,0.0,92,Clouds,2388
2023-02-24 21:00:00,None,277.36,0.0,0.0,69,Clouds,2634
2023-02-24 22:00:00,None,278.46,0.0,0.0,3,Clear,1824
2023-02-24 23:00:00,None,271.6,0.0,0.0,13,Clear,697
2023-02-25 00:00:00,None,267.3,0.0,0.0,4,Clear,321
2023-02-25 01:00:00,None,265.93,0.0,0.0,5,Clear,171
2023-02-25 02:00:00,None,275.51,0.0,0.0,81,Clouds,792
2023-02-25 03:00:00,None,269.65,0.0,0.0,55,Clouds,885
2023-02-25 04:00:00,None,273.52,1.18,0.0,97,Drizzle,686
2023-02-25 05:00:00,None,271.22,0.0,0.0,58,Clouds,150
2023-02-25 06:00:00,None,270.13,0.0,0.0,2,Clear,1959
2023-02-25 07:00:00,None,271.34,0.0,0.0,4,Clear,3348
2023-02-25 08:00:00,None,273.44,0.0,0.0,13,Clear,3711
2023-02-25 09:00:00,None,278.9,0.0,0.0,81,Clouds,4936
2023-02-25 10:00:00,None,276.12,4.06,0.0,88,Rain,2513
2023-02-25 11:00:00,None,276.41,0.0,0.0,84,Haze,2935
2023-02-25 12:00:00,None,280.4,0.0,0.0,12,Clear,2389
2023-02-25 13:00:00,None,283.41,1.05,0.0,64,Rain,1787
2023-02-25 14:00:00,None,276.95,0.0,0.0,2,Clear,3265
2023-02-25 15:00:00,None,282.69,0.34,0.0,96,Rain,4197
2023-02-25 16:00:00,None,281.73,0.0,0.0,78,Clouds,3817
2023-02-25 17:00:00,None,285.26,0.0,0.0,1,Clear,2440
2023-02-25 18:00:00,None,280.19,0.0,0.0,85,Haze,3582
2023-02-25 19:00:00,None,279.88,4.88,0.0,79,Rain,2082
2023-02-25 20:00:00,None,278.12,0.59,0.0,86,Rain,831
2023-02-25 21:00:00,None,274.84,2.42,0.0,92,Rain,1765
2023-02-25 22:00:00,None,269.19,0.0,0.0,5,Clear,792
2023-02-25 23:00:00,None,273.31,0.0,0.0,7,Clear,1143
2023-02-26 00:00:00,None,273.19,0.64,0.0,90,Drizzle,150
2023-02-26 01:00:00,None,271.59,0.0,0.0,2,Clear,150
2023-02-26 02:00:00,None,274.7,0.0,0.0,98,Clouds,802
2023-02-26 03:00:00,None,264.06,2.17,0.0,75,Rain,150
2023-02-26 04:00:00,None,266.6,0.0,0.0,4,Clear,778
2023-02-26 05:00:00,None,269.49,0.0,0.0,98,Clouds,804
2023-02-26 06:00:00,None,273.42,8.73,0.0,89,Rain,2288
2023-02-26 07:00:00,None,267.07,0.0,0.0,12,Clear,3662
2023-02-26 08:00:00,None,274.39,0.0,0.0,12,Clear,3913
2023-02-26 09:00:00,None,268.78,3.7,0.0,90,Thunderstorm,4031
2023-02-26 10:00:00,None,273.7,1.19,0.0,78,Rain,2514
2023-02-26 11:00:00,None,281.86,0.0,0.0,10,Clear,2671
2023-02-26 12:00:00,None,270.58,0.0,0.0,5,Clear,3208
2023-02-26 13:00:00,None,279.81,0.0,0.0,8,Clear,2545
2023-02-26 14:00:00,None,276.77,0.0,0.0,13,Clear,2489
2023-02-26 15:00:00,None,277.76,0.32,0.0,89,Drizzle,4393
2023-02-26 16:00:00,None,286.53,0.0,0.16,72,Snow,3429
2023-02-26 17:00:00,None,280.27,0.0,0.0,71,Clouds,3377
2023-02-26 18:00:00,New Years Day,278.11,0.0,0.0,0,Clear,1083
2023-02-26 19:00:00,None,275.7,0.25,0.0,78,Drizzle,2163
2023-02-26 20:00:00,None,273.55,0.0,0.0,48,Clouds,1506
2023-02-26 21:00:00,None,269.89,0.0,0.0,14,Clear,1076
2023-02-26 22:00:00,None,272.87,0.0,0.0,14,Clear,1132
2023-02-26 23:00:00,None,276.6,0.96,0.0,70,Rain,681
2023-02-27 00:00:00,None,269.23,0.0,0.0,7,Clear,150
2023-02-27 01:00:00,None,268.58,0.0,0.0,81,Clouds,528
2023-02-27 02:00:00,None,275.08,0.0,0.15,75,Snow,150
2023-02-27 03:00:00,None,266.75,0.0,0.0,4,Clear,748
2023-02-27 04:00:00,None,272.89,0.24,0.0,94,Drizzle,1212
2023-02-27 05:00:00,None,273.93,1.03,0.0,64,Drizzle,711
2023-02-27 06:00:00,None,271.28,0.0,0.0,2,Clear,3727
2023-02-27 07:00:00,None,273.1,4.4,0.0,66,Rain,4196
2023-02-27 08:00:00,None,276.96,0.0,0.0,1,Clear,5986
2023-02-27 09:00:00,None,270.03,0.0,0.0,5,Clear,6849
2023-02-27 10:00:00,None,273.81,0.0,0.0,57,Clouds,4049
2023-02-27 11:00:00,None,278.9,0.0,0.0,6,Clear,3962
2023-02-27 12:00:00,None,280.7,0.0,0.0,58,Clouds,4428
2023-02-27 13:00:00,Christmas Day,284.49,0.0,0.0,13,Clear,2177
2023-02-27 14:00:00,None,286.4,0.0,0.0,82,Clouds,4688
2023-02-27 15:00:00,None,280.06,0.0,0.0,44,Clouds,6762
2023-02-27 16:00:00,None,279.34,0.0,0.0,99,Fog,5286
2023-02-27 17:00:00,None,280.21,1.79,0.0,85,Rain,4824
2023-02-27 18:00:00,None,278.73,0.12,0.0,84,Drizzle,4120
2023-02-27 19:00:00,None,280.59,0.0,0.0,53,Clouds,2803
2023-02-27 20:00:00,None,271.59,0.98,0.0,78,Drizzle,2355
2023-02-27 21:00:00,None,278.66,0.0,0.0,56,Clouds,2130
2023-02-27 22:00:00,None,266.81,0.0,0.0,45,Clouds,1985
2023-02-27 23:00:00,None,270.8,0.0,0.0,53,Clouds,595
2023-02-28 00:00:00,None,269.11,0.0,0.0,52,Clouds,150
2023-02-28 01:00:00,None,270.31,0.0,0.0,42,Clouds,770
2023-02-28 02:00:00,None,276.31,0.49,0.0,70,Rain,1149
2023-02-28 03:00:00,None,265.67,0.0,0.0,4,Clear,655
2023-02-28 04:00:00,None,271.21,0.0,0.0,0,Clear,1419
2023-02-28 05:00:00,None,271.99,0.0,0.0,8,Clear,488
2023-02-28 06:00:00,None,271.38,0.0,0.0,6,Clear,3552
2023-02-28 07:00:00,None,269.3,0.0,0.0,9,Clear,3684
2023-02-28 08:00:00,None,273.96,1.75,0.0,62,Rain,4963
2023-02-28 09:00:00,None,280.63,0.92,0.0,93,Drizzle,7103
2023-02-28 10:00:00,None,278.56,0.0,0.0,58,Clouds,4720
2023-02-28 11:00:00,None,282.18,0.0,0.0,9,Clear,4205
2023-02-28 12:00:00,None,278.84,0.0,0.0,71,Haze,4878
2023-02-28 13:00:00,None,284.57,0.0,0.0,65,Clouds,4981
2023-02-28 14:00:00,None,280.25,1.64,0.0,97,Rain,3930
2023-02-28 15:00:00,None,281.96,0.5,0.0,68,Drizzle,6084
2023-02-28 16:00:00,None,279.87,0.0,0.0,10,Clear,5130
2023-02-28 17:00:00,None,281.1,0.0,0.0,0,Clear,4974
2023-02-28 18:00:00,None,277.11,0.0,0.0,8,Clear,4774
2023-02-28 19:00:00,None,274.67,0.0,0.0,4,Clear,3644
2023-02-28 20:00:00,None,279.74,0.0,0.0,2,Clear,2416
2023-02-28 21:00:00,None,274.16,0.0,0.0,2,Clear,1988
2023-02-28 22:00:00,None,274.63,0.0,0.0,77,Clouds,1369
2023-02-28 23:00:00,None,261.57,0.0,0.0,11,Clear,826
2023-03-01 00:00:00,None,274.37,0.0,0.0,85,Clouds,153
2023-03-01 01:00:00,None,276.67,0.0,0.0,9,Clear,150
2023-03-01 02:00:00,None,271.36,0.0,0.0,11,Clear,844
2023-03-01 03:00:00,None,270.94,0.0,0.0,58,Clouds,575
2023-03-01 04:00:00,None,273.58,0.0,0.0,63,Clouds,926
2023-03-01 05:00:00,None,277.16,0.0,0.0,9,Clear,1302
2023-03-01 06:00:00,Veterans Day,285.12,0.0,0.0,61,Fog,1386
2023-03-01 07:00:00,None,277.57,0.0,0.0,1,Clear,4412
2023-03-01 08:00:00,None,277.09,0.0,0.0,13,Clear,6521
2023-03-01 09:00:00,None,281.02,0.0,0.0,76,Clouds,7023
2023-03-01 10:00:00,None,285.99,0.0,0.0,84,Mist,4365
2023-03-01 11:00:00,None,281.81,0.0,0.0,81,Clouds,4483
2023-03-01 12:00:00,None,283.35,0.0,0.0,3,Clear,3676
2023-03-01 13:00:00,None,278.73,0.0,0.0,0,Clear,4251
2023-03-01 14:00:00,None,284.63,1.18,0.0,79,Drizzle,3855
2023-03-01 15:00:00,None,283.66,0.0,1.12,73,Snow,5591
2023-03-01 16:00:00,None,285.39,0.0,0.0,92,Clouds,5547
2023-03-01 17:00:00,None,285.85,3.75,0.0,94,Rain,5317
2023-03-01 18:00:00,Labor Day,290.92,0.59,0.0,82,Drizzle,1408
2023-03-01 19:00:00,None,284.49,0.0,0.0,83,Clouds,3546
2023-03-01 20:00:00,Labor Day,281.78,0.0,0.0,2,Clear,1258
2023-03-01 21:00:00,None,285.47,0.0,0.0,13,Clear,2428
2023-03-01 22:00:00,None,278.19,0.0,0.0,12,Clear,725
2023-03-01 23:00:00,None,280.45,6.68,0.0,69,Rain,607
2023-03-02 00:00:00,None,279.51,0.0,0.0,8,Clear,150
2023-03-02 01:00:00,None,279.68,0.0,0.0,84,Mist,150
2023-03-02 02:00:00,None,276.25,0.0,0.0,40,Clouds,150
2023-03-02 03:00:00,None,278.6,2.12,0.0,62,Rain,1225
2023-03-02 04:00:00,None,271.16,0.0,0.0,6,Clear,1013
2023-03-02 05:00:00,None,279.94,0.0,0.0,59,Clouds,572
2023-03-02 06:00:00,None,280.99,0.0,0.0,40,Clouds,4167
2023-03-02 07:00:00,None,279.65,0.0,0.0,67,Clouds,5124
2023-03-02 08:00:00,None,278.43,0.0,0.0,7,Clear,5103
2023-03-02 09:00:00,None,283.66,0.0,0.0,0,Clear,6353
2023-03-02 10:00:00,None,287.94,0.0,0.0,4,Clear,3987
2023-03-02 11:00:00,None,284.1,0.0,0.0,78,Fog,3704
2023-03-02 12:00:00,None,283.53,0.0,0.0,12,Clear,3864
2023-03-02 13:00:00,None,288.05,0.0,0.0,8,Clear,4064
2023-03-02 14:00:00,None,289.65,0.0,0.0,1,Clear,4522
2023-03-02 15:00:00,None,282.94,0.6,0.0,88,Drizzle,6651
2023-03-02 16:00:00,None,288.3,0.0,0.0,65,Haze,6455
2023-03-02 17:00:00,None,284.09,0.0,0.0,5,Clear,4796
2023-03-02 18:00:00,None,288.19,0.0,0.0,42,Clouds,4985
2023-03-02 19:00:00,None,280.34,0.0,1.86,71,Snow,2337
2023-03-02 20:00:00,None,284.57,0.0,0.0,12,Clear,2912
2023-03-02 21:00:00,None,280.07,0.0,0.0,70,Mist,2214
2023-03-02 22:00:00,None,280.27,0.89,0.0,80,Drizzle,1137
2023-03-02 23:00:00,None,278.67,3.96,0.0,89,Rain,880
2023-03-03 00:00:00,None,279.37,0.0,0.0,92,Mist,791
2023-03-03 01:00:00,None,275.17,0.0,0.0,9,Clear,385
2023-03-03 02:00:00,None,275.43,0.0,0.0,92,Fog,150
2023-03-03 03:00:00,None,276.04,0.0,0.0,1,Clear,1203
2023-03-03 04:00:00,None,277.55,1.42,0.0,79,Rain,663
2023-03-03 05:00:00,None,279.11,0.0,0.0,0,Clear,1119
2023-03-03 06:00:00,None,271.0,0.0,0.0,73,Clouds,4057
2023-03-03 07:00:00,None,284.41,0.0,0.0,75,Mist,4454
2023-03-03 08:00:00,None,284.49,0.0,0.43,81,Snow,5273
2023-03-03 09:00:00,None,283.28,0.0,0.0,79,Clouds,6584
2023-03-03 10:00:00,None,283.58,0.0,0.0,75,Clouds,4107
2023-03-03 11:00:00,None,279.8,0.0,0.0,43,Clouds,5217
2023-03-03 12:00:00,None,283.57,0.0,0.0,7,Clear,5063
2023-03-03 13:00:00,None,281.56,0.0,0.0,3,Clear,4175
2023-03-03 14:00:00,None,289.27,0.0,0.0,14,Clear,4118
2023-03-03 15:00:00,None,279.33,0.0,0.0,3,Clear,5892
2023-03-03 16:00:00,None,284.92,0.0,0.0,3,Clear,5482
2023-03-03 17:00:00,None,283.61,0.0,0.0,10,Clear,5399
2023-03-03 18:00:00,None,286.34,0.0,0.88,83,Snow,5145
2023-03-03 19:00:00,None,279.72,6.54,0.0,75,Rain,2894
2023-03-03 20:00:00,None,286.14,0.0,0.0,9,Clear,2690
2023-03-03 21:00:00,None,279.12,0.0,0.0,11,Clear,1331
2023-03-03 22:00:00,None,272.34,0.0,0.0,12,Clear,1649
2023-03-03 23:00:00,None,288.82,0.0,0.0,55,Clouds,886
2023-03-04 00:00:00,None,277.82,0.0,0.0,0,Clear,337
2023-03-04 01:00:00,None,282.22,0.0,0.0,10,Clear,150
2023-03-04 02:00:00,None,274.63,0.0,0.0,51,Clouds,150
2023-03-04 03:00:00,None,275.18,0.0,0.0,54,Clouds,329
2023-03-04 04:00:00,None,277.63,0.0,0.0,14,Clear,918
2023-03-04 05:00:00,None,277.69,2.51,0.0,92,Rain,150
2023-03-04 06:00:00,None,278.78,0.0,0.0,3,Clear,2087
2023-03-04 07:00:00,None,274.15,5.59,0.0,80,Thunderstorm,3059
2023-03-04 08:00:00,None,283.02,0.0,0.0,77,Clouds,4246
2023-03-04 09:00:00,None,288.06,0.0,0.0,80,Clouds,4075
2023-03-04 10:00:00,None,281.83,0.66,0.0,89,Drizzle,2106
2023-03-04 11:00:00,None,280.92,0.0,0.0,3,Clear,2735
2023-03-04 12:00:00,None,286.77,0.0,0.0,12,Clear,1773
2023-03-04 13:00:00,None,282.35,0.0,0.0,84,Mist,3279
2023-03-04 14:00:00,None,283.63,0.87,0.0,90,Drizzle,2587
2023-03-04 15:00:00,None,281.79,0.0,0.0,98,Clouds,3481
2023-03-04 16:00:00,None,287.55,0.0,0.0,62,Clouds,3983
2023-03-04 17:00:00,None,283.92,0.0,0.0,6,Clear,3768
2023-03-04 18:00:00,None,282.51,1.8,0.0,83,Rain,3519
2023-03-04 19:00:00,None,282.75,0.0,0.0,82,Clouds,1865
2023-03-04 20:00:00,None,291.77,0.97,0.0,83,Drizzle,1854
2023-03-04 21:00:00,None,280.53,0.0,0.0,79,Clouds,2110
2023-03-04 22:00:00,None,281.37,0.0,0.0,8,Clear,608
2023-03-04 23:00:00,None,279.8,0.0,0.0,1,Clear,937
2023-03-05 00:00:00,None,279.46,0.0,0.0,0,Clear,150
2023-03-05 01:00:00,None,276.55,0.0,0.0,2,Clear,150
2023-03-05 02:00:00,None,273.23,0.0,0.0,53,Clouds,373
2023-03-05 03:00:00,None,273.28,0.14,0.0,62,Rain,405
2023-03-05 04:00:00,None,276.3,0.0,0.0,7,Clear,363
2023-03-05 05:00:00,Memorial Day,282.95,0.0,0.0,96,Clouds,840
2023-03-05 06:00:00,None,280.04,0.0,0.0,4,Clear,3438
2023-03-05 07:00:00,None,279.68,0.45,0.0,65,Rain,2354
2023-03-05 08:00:00,None,278.29,0.0,0.0,60,Haze,3568
2023-03-05 09:00:00,None,281.47,0.0,0.0,6,Clear,4682
2023-03-05 10:00:00,None,284.87,0.0,0.0,14,Clear,3007
2023-03-05 11:00:00,None,277.2,0.0,0.0,55,Clouds,1730
2023-03-05 12:00:00,None,286.57,0.0,0.0,10,Clear,2858
2023-03-05 13:00:00,None,283.3,0.0,0.0,4,Clear,2661
2023-03-05 14:00:00,None,286.23,0.0,0.0,2,Clear,2870
2023-03-05 15:00:00,None,283.84,0.0,0.0,2,Clear,4454
2023-03-05 16:00:00,None,292.32,0.0,0.0,14,Clear,3216
2023-03-05 17:00:00,None,282.37,0.0,0.0,57,Clouds,3646
2023-03-05 18:00:00,None,284.84,0.0,0.0,51,Clouds,2928
2023-03-05 19:00:00,None,276.01,0.0,0.0,9,Clear,2472
2023-03-05 20:00:00,None,279.31,0.0,0.0,98,Clouds,1006
2023-03-05 21:00:00,None,280.09,0.56,0.0,77,Drizzle,1634
2023-03-05 22:00:00,None,277.28,0.0,0.0,3,Clear,1221
2023-03-05 23:00:00,None,272.0,0.0,0.0,2,Clear,271
2023-03-06 00:00:00,None,274.1,0.0,0.0,13,Clear,742
2023-03-06 01:00:00,None,272.3,0.0,0.0,87,Clouds,717
2023-03-06 02:00:00,None,276.67,0.0,0.0,9,Clear,948
2023-03-06 03:00:00,None,275.56,0.64,0.0,72,Drizzle,577
2023-03-06 04:00:00,None,274.59,1.09,0.0,88,Rain,564
2023-03-06 05:00:00,None,274.34,0.0,0.78,73,Snow,624
2023-03-06 06:00:00,New Years Day,276.04,0.0,0.0,11,Clear,1089
2023-03-06 07:00:00,None,280.37,0.42,0.0,96,Rain,3961
2023-03-06 08:00:00,None,277.67,0.0,0.0,11,Clear,5379
2023-03-06 09:00:00,None,273.94,0.12,0.0,69,Drizzle,6711
2023-03-06 10:00:00,None,278.83,0.0,0.0,64,Fog,3799
2023-03-06 11:00:00,None,280.04,0.0,0.0,13,Clear,4536
2023-03-06 12:00:00,None,283.66,1.22,0.0,73,Rain,3980
2023-03-06 13:00:00,None,284.59,0.0,0.0,10,Clear,3686
2023-03-06 14:00:00,None,282.79,0.0,0.03,77,Snow,3276
2023-03-06 15:00:00,None,287.37,0.0,0.0,7,Clear,5525
2023-03-06 16:00:00,None,285.97,0.0,0.0,52,Clouds,6613
2023-03-06 17:00:00,None,284.89,6.37,0.0,74,Rain,5538
2023-03-06 18:00:00,None,283.75,0.0,0.0,92,Clouds,4828
2023-03-06 19:00:00,None,287.96,0.0,0.0,8,Clear,2574
2023-03-06 20:00:00,None,285.18,0.0,0.0,65,Clouds,3069
2023-03-06 21:00:00,None,288.46,0.0,0.0,59,Clouds,2138
2023-03-06 22:00:00,None,272.26,0.0,0.0,0,Clear,1043
2023-03-06 23:00:00,None,279.09,0.0,0.0,11,Clear,533
2023-03-07 00:00:00,None,277.28,0.0,0.0,6,Clear,628
2023-03-07 01:00:00,None,276.41,0.0,0.0,94,Clouds,150
2023-03-07 02:00:00,None,275.82,0.0,0.0,3,Clear,932
2023-03-07 03:00:00,None,272.32,0.0,0.0,41,Clouds,573
2023-03-07 04:00:00,None,276.41,0.36,0.0,80,Rain,505
2023-03-07 05:00:00,None,274.19,0.0,0.0,8,Clear,723
2023-03-07 06:00:00,None,276.74,0.0,0.0,12,Clear,3368
2023-03-07 07:00:00,None,280.01,0.05,0.0,72,Rain,4762
2023-03-07 08:00:00,None,275.42,0.0,0.0,89,Clouds,4882
2023-03-07 09:00:00,None,278.68,0.0,0.0,13,Clear,7112
2023-03-07 10:00:00,None,285.41,0.0,0.0,99,Clouds,4027
2023-03-07 11:00:00,None,283.74,0.0,0.0,89,Snow,3237
2023-03-07 12:00:00,None,283.44,0.0,0.0,85,Clouds,4270
2023-03-07 13:00:00,None,283.3,0.0,0.0,10,Clear,4402
2023-03-07 14:00:00,None,285.98,0.0,0.0,9,Clear,4012
2023-03-07 15:00:00,None,285.41,0.0,0.0,1,Clear,5614
2023-03-07 16:00:00,None,285.51,0.0,0.0,3,Clear,5081
2023-03-07 17:00:00,None,284.94,5.08,0.0,97,Rain,4653
2023-03-07 18:00:00,None,283.15,0.0,0.0,73,Clouds,4602
2023-03-07 19:00:00,None,284.89,0.0,0.0,3,Clear,2673
2023-03-07 20:00:00,None,283.98,0.06,0.0,80,Rain,2314
2023-03-07 21:00:00,None,284.6,0.0,0.0,79,Mist,2309
2023-03-07 22:00:00,None,273.69,0.0,0.0,0,Clear,1885
2023-03-07 23:00:00,None,280.34,0.0,0.0,62,Fog,1242
2023-03-08 00:00:00,None,275.37,0.0,0.0,14,Clear,717
2023-03-08 01:00:00,None,279.96,3.9,0.0,92,Rain,274
2023-03-08 02:00:00,None,280.96,1.14,0.0,94,Drizzle,610
2023-03-08 03:00:00,None,272.84,0.0,0.0,61,Clouds,504
2023-03-08 04:00:00,None,278.33,0.0,0.0,0,Clear,1245
2023-03-08 05:00:00,None,274.21,2.17,0.0,66,Rain,1070
2023-03-08 06:00:00,None,269.05,3.31,0.0,82,Rain,3156
2023-03-08 07:00:00,None,279.88,0.0,0.0,10,Clear,4810
2023-03-08 08:00:00,None,280.0,0.0,0.0,3,Clear,5483
2023-03-08 09:00:00,None,283.58,0.0,0.0,10,Clear,7200
2023-03-08 10:00:00,None,283.18,0.0,0.0,68,Clouds,4602
2023-03-08 11:00:00,None,282.57,0.1,0.0,66,Drizzle,4655
2023-03-08 12:00:00,None,283.64,0.0,0.0,3,Clear,4476
2023-03-08 13:00:00,None,284.79,0.0,0.0,13,Clear,4322
2023-03-08 14:00:00,None,281.65,0.0,0.0,78,Clouds,4030
2023-03-08 15:00:00,None,284.99,0.0,0.0,4,Clear,6050
2023-03-08 16:00:00,None,283.31,0.84,0.0,67,Drizzle,6171
2023-03-08 17:00:00,Christmas Day,281.79,0.0,0.0,78,Fog,1964
2023-03-08 18:00:00,None,281.1,0.0,0.0,2,Clear,5774
2023-03-08 19:00:00,None,285.73,9.51,0.0,91,Rain,3231
2023-03-08 20:00:00,None,285.96,0.0,0.0,50,Clouds,2328
2023-03-08 21:00:00,None,283.0,1.13,0.0,90,Drizzle,1340
2023-03-08 22:00:00,None,272.32,0.0,0.0,9,Clear,1177
2023-03-08 23:00:00,None,283.57,0.0,0.0,97,Clouds,1104
2023-03-09 00:00:00,None,276.78,0.0,0.0,59,Clouds,150
2023-03-09 01:00:00,None,278.12,0.0,0.0,94,Clouds,459
2023-03-09 02:00:00,None,277.18,0.0,0.0,55,Clouds,270
2023-03-09 03:00:00,None,273.41,0.0,0.0,90,Fog,778
2023-03-09 04:00:00,None,277.05,0.0,0.0,0,Clear,720
2023-03-09 05:00:00,None,278.64,0.0,0.0,41,Clouds,1462
2023-03-09 06:00:00,None,281.54,0.0,0.0,97,Clouds,2979
2023-03-09 07:00:00,None,279.05,0.0,0.0,40,Clouds,4908
2023-03-09 08:00:00,None,281.21,0.0,0.35,72,Snow,5083
2023-03-09 09:00:00,None,279.5,0.0,0.0,85,Clouds,6610
2023-03-09 10:00:00,None,281.24,0.0,0.0,93,Clouds,3853
2023-03-09 11:00:00,None,282.58,0.0,0.0,68,Clouds,4717
2023-03-09 12:00:00,None,289.39,0.0,0.0,9,Clear,4116
2023-03-09 13:00:00,None,288.92,1.75,0.0,95,Rain,4099
2023-03-09 14:00:00,None,282.96,0.0,0.0,77,Clouds,3932
2023-03-09 15:00:00,None,285.83,0.0,0.0,79,Clouds,6083
2023-03-09 16:00:00,None,284.65,0.0,0.0,43,Clouds,5747
2023-03-09 17:00:00,None,281.76,0.0,0.0,98,Clouds,4614
2023-03-09 18:00:00,None,288.98,0.0,0.0,2,Clear,4840
2023-03-09 19:00:00,None,275.42,0.0,0.0,7,Clear,3089
2023-03-09 20:00:00,None,287.84,0.0,0.0,67,Clouds,2763
2023-03-09 21:00:00,None,276.54,0.0,0.0,84,Clouds,2242
2023-03-09 22:00:00,None,276.74,0.0,0.0,1,Clear,2082
2023-03-09 23:00:00,None,278.04,0.0,0.0,89,Clouds,428
2023-03-10 00:00:00,None,276.57,0.0,0.0,13,Clear,156
2023-03-10 01:00:00,None,274.42,0.0,0.0,95,Mist,352
2023-03-10 02:00:00,None,275.61,0.0,0.0,7,Clear,964
2023-03-10 03:00:00,None,284.88,0.0,0.0,5,Clear,380
2023-03-10 04:00:00,None,275.43,1.01,0.0,76,Drizzle,401
2023-03-10 05:00:00,None,276.46,0.0,0.0,66,Clouds,857
2023-03-10 06:00:00,None,275.92,0.0,0.0,7,Clear,3381
2023-03-10 07:00:00,None,283.93,2.84,0.0,78,Rain,4091
2023-03-10 08:00:00,None,278.41,0.0,0.0,1,Clear,6078
2023-03-10 09:00:00,None,281.68,0.0,0.0,0,Clear,6272
2023-03-10 10:00:00,None,286.92,0.0,0.0,86,Haze,4240
2023-03-10 11:00:00,None,279.27,0.0,0.0,4,Clear,4281
2023-03-10 12:00:00,None,286.78,1.63,0.0,80,Rain,4565
2023-03-10 13:00:00,None,285.53,0.0,0.0,91,Fog,3106
2023-03-10 14:00:00,None,282.84,0.0,0.0,83,Clouds,4515
2023-03-10 15:00:00,None,284.26,0.0,0.0,76,Clouds,6594
2023-03-10 16:00:00,None,289.5,0.0,0.0,67,Clouds,5126
2023-03-10 17:00:00,None,282.89,0.4,0.0,81,Drizzle,5404
2023-03-10 18:00:00,None,285.51,0.0,0.0,60,Haze,4814
2023-03-10 19:00:00,None,283.83,0.0,0.0,13,Clear,3402
2023-03-10 20:00:00,None,279.86,0.0,0.0,7,Clear,2295
2023-03-10 21:00:00,None,280.18,0.77,0.0,91,Drizzle,1826
2023-03-10 22:00:00,None,277.6,0.0,0.0,42,Clouds,1398
2023-03-10 23:00:00,None,279.27,1.52,0.0,89,Thunderstorm,1166
2023-03-11 00:00:00,None,275.76,0.0,0.0,92,Clouds,322
2023-03-11 01:00:00,None,277.89,0.0,0.0,49,Clouds,381
2023-03-11 02:00:00,None,278.46,0.0,0.0,69,Fog,150
2023-03-11 03:00:00,None,276.49,0.0,0.0,53,Clouds,1124
2023-03-11 04:00:00,None,279.83,0.0,0.0,6,Clear,543
2023-03-11 05:00:00,None,274.84,0.0,0.0,7,Clear,150
2023-03-11 06:00:00,None,272.39,0.0,0.0,0,Clear,2808
2023-03-11 07:00:00,None,275.98,8.65,0.0,78,Rain,2345
2023-03-11 08:00:00,None,278.37,0.0,0.0,7,Clear,3838
2023-03-11 09:00:00,None,283.53,0.0,0.0,59,Clouds,4129
2023-03-11 10:00:00,None,280.2,2.29,0.0,62,Rain,2928
2023-03-11 11:00:00,None,281.36,0.0,0.0,5,Clear,1970
2023-03-11 12:00:00,None,284.35,0.0,0.0,1,Clear,2892
2023-03-11 13:00:00,None,289.06,3.88,0.0,88,Rain,2501
2023-03-11 14:00:00,None,284.18,0.0,0.0,54,Clouds,2335
2023-03-11 15:00:00,None,287.59,0.47,0.0,75,Drizzle,3811
2023-03-11 16:00:00,None,285.74,0.0,0.0,9,Clear,3813
2023-03-11 17:00:00,None,290.17,0.0,0.0,11,Clear,4288
2023-03-11 18:00:00,None,285.09,0.87,0.0,63,Drizzle,3560
2023-03-11 19:00:00,None,282.49,0.0,0.0,59,Clouds,1901
2023-03-11 20:00:00,None,285.69,0.51,0.0,71,Drizzle,1339
2023-03-11 21:00:00,None,279.35,0.0,0.0,74,Fog,2091
2023-03-11 22:00:00,None,276.01,1.12,0.0,84,Drizzle,897
2023-03-11 23:00:00,None,280.89,0.0,0.0,10,Clear,398
2023-03-12 00:00:00,None,279.02,0.0,0.0,4,Clear,361
2023-03-12 01:00:00,None,275.87,0.0,0.0,70,Clouds,199
2023-03-12 02:00:00,None,275.87,7.12,0.0,67,Rain,344
2023-03-12 03:00:00,None,283.46,0.0,0.0,92,Mist,870
2023-03-12 04:00:00,None,278.45,0.0,0.0,7,Clear,709
2023-03-12 05:00:00,None,278.83,0.7,0.0,61,Rain,328
2023-03-12 06:00:00,None,278.3,0.0,0.0,48,Clouds,2623
2023-03-12 07:00:00,None,282.88,0.0,0.0,7,Clear,3157
2023-03-12 08:00:00,None,283.31,0.0,0.0,0,Clear,4259
2023-03-12 09:00:00,None,282.97,0.0,0.0,85,Mist,4642
2023-03-12 10:00:00,None,280.57,3.79,0.0,73,Rain,3049
2023-03-12 11:00:00,None,282.03,0.0,1.37,99,Snow,2458
2023-03-12 12:00:00,None,284.83,0.0,0.0,82,Clouds,2568
2023-03-12 13:00:00,None,288.33,0.0,0.0,4,Clear,3276
2023-03-12 14:00:00,None,289.16,0.17,0.0,66,Drizzle,3240
2023-03-12 15:00:00,None,289.16,0.0,0.0,52,Clouds,4729
2023-03-12 16:00:00,None,290.9,1.78,0.0,64,Rain,4090
2023-03-12 17:00:00,None,285.08,1.86,0.0,81,Thunderstorm,3620
2023-03-12 18:00:00,None,281.85,0.0,0.0,51,Clouds,2882
2023-03-12 19:00:00,None,289.21,0.0,0.0,71,Mist,1675
2023-03-12 20:00:00,None,281.9,0.0,0.0,71,Clouds,2006
2023-03-12 21:00:00,None,277.39,0.0,0.0,79,Mist,919
2023-03-12 22:00:00,None,274.83,0.0,0.0,88,Mist,734
2023-03-12 23:00:00,None,276.98,0.0,0.0,52,Clouds,767
2023-03-13 00:00:00,None,276.55,0.0,0.0,9,Clear,579
2023-03-13 01:00:00,None,278.03,0.0,0.0,85,Clouds,554
2023-03-13 02:00:00,None,272.32,0.0,0.0,95,Clouds,150
2023-03-13 03:00:00,None,275.1,0.0,0.0,4,Clear,587
2023-03-13 04:00:00,None,278.8,0.0,0.0,52,Clouds,937
2023-03-13 05:00:00,None,281.21,0.0,0.0,5,Clear,1029
2023-03-13 06:00:00,None,276.91,3.47,0.0,70,Rain,3595
2023-03-13 07:00:00,None,273.08,0.0,0.0,57,Clouds,4640
2023-03-13 08:00:00,None,280.69,1.03,0.0,82,Drizzle,5919
2023-03-13 09:00:00,None,281.16,0.0,0.0,10,Clear,6632
2023-03-13 10:00:00,None,288.3,0.0,0.0,0,Clear,3583
2023-03-13 11:00:00,None,280.02,0.0,0.0,10,Clear,3053
2023-03-13 12:00:00,None,285.05,0.0,0.0,4,Clear,4410
2023-03-13 13:00:00,New Years Day,287.47,0.0,0.0,57,Clouds,1420
2023-03-13 14:00:00,None,284.08,0.1,0.0,65,Thunderstorm,3944
2023-03-13 15:00:00,None,286.12,0.0,0.97,89,Snow,5274
2023-03-13 16:00:00,None,284.95,0.0,0.0,12,Clear,5631
2023-03-13 17:00:00,None,282.62,0.0,0.0,57,Clouds,5245
2023-03-13 18:00:00,None,283.43,0.0,0.0,14,Clear,5386
2023-03-13 19:00:00,None,282.73,0.0,0.0,14,Clear,3328
2023-03-13 20:00:00,None,281.22,1.86,0.0,99,Rain,2532
2023-03-13 21:00:00,None,280.86,0.0,0.0,11,Clear,1885
2023-03-13 22:00:00,None,283.86,0.0,0.0,7,Clear,1366
2023-03-13 23:00:00,None,276.67,0.21,0.0,86,Rain,794
2023-03-14 00:00:00,Christmas Day,276.68,0.0,0.0,6,Clear,514
2023-03-14 01:00:00,None,282.27,0.0,0.0,9,Clear,685
2023-03-14 02:00:00,None,273.49,0.12,0.0,76,Rain,931
2023-03-14 03:00:00,None,277.7,0.0,0.0,75,Clouds,438
2023-03-14 04:00:00,None,283.34,0.0,0.0,81,Clouds,621
2023-03-14 05:00:00,None,274.5,0.0,0.0,4,Clear,679
2023-03-14 06:00:00,None,275.31,0.0,1.05,96,Snow,3514
2023-03-14 07:00:00,None,281.55,0.0,0.0,13,Clear,5363
2023-03-14 08:00:00,None,277.45,0.24,0.0,66,Drizzle,6215
2023-03-14 09:00:00,None,283.62,0.0,0.0,71,Clouds,7086
2023-03-14 10:00:00,None,279.3,2.27,0.0,85,Rain,3541
2023-03-14 11:00:00,None,280.57,0.0,1.51,66,Snow,3146
2023-03-14 12:00:00,None,283.48,0.0,0.0,14,Clear,2944
2023-03-14 13:00:00,None,285.28,0.0,0.0,2,Clear,5105
2023-03-14 14:00:00,None,284.17,0.0,0.0,3,Clear,4217
2023-03-14 15:00:00,None,288.48,0.0,0.0,68,Clouds,6122
2023-03-14 16:00:00,None,284.28,0.0,0.0,12,Clear,6322
2023-03-14 17:00:00,None,284.8,0.0,0.0,64,Mist,5807
2023-03-14 18:00:00,None,289.48,0.0,0.0,12,Clear,4945
2023-03-14 19:00:00,None,280.89,0.0,0.0,45,Clouds,3091
2023-03-14 20:00:00,None,275.18,0.0,0.0,9,Clear,2750
2023-03-14 21:00:00,None,282.07,0.0,0.0,6,Clear,1911
2023-03-14 22:00:00,None,277.26,0.0,0.0,9,Clear,1326
2023-03-14 23:00:00,None,277.2,0.0,0.0,12,Clear,848
2023-03-15 00:00:00,None,275.81,0.0,0.0,49,Clouds,666
2023-03-15 01:00:00,None,275.1,0.0,0.0,7,Clear,311
2023-03-15 02:00:00,None,277.66,0.0,0.0,64,Clouds,938
2023-03-15 03:00:00,None,279.09,0.0,0.0,0,Clear,559
2023-03-15 04:00:00,None,276.48,0.0,0.0,63,Mist,721
2023-03-15 05:00:00,None,283.71,0.0,0.0,10,Clear,861
2023-03-15 06:00:00,None,274.74,0.56,0.0,83,Drizzle,3912
2023-03-15 07:00:00,None,273.19,0.0,0.09,83,Snow,4700
2023-03-15 08:00:00,None,279.5,0.0,0.0,58,Clouds,5801
2023-03-15 09:00:00,None,282.8,0.0,0.0,74,Haze,6953
2023-03-15 10:00:00,None,286.8,0.0,0.0,91,Clouds,4059
2023-03-15 11:00:00,None,284.5,0.0,0.0,75,Fog,3693
2023-03-15 12:00:00,None,289.71,0.0,0.0,5,Clear,4647
2023-03-15 13:00:00,None,283.94,0.73,0.0,90,Rain,4566
2023-03-15 14:00:00,None,281.37,0.0,0.0,0,Clear,4123
2023-03-15 15:00:00,None,287.98,0.0,0.0,10,Clear,6260
2023-03-15 16:00:00,None,284.45,0.0,0.0,87,Fog,5051
2023-03-15 17:00:00,None,287.32,0.0,0.0,70,Clouds,5147
2023-03-15 18:00:00,None,284.63,0.0,0.0,87,Mist,4816
2023-03-15 19:00:00,None,284.62,0.0,0.0,6,Clear,3082
2023-03-15 20:00:00,None,277.77,0.0,0.0,61,Mist,2634
2023-03-15 21:00:00,None,281.08,0.0,0.0,10,Clear,1864
2023-03-15 22:00:00,None,278.99,0.0,0.0,10,Clear,1825
2023-03-15 23:00:00,None,275.73,0.0,0.0,4,Clear,744
2023-03-16 00:00:00,None,274.83,0.0,3.27,70,Snow,282
2023-03-16 01:00:00,None,276.14,0.0,0.0,7,Clear,660
2023-03-16 02:00:00,None,277.33,1.94,0.0,94,Rain,289
2023-03-16 03:00:00,None,272.17,0.0,0.0,55,Clouds,1425
2023-03-16 04:00:00,None,274.94,0.0,0.0,10,Clear,618
2023-03-16 05:00:00,None,272.76,0.0,0.0,4,Clear,1125
2023-03-16 06:00:00,None,270.96,0.0,4.97,77,Snow,3178
2023-03-16 07:00:00,None,273.44,0.0,0.0,12,Clear,4668
2023-03-16 08:00:00,None,280.31,0.0,0.0,6,Clear,4852
2023-03-16 09:00:00,None,275.44,0.0,0.0,97,Clouds,7200
2023-03-16 10:00:00,None,277.54,0.0,0.0,97,Clouds,4368
2023-03-16 11:00:00,None,285.01,1.12,0.0,89,Rain,3634
2023-03-16 12:00:00,None,283.57,0.0,0.0,80,Mist,4108
2023-03-16 13:00:00,None,290.55,0.0,0.0,97,Mist,3578
2023-03-16 14:00:00,None,290.28,0.0,0.0,5,Clear,3720
2023-03-16 15:00:00,None,286.54,0.0,0.0,94,Clouds,6575
2023-03-16 16:00:00,None,283.28,0.0,0.0,10,Clear,5639
2023-03-16 17:00:00,None,280.09,0.0,0.0,61,Clouds,4862
2023-03-16 18:00:00,None,283.09,0.0,0.0,12,Clear,5598
2023-03-16 19:00:00,None,284.65,0.0,0.0,54,Clouds,2952
2023-03-16 20:00:00,None,283.6,0.0,0.0,14,Clear,2358
2023-03-16 21:00:00,None,283.27,0.0,0.0,7,Clear,2060
2023-03-16 22:00:00,None,275.05,0.0,0.0,9,Clear,1546
2023-03-16 23:00:00,None,274.39,0.0,0.0,8,Clear,985
2023-03-17 00:00:00,None,272.85,0.0,0.0,2,Clear,150
2023-03-17 01:00:00,None,277.9,0.0,0.0,62,Clouds,150
2023-03-17 02:00:00,None,276.46,0.0,0.0,87,Fog,150
2023-03-17 03:00:00,None,274.29,0.0,0.0,9,Clear,1017
2023-03-17 04:00:00,None,280.63,0.9,0.0,80,Rain,894
2023-03-17 05:00:00,None,277.98,0.0,0.0,60,Haze,1137
2023-03-17 06:00:00,None,275.5,0.0,0.0,99,Fog,3131
2023-03-17 07:00:00,None,277.12,0.37,0.0,77,Drizzle,4590
2023-03-17 08:00:00,None,278.85,0.0,0.0,46,Clouds,5962
2023-03-17 09:00:00,None,275.84,7.15,0.0,70,Rain,5672
2023-03-17 10:00:00,None,284.97,0.71,0.0,61,Drizzle,3614
2023-03-17 11:00:00,None,291.05,0.0,0.0,10,Clear,4536
2023-03-17 12:00:00,None,277.72,0.0,0.0,12,Clear,3974
2023-03-17 13:00:00,None,285.12,0.0,0.0,13,Clear,4304
2023-03-17 14:00:00,None,287.96,0.0,0.0,4,Clear,3983
2023-03-17 15:00:00,None,290.68,0.0,0.0,86,Mist,6129
2023-03-17 16:00:00,None,285.75,3.6,0.0,86,Rain,6054
2023-03-17 17:00:00,None,281.78,0.0,0.0,89,Clouds,4798
2023-03-17 18:00:00,None,281.97,2.21,0.0,72,Rain,3764
2023-03-17 19:00:00,None,281.82,0.0,0.0,12,Clear,3422
2023-03-17 20:00:00,None,276.68,0.0,0.0,0,Clear,2237
2023-03-17 21:00:00,None,276.63,0.0,0.0,14,Clear,2312
2023-03-17 22:00:00,None,283.58,0.88,0.0,62,Rain,1272
2023-03-17 23:00:00,None,279.66,0.0,0.0,47,Clouds,1057
2023-03-18 00:00:00,None,278.64,0.0,0.0,10,Clear,489
2023-03-18 01:00:00,None,274.6,0.0,0.0,12,Clear,150
2023-03-18 02:00:00,None,278.45,0.0,0.0,73,Fog,150
2023-03-18 03:00:00,None,272.83,0.0,0.0,76,Mist,302
2023-03-18 04:00:00,None,278.68,0.0,0.0,14,Clear,396
2023-03-18 05:00:00,None,277.27,0.51,0.0,98,Rain,828
2023-03-18 06:00:00,None,276.02,0.0,0.0,13,Clear,2575
2023-03-18 07:00:00,None,276.98,1.16,0.0,69,Rain,3315
2023-03-18 08:00:00,None,281.57,0.0,0.0,95,Clouds,3324
2023-03-18 09:00:00,None,276.03,0.0,0.0,6,Clear,4594
2023-03-18 10:00:00,None,278.58,0.0,0.0,42,Clouds,3177
2023-03-18 11:00:00,None,282.76,0.0,0.0,9,Clear,2906
2023-03-18 12:00:00,None,285.32,0.0,0.0,6,Clear,2535
2023-03-18 13:00:00,None,288.57,0.0,0.0,12,Clear,2888
2023-03-18 14:00:00,None,288.36,0.0,0.0,12,Clear,2560
2023-03-18 15:00:00,None,287.96,0.0,0.0,57,Clouds,4620
2023-03-18 16:00:00,None,284.4,0.21,0.0,83,Rain,3331
2023-03-18 17:00:00,None,282.51,0.0,0.0,12,Clear,2867
2023-03-18 18:00:00,None,286.71,0.0,0.0,59,Clouds,2914
2023-03-18 19:00:00,None,278.64,0.0,0.0,69,Clouds,2116
2023-03-18 20:00:00,None,286.42,0.0,0.0,12,Clear,1652
2023-03-18 21:00:00,None,280.44,0.0,0.0,64,Haze,1385
2023-03-18 22:00:00,None,286.95,0.0,0.0,8,Clear,462
2023-03-18 23:00:00,None,281.9,0.0,0.0,2,Clear,213
2023-03-19 00:00:00,None,276.19,0.27,0.0,92,Drizzle,692
2023-03-19 01:00:00,None,277.56,0.94,0.0,93,Rain,150
2023-03-19 02:00:00,None,275.08,0.0,0.0,93,Clouds,328
2023-03-19 03:00:00,None,279.93,0.0,0.0,96,Clouds,189
2023-03-19 04:00:00,None,274.68,0.0,0.0,14,Clear,722
2023-03-19 05:00:00,None,278.41,0.0,0.0,60,Clouds,700
2023-03-19 06:00:00,None,279.83,0.0,0.0,40,Clouds,919
2023-03-19 07:00:00,None,274.62,0.0,0.0,12,Clear,3088
2023-03-19 08:00:00,None,284.15,0.0,0.0,88,Clouds,3505
2023-03-19 09:00:00,None,277.03,0.0,0.0,97,Clouds,4117
2023-03-19 10:00:00,None,282.77,0.0,0.0,3,Clear,2717
2023-03-19 11:00:00,None,288.08,0.0,0.0,6,Clear,3049
2023-03-19 12:00:00,None,278.57,0.0,0.0,42,Clouds,2533
2023-03-19 13:00:00,None,290.14,0.61,0.0,90,Drizzle,2726
2023-03-19 14:00:00,None,285.1,0.0,0.0,5,Clear,1743
2023-03-19 15:00:00,None,284.71,0.0,0.0,51,Clouds,3346
2023-03-19 16:00:00,None,290.82,0.0,0.0,0,Clear,4236
2023-03-19 17:00:00,None,279.7,0.0,0.0,70,Clouds,3660
2023-03-19 18:00:00,None,284.4,0.0,0.0,5,Clear,3945
2023-03-19 19:00:00,None,284.83,0.0,0.0,7,Clear,1960
2023-03-19 20:00:00,None,282.16,0.0,0.0,3,Clear,2175
2023-03-19 21:00:00,None,279.49,0.0,0.0,10,Clear,1307
2023-03-19 22:00:00,None,276.28,0.0,0.0,5,Clear,938
2023-03-19 23:00:00,None,279.51,0.0,0.0,3,Clear,917
2023-03-20 00:00:00,None,277.6,0.0,0.0,0,Clear,150
2023-03-20 01:00:00,None,276.05,0.0,0.0,6,Clear,983
2023-03-20 02:00:00,None,276.58,0.0,0.0,72,Mist,709
2023-03-20 03:00:00,None,280.26,0.0,0.0,64,Clouds,1154
2023-03-20 04:00:00,None,275.05,0.79,0.0,64,Rain,1179
2023-03-20 05:00:00,None,275.63,0.5,0.0,83,Drizzle,883
2023-03-20 06:00:00,None,278.73,1.16,0.0,71,Thunderstorm,3156
2023-03-20 07:00:00,None,281.43,0.0,0.12,61,Snow,3671
2023-03-20 08:00:00,None,280.22,0.0,0.0,3,Clear,5619
2023-03-20 09:00:00,None,276.17,0.0,0.0,3,Clear,6671
2023-03-20 10:00:00,None,284.51,0.0,0.0,11,Clear,3983
2023-03-20 11:00:00,None,279.27,0.0,0.0,86,Clouds,4908
2023-03-20 12:00:00,None,284.01,0.0,0.0,82,Haze,4449
2023-03-20 13:00:00,None,284.08,0.0,0.0,9,Clear,4039
2023-03-20 14:00:00,None,285.17,0.0,0.0,0,Clear,3891
2023-03-20 15:00:00,None,281.66,0.0,0.0,44,Clouds,5671
2023-03-20 16:00:00,None,283.29,0.0,0.0,79,Mist,5351
2023-03-20 17:00:00,None,281.13,0.34,0.0,64,Rain,4626
2023-03-20 18:00:00,None,289.12,0.0,0.0,92,Fog,3983
2023-03-20 19:00:00,None,287.19,0.0,0.0,4,Clear,3518
2023-03-20 20:00:00,None,280.67,0.0,0.0,0,Clear,2739
2023-03-20 21:00:00,None,280.91,0.0,0.0,89,Mist,1647
2023-03-20 22:00:00,None,279.95,1.02,0.0,96,Drizzle,517
2023-03-20 23:00:00,None,276.13,0.0,0.0,54,Clouds,917
2023-03-21 00:00:00,None,273.08,0.0,0.0,0,Clear,559
2023-03-21 01:00:00,None,274.04,0.0,0.0,72,Haze,171
2023-03-21 02:00:00,None,279.22,0.0,0.0,57,Clouds,590
2023-03-21 03:00:00,None,278.64,0.0,0.0,92,Clouds,988
2023-03-21 04:00:00,None,270.85,0.0,0.0,89,Clouds,1432
2023-03-21 05:00:00,Labor Day,278.08,0.0,0.0,85,Clouds,952
2023-03-21 06:00:00,None,274.97,0.0,0.0,10,Clear,3727
2023-03-21 07:00:00,None,279.17,0.0,0.0,0,Clear,4568
2023-03-21 08:00:00,None,282.46,0.0,0.0,73,Clouds,5399
2023-03-21 09:00:00,None,276.31,0.93,0.0,96,Rain,6485
2023-03-21 10:00:00,None,281.0,0.0,0.0,3,Clear,4424
2023-03-21 11:00:00,None,287.32,6.3,0.0,81,Rain,4122
2023-03-21 12:00:00,None,287.27,0.0,0.0,1,Clear,4013
2023-03-21 13:00:00,None,285.97,0.0,0.0,62,Haze,4145
2023-03-21 14:00:00,None,284.94,0.0,0.0,97,Clouds,4694
2023-03-21 15:00:00,None,285.91,0.0,0.0,11,Clear,5711
2023-03-21 16:00:00,None,287.09,0.0,0.0,75,Clouds,5748
2023-03-21 17:00:00,None,287.08,3.15,0.0,78,Rain,5449
2023-03-21 18:00:00,None,283.22,0.0,0.0,91,Clouds,5152
2023-03-21 19:00:00,None,283.11,0.0,0.0,12,Clear,3128
2023-03-21 20:00:00,None,281.73,0.0,0.0,75,Clouds,2794
2023-03-21 21:00:00,None,278.51,0.69,0.0,78,Rain,1847
2023-03-21 22:00:00,None,283.24,2.72,0.0,81,Rain,1402
2023-03-21 23:00:00,None,279.67,3.28,0.0,69,Thunderstorm,666
2023-03-22 00:00:00,None,280.37,5.38,0.0,84,Rain,191
2023-03-22 01:00:00,None,271.7,2.9,0.0,72,Rain,535
2023-03-22 02:00:00,None,276.67,0.0,0.0,59,Clouds,373
2023-03-22 03:00:00,None,277.11,4.23,0.0,87,Rain,1505
2023-03-22 04:00:00,None,279.77,0.0,0.0,82,Clouds,575
2023-03-22 05:00:00,None,275.64,0.0,0.0,3,Clear,1049
2023-03-22 06:00:00,None,273.81,0.0,0.0,4,Clear,3249
2023-03-22 07:00:00,None,278.47,1.03,0.0,87,Drizzle,4619
2023-03-22 08:00:00,None,278.07,0.0,0.0,2,Clear,5485
2023-03-22 09:00:00,None,274.71,0.0,0.0,64,Mist,7200
2023-03-22 10:00:00,None,284.33,0.0,0.0,74,Mist,3583
2023-03-22 11:00:00,None,282.66,0.0,0.0,78,Fog,4134
2023-03-22 12:00:00,None,278.47,0.0,0.0,98,Clouds,5063
2023-03-22 13:00:00,None,283.84,0.0,0.57,86,Snow,4222
2023-03-22 14:00:00,None,287.82,0.0,0.0,92,Clouds,4398
2023-03-22 15:00:00,None,284.05,0.0,0.0,70,Mist,6684
2023-03-22 16:00:00,None,289.13,0.0,0.0,88,Clouds,5147
2023-03-22 17:00:00,None,289.44,0.0,0.0,14,Clear,5098
2023-03-22 18:00:00,None,283.98,3.49,0.0,68,Rain,4784
2023-03-22 19:00:00,None,286.16,0.0,0.0,83,Clouds,3055
2023-03-22 20:00:00,None,282.57,0.28,0.0,71,Drizzle,2584
2023-03-22 21:00:00,None,284.38,1.78,0.0,92,Rain,2134
2023-03-22 22:00:00,None,279.88,0.0,2.36,83,Snow,873
2023-03-22 23:00:00,None,277.79,0.0,0.0,14,Clear,1054
2023-03-23 00:00:00,None,275.9,0.0,0.0,48,Clouds,150
2023-03-23 01:00:00,None,279.26,0.0,0.0,8,Clear,332
2023-03-23 02:00:00,None,277.17,0.0,0.0,43,Clouds,1055
2023-03-23 03:00:00,None,275.05,0.0,0.0,73,Clouds,518
2023-03-23 04:00:00,None,270.69,0.0,0.0,2,Clear,909
2023-03-23 05:00:00,None,272.75,0.0,0.0,13,Clear,1054
2023-03-23 06:00:00,None,274.09,0.0,0.0,14,Clear,4038
2023-03-23 07:00:00,None,274.75,0.58,0.0,98,Drizzle,5230
2023-03-23 08:00:00,None,276.48,1.2,0.0,63,Drizzle,5940
2023-03-23 09:00:00,None,284.21,0.0,0.0,71,Mist,6527
2023-03-23 10:00:00,None,281.39,0.0,0.0,86,Haze,3972
2023-03-23 11:00:00,None,278.8,0.0,0.0,13,Clear,4203
2023-03-23 12:00:00,None,285.9,0.0,0.0,12,Clear,4930
2023-03-23 13:00:00,None,289.5,0.0,0.0,6,Clear,4052
2023-03-23 14:00:00,None,284.15,0.0,0.0,48,Clouds,4009
2023-03-23 15:00:00,None,285.1,0.0,0.0,5,Clear,5579
2023-03-23 16:00:00,None,286.85,0.0,0.0,0,Clear,5976
2023-03-23 17:00:00,None,280.88,0.0,0.0,61,Mist,4970
2023-03-23 18:00:00,None,283.27,0.0,0.0,7,Clear,4181
2023-03-23 19:00:00,None,284.86,0.0,0.0,64,Clouds,3086
2023-03-23 20:00:00,None,284.94,0.0,0.0,70,Clouds,2969
2023-03-23 21:00:00,None,276.37,0.0,1.33,72,Snow,1934
2023-03-23 22:00:00,None,278.0,0.0,0.0,10,Clear,1542
2023-03-23 23:00:00,None,277.01,0.18,0.0,60,Rain,857
2023-03-24 00:00:00,None,271.64,0.0,0.0,9,Clear,650
2023-03-24 01:00:00,None,273.73,0.0,0.0,80,Clouds,1134
2023-03-24 02:00:00,None,274.17,0.0,0.0,2,Clear,462
2023-03-24 03:00:00,None,275.42,0.0,0.0,1,Clear,1183
2023-03-24 04:00:00,None,278.02,0.0,0.0,64,Haze,268
2023-03-24 05:00:00,None,277.83,5.71,0.0,73,Rain,835
2023-03-24 06:00:00,None,280.48,1.91,0.0,91,Rain,3744
2023-03-24 07:00:00,None,279.81,0.0,0.0,14,Clear,4638
2023-03-24 08:00:00,None,278.32,1.16,0.0,61,Rain,5626
2023-03-24 09:00:00,None,283.35,0.0,0.0,12,Clear,7200
2023-03-24 10:00:00,None,278.86,2.3,0.0,86,Rain,3694
2023-03-24 11:00:00,None,285.26,0.0,0.0,99,Clouds,4240
2023-03-24 12:00:00,None,281.85,0.0,0.0,0,Clear,4637
2023-03-24 13:00:00,None,287.55,0.0,0.0,14,Clear,4421
2023-03-24 14:00:00,None,282.99,0.0,0.0,14,Clear,4284
2023-03-24 15:00:00,None,287.89,0.0,0.0,7,Clear,5820
2023-03-24 16:00:00,None,285.85,0.0,0.0,75,Mist,5735
2023-03-24 17:00:00,None,281.13,0.0,0.0,14,Clear,5320
2023-03-24 18:00:00,None,282.42,0.0,0.0,8,Clear,4909
2023-03-24 19:00:00,None,284.51,0.0,0.0,95,Haze,2770
2023-03-24 20:00:00,None,279.69,0.0,0.0,7,Clear,2495
2023-03-24 21:00:00,None,281.93,0.0,0.0,5,Clear,1673
2023-03-24 22:00:00,None,283.43,0.0,0.0,11,Clear,1349
2023-03-24 23:00:00,None,279.82,0.0,0.0,70,Mist,417
2023-03-25 00:00:00,None,272.73,0.95,0.0,65,Drizzle,451
2023-03-25 01:00:00,None,271.6,0.0,0.0,1,Clear,172
2023-03-25 02:00:00,None,274.45,0.0,0.0,12,Clear,793
2023-03-25 03:00:00,None,275.92,0.0,0.0,14,Clear,910
2023-03-25 04:00:00,None,276.51,0.0,0.0,72,Fog,1335
2023-03-25 05:00:00,None,277.38,0.0,0.0,40,Clouds,150
2023-03-25 06:00:00,None,278.31,0.0,0.0,92,Clouds,2322
2023-03-25 07:00:00,None,274.82,0.0,0.0,53,Clouds,3186
2023-03-25 08:00:00,None,274.66,0.19,0.0,61,Thunderstorm,3152
2023-03-25 09:00:00,None,279.84,0.0,0.0,65,Haze,4908
2023-03-25 10:00:00,None,286.23,0.0,0.0,14,Clear,2474
2023-03-25 11:00:00,None,289.07,0.6,0.0,83,Drizzle,2818
2023-03-25 12:00:00,None,283.35,0.0,0.0,5,Clear,2968
2023-03-25 13:00:00,None,286.97,0.0,0.0,94,Clouds,2640
2023-03-25 14:00:00,None,285.49,2.97,0.0,72,Thunderstorm,2208
2023-03-25 15:00:00,None,283.23,0.0,0.0,7,Clear,3737
2023-03-25 16:00:00,None,287.05,3.76,0.0,71,Thunderstorm,2986
2023-03-25 17:00:00,None,285.45,0.0,0.0,82,Clouds,3113
2023-03-25 18:00:00,None,287.85,0.0,0.0,3,Clear,2931
2023-03-25 19:00:00,None,281.95,0.0,0.0,11,Clear,2431
2023-03-25 20:00:00,None,285.67,0.0,0.0,59,Clouds,1809
2023-03-25 21:00:00,None,278.08,0.0,0.0,14,Clear,1304
2023-03-25 22:00:00,None,279.5,0.93,0.0,72,Rain,1436
2023-03-25 23:00:00,None,278.5,0.0,0.0,97,Clouds,609
2023-03-26 00:00:00,None,272.02,0.0,0.0,4,Clear,150
2023-03-26 01:00:00,None,272.78,0.0,0.0,77,Haze,150
2023-03-26 02:00:00,None,274.43,0.0,0.0,70,Mist,150
2023-03-26 03:00:00,None,272.05,0.0,0.0,9,Clear,714
2023-03-26 04:00:00,None,270.88,0.0,0.0,8,Clear,150
2023-03-26 05:00:00,None,278.2,0.0,0.0,3,Clear,640
2023-03-26 06:00:00,None,276.23,0.0,0.0,11,Clear,1763
2023-03-26 07:00:00,None,281.06,0.0,0.0,87,Clouds,2529
2023-03-26 08:00:00,None,275.36,0.0,0.0,87,Clouds,3322
2023-03-26 09:00:00,None,282.28,0.0,0.0,9,Clear,4515
2023-03-26 10:00:00,None,282.06,0.0,0.0,5,Clear,2240
2023-03-26 11:00:00,None,282.51,1.1,0.0,62,Drizzle,2529
2023-03-26 12:00:00,None,290.29,0.0,0.0,7,Clear,2962
2023-03-26 13:00:00,None,283.28,0.0,0.0,73,Clouds,3341
2023-03-26 14:00:00,None,278.45,0.6,0.0,84,Drizzle,2725
2023-03-26 15:00:00,None,284.69,0.0,0.0,3,Clear,4054
2023-03-26 16:00:00,None,289.38,0.0,0.0,92,Clouds,4054
2023-03-26 17:00:00,None,290.02,0.0,0.0,45,Clouds,3352
2023-03-26 18:00:00,None,288.95,0.0,0.0,41,Clouds,3240
2023-03-26 19:00:00,None,280.41,4.16,0.0,76,Rain,2170
2023-03-26 20:00:00,None,284.28,0.0,0.0,3,Clear,1424
2023-03-26 21:00:00,None,277.07,0.0,0.0,6,Clear,1312
2023-03-26 22:00:00,None,274.4,0.0,0.0,83,Clouds,888
2023-03-26 23:00:00,None,276.06,0.0,0.0,12,Clear,1449
2023-03-27 00:00:00,None,272.58,0.0,0.0,73,Clouds,269
2023-03-27 01:00:00,None,277.48,0.41,0.0,95,Rain,702
2023-03-27 02:00:00,None,274.5,0.0,0.0,93,Clouds,425
2023-03-27 03:00:00,None,278.77,0.0,0.0,85,Clouds,527
2023-03-27 04:00:00,None,272.99,0.0,0.0,82,Haze,1042
2023-03-27 05:00:00,None,275.32,0.0,0.0,5,Clear,721
2023-03-27 06:00:00,None,275.54,0.12,0.0,68,Rain,3604
2023-03-27 07:00:00,None,279.66,0.0,0.0,59,Clouds,4279
2023-03-27 08:00:00,None,276.68,0.0,0.0,13,Clear,6442
2023-03-27 09:00:00,None,283.25,0.0,0.0,8,Clear,6989
2023-03-27 10:00:00,None,287.16,0.0,0.0,3,Clear,4532
2023-03-27 11:00:00,None,281.14,0.0,0.0,50,Clouds,4202
2023-03-27 12:00:00,None,289.05,0.0,0.13,60,Snow,3744
2023-03-27 13:00:00,None,280.89,0.0,0.0,69,Mist,3980
2023-03-27 14:00:00,None,285.66,0.98,0.0,89,Drizzle,4000
2023-03-27 15:00:00,None,288.4,0.0,0.0,4,Clear,6387
2023-03-27 16:00:00,None,286.66,0.0,0.0,56,Clouds,5178
2023-03-27 17:00:00,None,282.35,0.75,0.0,84,Drizzle,4748
2023-03-27 18:00:00,None,276.81,0.0,0.0,13,Clear,4818
2023-03-27 19:00:00,None,283.0,2.97,0.0,77,Rain,2934
2023-03-27 20:00:00,None,283.23,0.0,0.0,9,Clear,2606
2023-03-27 21:00:00,None,282.5,0.0,0.0,5,Clear,1736
2023-03-27 22:00:00,None,278.11,0.0,0.0,84,Clouds,861
2023-03-27 23:00:00,None,279.08,0.0,0.0,64,Mist,402
2023-03-28 00:00:00,None,279.01,0.0,0.0,5,Clear,795
2023-03-28 01:00:00,None,276.23,0.0,0.0,6,Clear,462
2023-03-28 02:00:00,None,273.75,0.0,0.0,99,Mist,207
2023-03-28 03:00:00,None,276.8,0.0,0.0,46,Clouds,499
2023-03-28 04:00:00,None,276.43,0.0,0.0,73,Clouds,540
2023-03-28 05:00:00,None,276.77,0.0,0.0,71,Clouds,921
2023-03-28 06:00:00,None,277.77,0.0,0.25,79,Snow,3650
2023-03-28 07:00:00,None,276.78,0.0,0.0,81,Mist,3969
2023-03-28 08:00:00,None,274.15,0.0,0.0,9,Clear,5836
2023-03-28 09:00:00,None,280.73,0.0,0.0,71,Clouds,6916
2023-03-28 10:00:00,None,282.65,0.57,0.0,62,Drizzle,4503
2023-03-28 11:00:00,None,283.24,0.0,0.0,94,Clouds,4384
2023-03-28 12:00:00,None,286.14,0.71,0.0,79,Drizzle,3920
2023-03-28 13:00:00,None,283.9,0.38,0.0,63,Rain,3932
2023-03-28 14:00:00,None,285.15,0.0,0.0,65,Clouds,5017
2023-03-28 15:00:00,None,284.65,0.0,0.0,12,Clear,6285
2023-03-28 16:00:00,None,286.64,0.0,0.0,59,Clouds,6145
2023-03-28 17:00:00,None,284.98,0.0,0.0,9,Clear,5867
2023-03-28 18:00:00,None,287.47,6.26,0.0,69,Rain,4747
2023-03-28 19:00:00,None,285.84,0.0,0.0,88,Clouds,2240
2023-03-28 20:00:00,None,282.37,0.0,0.0,9,Clear,3066
2023-03-28 21:00:00,None,278.66,0.0,0.0,4,Clear,2030
2023-03-28 22:00:00,None,276.9,0.0,0.0,7,Clear,1711
2023-03-28 23:00:00,None,281.63,0.0,0.0,57,Clouds,735
2023-03-29 00:00:00,None,276.21,0.01,0.0,61,Thunderstorm,528
2023-03-29 01:00:00,None,275.06,2.45,0.0,69,Rain,150
2023-03-29 02:00:00,None,274.87,0.0,0.0,2,Clear,593
2023-03-29 03:00:00,None,275.8,0.0,0.0,13,Clear,186
2023-03-29 04:00:00,None,275.78,0.0,0.0,13,Clear,711
2023-03-29 05:00:00,None,278.09,5.06,0.0,74,Rain,791
2023-03-29 06:00:00,None,276.67,0.0,0.0,10,Clear,3587
2023-03-29 07:00:00,None,275.6,0.56,0.0,61,Drizzle,4686
2023-03-29 08:00:00,None,279.77,0.0,0.0,98,Clouds,5946
2023-03-29 09:00:00,None,281.01,0.0,0.0,40,Clouds,6752
2023-03-29 10:00:00,None,278.51,0.0,0.0,57,Clouds,4236
2023-03-29 11:00:00,None,284.43,0.0,0.0,78,Clouds,4527
2023-03-29 12:00:00,None,285.46,0.0,0.0,3,Clear,4400
2023-03-29 13:00:00,None,285.7,0.0,0.0,80,Haze,3379
2023-03-29 14:00:00,None,279.85,0.0,0.0,5,Clear,4412
2023-03-29 15:00:00,None,288.25,0.0,0.0,2,Clear,5702
2023-03-29 16:00:00,None,290.33,0.0,0.0,94,Clouds,6225
2023-03-29 17:00:00,None,284.24,0.0,0.0,97,Clouds,5796
2023-03-29 18:00:00,None,286.94,0.0,0.0,5,Clear,4365
2023-03-29 19:00:00,None,288.84,0.0,0.0,0,Clear,3147
2023-03-29 20:00:00,None,278.17,0.0,0.0,2,Clear,2458
2023-03-29 21:00:00,None,279.3,0.0,0.0,4,Clear,1299
2023-03-29 22:00:00,None,281.58,0.0,0.0,63,Clouds,1734
2023-03-29 23:00:00,None,278.57,0.0,0.0,6,Clear,266
2023-03-30 00:00:00,None,270.94,0.0,0.0,97,Clouds,393
2023-03-30 01:00:00,None,275.24,0.0,0.0,8,Clear,462
2023-03-30 02:00:00,None,281.09,0.0,0.0,10,Clear,736
2023-03-30 03:00:00,None,271.54,0.0,0.0,99,Clouds,1277
2023-03-30 04:00:00,None,273.43,0.0,0.0,1,Clear,264
2023-03-30 05:00:00,None,276.75,3.59,0.0,70,Rain,1047
2023-03-30 06:00:00,None,276.6,0.0,0.0,65,Fog,2950
2023-03-30 07:00:00,None,275.92,0.0,0.0,88,Clouds,4994
2023-03-30 08:00:00,None,280.14,1.9,0.0,77,Rain,4814
2023-03-30 09:00:00,None,278.62,0.0,0.0,9,Clear,7107
2023-03-30 10:00:00,None,279.24,0.0,0.0,1,Clear,3930
2023-03-30 11:00:00,None,281.59,0.0,0.0,63,Clouds,4384
2023-03-30 12:00:00,None,282.92,0.0,0.0,8,Clear,4229
2023-03-30 13:00:00,None,284.99,0.0,0.0,2,Clear,4242
2023-03-30 14:00:00,None,289.3,0.0,0.0,94,Clouds,3927
2023-03-30 15:00:00,None,287.81,0.0,0.0,3,Clear,5833
2023-03-30 16:00:00,None,285.4,0.0,0.0,2,Clear,5527
2023-03-30 17:00:00,None,281.99,0.0,0.0,91,Haze,4945
2023-03-30 18:00:00,None,282.75,0.29,0.0,70,Rain,3849
2023-03-30 19:00:00,None,284.49,0.0,0.0,6,Clear,2954
2023-03-30 20:00:00,None,279.72,6.95,0.0,81,Rain,1933
2023-03-30 21:00:00,Labor Day,283.81,0.0,0.0,60,Clouds,1230
2023-03-30 22:00:00,None,277.76,1.46,0.0,73,Rain,2237
2023-03-30 23:00:00,None,276.09,0.0,0.0,5,Clear,504
2023-03-31 00:00:00,None,278.88,0.0,0.0,10,Clear,150
2023-03-31 01:00:00,None,277.89,0.0,0.0,11,Clear,452
2023-03-31 02:00:00,None,275.29,0.0,0.0,2,Clear,607
2023-03-31 03:00:00,None,272.67,0.0,0.0,81,Clouds,1063
2023-03-31 04:00:00,None,277.05,0.0,0.0,9,Clear,967
2023-03-31 05:00:00,None,278.03,0.0,0.0,76,Mist,925
2023-03-31 06:00:00,None,277.69,0.0,0.0,8,Clear,2967
2023-03-31 07:00:00,None,280.18,0.0,0.0,12,Clear,4528
2023-03-31 08:00:00,None,274.89,0.0,0.0,90,Clouds,5704
2023-03-31 09:00:00,None,278.02,0.0,0.0,41,Clouds,7006
2023-03-31 10:00:00,None,277.91,0.0,0.0,70,Clouds,4370
2023-03-31 11:00:00,None,282.63,2.88,0.0,71,Rain,3291
2023-03-31 12:00:00,None,280.23,0.0,0.0,54,Clouds,3486
2023-03-31 13:00:00,None,285.29,0.0,0.0,76,Mist,3231
2023-03-31 14:00:00,None,282.28,0.0,0.0,0,Clear,4289
2023-03-31 15:00:00,None,280.19,0.0,0.0,51,Clouds,6816
2023-03-31 16:00:00,None,283.62,0.0,2.89,64,Snow,6035
2023-03-31 17:00:00,None,283.82,0.0,0.0,5,Clear,5688
2023-03-31 18:00:00,None,288.01,0.0,0.0,9,Clear,5517
2023-03-31 19:00:00,None,284.0,0.0,0.0,69,Mist,3704
2023-03-31 20:00:00,None,283.33,0.0,0.61,81,Snow,2122
2023-03-31 21:00:00,None,280.61,0.0,0.0,13,Clear,1708
2023-03-31 22:00:00,None,282.38,1.14,0.0,76,Rain,1771
2023-03-31 23:00:00,None,278.5,0.0,0.0,86,Clouds,879
2023-04-01 00:00:00,None,282.79,0.0,0.0,9,Clear,833
2023-04-01 01:00:00,None,281.29,0.0,0.0,92,Clouds,150
2023-04-01 02:00:00,None,283.74,3.01,0.0,68,Rain,577
2023-04-01 03:00:00,None,284.16,0.0,0.37,93,Snow,660
2023-04-01 04:00:00,None,287.33,0.0,0.0,3,Clear,407
2023-04-01 05:00:00,None,284.37,0.0,0.0,14,Clear,150
2023-04-01 06:00:00,None,287.6,0.0,0.0,10,Clear,2047
2023-04-01 07:00:00,None,289.09,0.0,0.0,87,Clouds,2877
2023-04-01 08:00:00,Christmas Day,290.45,0.0,0.0,1,Clear,1620
2023-04-01 09:00:00,None,292.05,0.0,0.0,74,Clouds,4125
2023-04-01 10:00:00,None,288.45,0.0,0.0,8,Clear,2216
2023-04-01 11:00:00,None,289.27,0.0,0.0,10,Clear,2917
2023-04-01 12:00:00,None,289.32,11.92,0.0,81,Rain,2688
2023-04-01 13:00:00,None,292.23,0.0,0.0,81,Clouds,3228
2023-04-01 14:00:00,None,297.04,1.12,0.0,88,Drizzle,2475
2023-04-01 15:00:00,None,293.4,0.0,0.0,80,Clouds,3857
2023-04-01 16:00:00,None,289.91,0.0,0.0,67,Mist,3905
2023-04-01 17:00:00,None,289.28,0.0,5.08,98,Snow,3015
2023-04-01 18:00:00,None,295.34,0.0,0.0,13,Clear,3839
2023-04-01 19:00:00,None,290.58,0.0,0.0,14,Clear,2303
2023-04-01 20:00:00,None,287.37,4.49,0.0,72,Rain,1034
2023-04-01 21:00:00,None,290.48,0.35,0.0,97,Rain,1189
2023-04-01 22:00:00,None,288.42,0.34,0.0,92,Drizzle,290
2023-04-01 23:00:00,None,290.67,0.0,0.0,5,Clear,1210
2023-04-02 00:00:00,None,288.14,0.0,0.0,65,Clouds,1200
2023-04-02 01:00:00,None,288.44,0.0,0.0,57,Clouds,150
2023-04-02 02:00:00,None,281.24,0.0,0.0,98,Clouds,949
2023-04-02 03:00:00,None,282.58,8.92,0.0,74,Rain,810
2023-04-02 04:00:00,None,281.02,0.0,0.0,95,Clouds,382
2023-04-02 05:00:00,None,284.76,0.0,0.0,61,Clouds,157
2023-04-02 06:00:00,None,283.06,0.0,0.0,69,Clouds,2296
2023-04-02 07:00:00,None,290.17,0.0,0.0,6,Clear,2585
2023-04-02 08:00:00,None,284.38,0.0,0.0,84,Clouds,3861
2023-04-02 09:00:00,None,282.47,0.76,0.0,78,Drizzle,4646
2023-04-02 10:00:00,None,293.21,0.93,0.0,77,Drizzle,3273
2023-04-02 11:00:00,None,281.59,0.0,0.0,73,Clouds,3111
2023-04-02 12:00:00,None,291.66,0.0,0.0,98,Clouds,1986
2023-04-02 13:00:00,None,294.52,0.0,0.0,73,Clouds,2456
2023-04-02 14:00:00,None,294.84,1.59,0.0,95,Rain,2312
2023-04-02 15:00:00,None,292.37,0.0,0.0,82,Haze,3606
2023-04-02 16:00:00,None,287.27,0.0,2.84,93,Snow,2956
2023-04-02 17:00:00,None,288.84,0.0,0.0,77,Mist,2654
2023-04-02 18:00:00,None,288.73,0.0,0.0,88,Clouds,4075
2023-04-02 19:00:00,None,290.31,0.0,0.0,77,Mist,2356
2023-04-02 20:00:00,None,289.89,0.0,0.0,14,Clear,1256
2023-04-02 21:00:00,None,284.79,0.0,0.0,4,Clear,957
2023-04-02 22:00:00,None,285.17,0.0,0.0,84,Clouds,669
2023-04-02 23:00:00,None,285.77,0.0,0.0,53,Clouds,299
2023-04-03 00:00:00,None,282.73,0.0,0.0,14,Clear,150
2023-04-03 01:00:00,None,281.33,0.0,0.0,93,Fog,576
2023-04-03 02:00:00,None,282.15,0.0,0.0,9,Clear,761
2023-04-03 03:00:00,None,282.3,2.84,0.0,89,Thunderstorm,359
2023-04-03 04:00:00,None,282.71,0.0,0.0,3,Clear,644
2023-04-03 05:00:00,None,278.37,0.3,0.0,78,Drizzle,1176
2023-04-03 06:00:00,Independence Day,280.29,0.0,0.0,79,Mist,1382
2023-04-03 07:00:00,None,286.52,0.95,0.0,92,Drizzle,4220
2023-04-03 08:00:00,None,284.62,0.58,0.0,97,Rain,5518
2023-04-03 09:00:00,Labor Day,291.16,0.0,0.0,89,Clouds,2744
2023-04-03 10:00:00,None,292.04,0.0,0.0,3,Clear,4645
2023-04-03 11:00:00,None,291.51,0.0,0.0,3,Clear,3841
2023-04-03 12:00:00,None,295.97,0.0,0.0,5,Clear,4319
2023-04-03 13:00:00,None,287.21,0.0,0.0,78,Fog,3942
2023-04-03 14:00:00,None,288.44,0.0,0.0,7,Clear,4228
2023-04-03 15:00:00,None,292.08,0.0,0.0,96,Clouds,6740
2023-04-03 16:00:00,None,292.8,0.0,0.0,0,Clear,5087
2023-04-03 17:00:00,None,293.72,1.26,0.0,84,Thunderstorm,4280
2023-04-03 18:00:00,None,296.76,0.0,0.0,7,Clear,5065
2023-04-03 19:00:00,None,291.31,0.0,0.0,91,Fog,2729
2023-04-03 20:00:00,None,294.62,0.0,0.0,3,Clear,2070
2023-04-03 21:00:00,None,296.63,0.93,0.0,96,Drizzle,2871
2023-04-03 22:00:00,None,284.42,0.0,0.0,40,Clouds,985
2023-04-03 23:00:00,None,285.33,0.0,0.0,71,Clouds,702
2023-04-04 00:00:00,None,279.96,0.0,0.0,13,Clear,355
2023-04-04 01:00:00,None,281.9,0.0,0.0,7,Clear,150
2023-04-04 02:00:00,None,285.4,0.0,0.0,6,Clear,868
2023-04-04 03:00:00,None,283.02,0.0,0.0,10,Clear,542
2023-04-04 04:00:00,None,284.09,0.0,0.0,5,Clear,916
2023-04-04 05:00:00,None,280.54,0.0,0.0,7,Clear,771
2023-04-04 06:00:00,None,283.29,0.0,0.0,70,Clouds,4339
2023-04-04 07:00:00,None,287.34,0.0,0.0,8,Clear,4362
2023-04-04 08:00:00,None,291.69,0.0,0.0,5,Clear,5605
2023-04-04 09:00:00,None,286.37,0.0,0.0,51,Clouds,6755
2023-04-04 10:00:00,None,289.52,0.0,0.0,10,Clear,4452
2023-04-04 11:00:00,None,292.32,1.4,0.0,94,Rain,3764
2023-04-04 12:00:00,None,291.24,0.0,0.0,84,Clouds,4615
2023-04-04 13:00:00,None,295.8,0.0,0.0,99,Mist,3599
2023-04-04 14:00:00,None,291.61,0.0,0.0,78,Clouds,3919
2023-04-04 15:00:00,None,296.8,0.0,0.0,83,Haze,5649
2023-04-04 16:00:00,None,293.35,0.0,0.0,8,Clear,6305
2023-04-04 17:00:00,None,290.67,0.0,0.0,59,Clouds,5462
2023-04-04 18:00:00,None,291.03,0.0,0.0,12,Clear,4746
2023-04-04 19:00:00,None,288.75,0.0,0.0,1,Clear,3074
2023-04-04 20:00:00,None,287.93,0.0,0.0,76,Mist,2203
2023-04-04 21:00:00,None,280.57,0.19,0.0,63,Rain,1861
2023-04-04 22:00:00,None,291.27,0.0,0.0,75,Fog,1208
2023-04-04 23:00:00,None,286.81,1.1,0.0,70,Drizzle,800
2023-04-05 00:00:00,None,282.1,0.0,0.03,98,Snow,150
2023-04-05 01:00:00,None,282.1,0.0,0.0,3,Clear,705
2023-04-05 02:00:00,None,287.25,0.0,0.0,0,Clear,150
2023-04-05 03:00:00,None,286.96,0.0,0.0,69,Mist,545
2023-04-05 04:00:00,None,281.03,0.0,0.0,71,Clouds,1119
2023-04-05 05:00:00,None,281.85,0.0,0.0,5,Clear,968
2023-04-05 06:00:00,None,289.29,0.0,0.0,53,Clouds,3067
2023-04-05 07:00:00,None,291.89,0.0,0.0,12,Clear,4615
2023-04-05 08:00:00,None,278.02,5.31,0.0,98,Rain,6070
2023-04-05 09:00:00,None,288.68,0.0,0.0,12,Clear,6494
2023-04-05 10:00:00,None,290.56,0.0,0.0,47,Clouds,3663
2023-04-05 11:00:00,None,296.8,0.0,0.0,14,Clear,4077
2023-04-05 12:00:00,None,296.57,0.0,0.0,0,Clear,4299
2023-04-05 13:00:00,None,286.81,0.0,0.0,7,Clear,4764
2023-04-05 14:00:00,None,293.92,0.86,0.0,72,Rain,4393
2023-04-05 15:00:00,None,289.81,0.0,0.0,7,Clear,6023
2023-04-05 16:00:00,None,287.66,0.0,0.0,5,Clear,5607
2023-04-05 17:00:00,None,291.68,0.0,0.0,6,Clear,5245
2023-04-05 18:00:00,None,295.24,0.3,0.0,86,Rain,4925
2023-04-05 19:00:00,None,286.08,0.0,0.0,82,Clouds,2516
2023-04-05 20:00:00,None,288.24,2.1,0.0,73,Rain,2384
2023-04-05 21:00:00,None,282.32,0.0,0.0,78,Clouds,2825
2023-04-05 22:00:00,None,284.65,0.0,0.0,9,Clear,1248
2023-04-05 23:00:00,None,282.09,4.47,0.0,95,Rain,638
2023-04-06 00:00:00,None,283.53,0.0,0.0,68,Clouds,362
2023-04-06 01:00:00,None,283.45,0.0,0.0,11,Clear,468
2023-04-06 02:00:00,None,286.33,0.0,3.13,72,Snow,667
2023-04-06 03:00:00,None,282.67,0.0,0.0,4,Clear,561
2023-04-06 04:00:00,None,285.69,0.0,0.0,67,Clouds,150
2023-04-06 05:00:00,None,286.54,0.0,0.0,43,Clouds,391
2023-04-06 06:00:00,None,286.96,0.0,0.0,68,Clouds,3639
2023-04-06 07:00:00,None,281.76,0.0,0.0,6,Clear,4526
2023-04-06 08:00:00,None,288.78,0.0,0.0,1,Clear,5602
2023-04-06 09:00:00,None,291.11,0.0,0.0,64,Clouds,6845
2023-04-06 10:00:00,None,297.25,0.0,0.0,71,Clouds,4671
2023-04-06 11:00:00,Labor Day,292.92,0.0,0.0,58,Clouds,1164
2023-04-06 12:00:00,None,291.91,0.0,0.0,12,Clear,3834
2023-04-06 13:00:00,None,291.52,0.0,0.0,6,Clear,4556
2023-04-06 14:00:00,None,296.87,1.11,0.0,71,Drizzle,4023
2023-04-06 15:00:00,None,298.46,0.0,0.0,2,Clear,5821
2023-04-06 16:00:00,None,292.07,0.0,0.0,65,Clouds,5897
2023-04-06 17:00:00,None,295.69,0.0,0.0,72,Clouds,5585
2023-04-06 18:00:00,None,294.49,0.0,0.0,81,Clouds,5241
2023-04-06 19:00:00,None,291.46,0.0,0.0,14,Clear,3790
2023-04-06 20:00:00,None,287.55,0.0,0.0,1,Clear,2137
2023-04-06 21:00:00,None,293.83,0.11,0.0,77,Rain,1993
2023-04-06 22:00:00,None,281.51,0.0,0.0,93,Clouds,749
2023-04-06 23:00:00,None,288.19,0.0,0.0,89,Clouds,904
2023-04-07 00:00:00,None,289.93,0.0,0.0,10,Clear,369
2023-04-07 01:00:00,None,287.38,0.0,0.69,93,Snow,205
2023-04-07 02:00:00,None,286.02,0.0,0.0,79,Clouds,150
2023-04-07 03:00:00,None,286.06,0.96,0.0,78,Drizzle,608
2023-04-07 04:00:00,None,286.18,0.0,0.0,14,Clear,773
2023-04-07 05:00:00,None,286.82,0.0,0.0,83,Clouds,1314
2023-04-07 06:00:00,None,286.04,3.93,0.0,63,Rain,3711
2023-04-07 07:00:00,None,286.55,0.0,0.0,13,Clear,4441
2023-04-07 08:00:00,None,288.0,0.0,0.0,96,Clouds,5951
2023-04-07 09:00:00,None,289.29,1.85,0.0,96,Rain,6474
2023-04-07 10:00:00,None,288.74,0.0,0.0,51,Clouds,5098
2023-04-07 11:00:00,None,288.26,1.02,0.0,92,Drizzle,3641
2023-04-07 12:00:00,None,292.37,0.0,0.0,71,Clouds,3953
2023-04-07 13:00:00,None,288.41,0.0,0.0,83,Mist,4785
2023-04-07 14:00:00,None,289.94,0.0,0.0,10,Clear,3798
2023-04-07 15:00:00,None,294.54,0.0,0.0,9,Clear,6189
2023-04-07 16:00:00,None,295.63,0.0,0.0,4,Clear,6378
2023-04-07 17:00:00,None,296.47,0.1,0.0,81,Rain,4952
2023-04-07 18:00:00,None,290.01,0.0,0.0,9,Clear,3898
2023-04-07 19:00:00,None,289.29,0.0,0.0,60,Clouds,3801
2023-04-07 20:00:00,None,286.11,0.48,0.0,76,Drizzle,2517
2023-04-07 21:00:00,None,297.46,0.0,3.27,66,Snow,1677
2023-04-07 22:00:00,None,286.61,0.0,0.0,2,Clear,1504
2023-04-07 23:00:00,None,288.2,0.0,2.23,69,Snow,969
2023-04-08 00:00:00,None,286.43,0.0,0.0,52,Clouds,336
2023-04-08 01:00:00,None,284.0,0.0,0.0,81,Clouds,153
2023-04-08 02:00:00,None,282.49,0.0,0.0,44,Clouds,269
2023-04-08 03:00:00,None,281.45,0.0,0.0,2,Clear,524
2023-04-08 04:00:00,None,281.01,1.47,0.0,73,Rain,955
2023-04-08 05:00:00,None,283.57,5.93,0.0,98,Rain,428
2023-04-08 06:00:00,None,286.41,0.27,0.0,69,Rain,2192
2023-04-08 07:00:00,None,275.69,0.0,0.85,91,Snow,2448
2023-04-08 08:00:00,None,286.8,0.0,0.0,5,Clear,2959
2023-04-08 09:00:00,None,292.13,0.0,0.0,62,Haze,3722
2023-04-08 10:00:00,None,290.46,0.0,0.0,13,Clear,2601
2023-04-08 11:00:00,None,286.97,0.0,0.0,6,Clear,3368
2023-04-08 12:00:00,None,295.67,0.0,0.0,58,Clouds,3254
2023-04-08 13:00:00,None,291.12,0.0,0.0,69,Clouds,2883
2023-04-08 14:00:00,None,292.25,0.0,0.0,89,Clouds,2895
2023-04-08 15:00:00,None,291.76,0.0,0.0,14,Clear,4708
2023-04-08 16:00:00,None,289.14,0.0,0.0,80,Haze,3483
2023-04-08 17:00:00,None,290.7,0.0,0.0,65,Clouds,3598
2023-04-08 18:00:00,None,289.24,13.13,0.0,92,Rain,3243
2023-04-08 19:00:00,None,289.59,0.0,0.0,11,Clear,1868
2023-04-08 20:00:00,None,291.62,0.0,0.0,7,Clear,2663
2023-04-08 21:00:00,None,291.18,0.0,0.0,5,Clear,1459
2023-04-08 22:00:00,None,289.25,0.0,0.0,48,Clouds,355
2023-04-08 23:00:00,None,279.41,0.0,0.0,9,Clear,566
2023-04-09 00:00:00,None,286.32,0.0,0.0,58,Clouds,150
2023-04-09 01:00:00,None,281.93,2.55,0.0,81,Rain,150
2023-04-09 02:00:00,None,285.98,0.0,1.89,79,Snow,150
2023-04-09 03:00:00,None,278.72,0.0,0.0,62,Clouds,741
2023-04-09 04:00:00,None,284.79,0.61,0.0,99,Rain,816
2023-04-09 05:00:00,None,276.15,0.0,0.0,3,Clear,646
2023-04-09 06:00:00,None,284.52,0.0,0.0,64,Mist,1612
2023-04-09 07:00:00,None,284.12,0.0,0.0,80,Mist,3682
2023-04-09 08:00:00,None,287.47,0.0,0.0,5,Clear,3710
2023-04-09 09:00:00,None,291.44,0.0,0.0,12,Clear,4678
2023-04-09 10:00:00,None,287.2,0.0,0.0,3,Clear,2601
2023-04-09 11:00:00,None,290.72,0.0,0.0,94,Clouds,2734
2023-04-09 12:00:00,None,286.48,0.0,0.0,6,Clear,2908
2023-04-09 13:00:00,None,293.48,0.0,0.0,13,Clear,2080
2023-04-09 14:00:00,None,296.41,0.0,0.0,5,Clear,2045
2023-04-09 15:00:00,None,293.9,0.0,0.0,95,Clouds,4656
2023-04-09 16:00:00,None,294.36,0.0,0.0,0,Clear,4380
2023-04-09 17:00:00,None,294.89,0.0,0.0,88,Clouds,3010
2023-04-09 18:00:00,None,286.85,0.0,0.0,92,Clouds,3995
2023-04-09 19:00:00,None,291.34,1.72,0.0,70,Rain,1814
2023-04-09 20:00:00,None,289.3,0.0,0.0,74,Fog,1346
2023-04-09 21:00:00,None,287.75,0.0,0.0,8,Clear,1945
2023-04-09 22:00:00,None,290.63,0.77,0.0,60,Rain,981
2023-04-09 23:00:00,None,281.44,0.0,0.0,5,Clear,1185
2023-04-10 00:00:00,None,282.03,0.0,0.0,78,Fog,291
2023-04-10 01:00:00,None,288.22,0.0,0.0,12,Clear,802
2023-04-10 02:00:00,None,282.2,8.41,0.0,92,Rain,150
2023-04-10 03:00:00,None,277.87,0.84,0.0,98,Drizzle,829
2023-04-10 04:00:00,None,284.3,0.0,0.0,8,Clear,150
2023-04-10 05:00:00,None,277.64,0.0,0.0,7,Clear,619
2023-04-10 06:00:00,None,282.42,0.0,0.0,7,Clear,3113
2023-04-10 07:00:00,None,286.83,0.0,0.0,80,Clouds,4341
2023-04-10 08:00:00,None,285.14,0.0,0.0,85,Clouds,6302
2023-04-10 09:00:00,None,289.13,0.0,0.0,54,Clouds,6999
2023-04-10 10:00:00,None,287.71,0.0,0.0,83,Haze,4529
2023-04-10 11:00:00,None,293.64,0.0,0.0,13,Clear,4538
2023-04-10 12:00:00,None,297.69,0.0,0.0,90,Clouds,4489
2023-04-10 13:00:00,None,289.88,0.0,0.0,3,Clear,4104
2023-04-10 14:00:00,None,290.0,0.0,0.0,51,Clouds,3740
2023-04-10 15:00:00,None,294.71,0.0,0.0,40,Clouds,5925
2023-04-10 16:00:00,None,291.48,0.0,0.0,67,Clouds,5989
2023-04-10 17:00:00,None,289.84,0.0,0.0,8,Clear,5109
2023-04-10 18:00:00,None,291.88,0.0,0.0,0,Clear,4592
2023-04-10 19:00:00,None,290.05,0.0,0.0,9,Clear,3001
2023-04-10 20:00:00,None,290.62,0.0,0.0,8,Clear,1967
2023-04-10 21:00:00,None,287.78,0.0,0.0,73,Fog,1851
2023-04-10 22:00:00,None,289.2,0.0,0.0,7,Clear,991
2023-04-10 23:00:00,None,290.36,0.0,0.0,3,Clear,1439
2023-04-11 00:00:00,None,282.37,0.0,0.0,74,Clouds,150
2023-04-11 01:00:00,None,285.86,0.0,0.0,94,Clouds,356
2023-04-11 02:00:00,None,280.16,0.0,0.0,3,Clear,1020
2023-04-11 03:00:00,None,290.09,0.0,0.0,65,Clouds,732
2023-04-11 04:00:00,None,288.9,0.0,0.0,92,Clouds,531
2023-04-11 05:00:00,None,284.57,0.0,0.0,54,Clouds,796
2023-04-11 06:00:00,None,286.52,0.0,0.0,49,Clouds,3511
2023-04-11 07:00:00,None,282.89,0.0,0.0,99,Clouds,3900
2023-04-11 08:00:00,None,284.28,0.0,0.0,85,Mist,6183
2023-04-11 09:00:00,None,291.37,0.0,0.0,5,Clear,7200
2023-04-11 10:00:00,None,293.07,0.0,0.0,4,Clear,4008
2023-04-11 11:00:00,None,286.2,0.0,0.0,11,Clear,4176
2023-04-11 12:00:00,None,288.41,0.0,0.0,67,Mist,4040
2023-04-11 13:00:00,None,290.83,0.0,0.0,8,Clear,4280
2023-04-11 14:00:00,None,294.58,0.77,0.0,62,Thunderstorm,4382
2023-04-11 15:00:00,None,298.78,0.0,0.0,10,Clear,6486
2023-04-11 16:00:00,None,293.29,0.0,0.0,4,Clear,5675
2023-04-11 17:00:00,None,296.74,0.0,0.06,96,Snow,4395
2023-04-11 18:00:00,None,291.11,0.0,0.0,13,Clear,5242
2023-04-11 19:00:00,None,294.72,0.0,0.0,48,Clouds,3510
2023-04-11 20:00:00,None,289.24,0.0,0.0,91,Mist,1821
2023-04-11 21:00:00,None,287.94,0.38,0.0,86,Rain,2225
2023-04-11 22:00:00,None,285.89,0.0,0.0,1,Clear,1385
2023-04-11 23:00:00,None,286.55,0.0,0.0,9,Clear,581
2023-04-12 00:00:00,None,286.28,0.0,0.0,13,Clear,150
2023-04-12 01:00:00,None,283.46,0.0,0.0,5,Clear,297
2023-04-12 02:00:00,None,276.38,0.0,0.0,3,Clear,330
2023-04-12 03:00:00,None,282.16,0.0,0.0,60,Clouds,757
2023-04-12 04:00:00,None,281.36,0.0,0.0,75,Clouds,1522
2023-04-12 05:00:00,None,285.45,0.0,0.0,41,Clouds,267
2023-04-12 06:00:00,None,287.85,0.0,0.0,62,Mist,3517
2023-04-12 07:00:00,None,280.11,0.0,0.0,7,Clear,5458
2023-04-12 08:00:00,Labor Day,286.41,0.0,0.0,64,Mist,2861
2023-04-12 09:00:00,None,286.66,0.0,0.0,76,Clouds,6880
2023-04-12 10:00:00,None,290.8,0.0,0.0,10,Clear,4008
2023-04-12 11:00:00,None,287.82,0.88,0.0,99,Drizzle,3876
2023-04-12 12:00:00,None,292.41,0.0,0.0,0,Clear,3758
2023-04-12 13:00:00,None,292.99,0.0,0.0,62,Clouds,4039
2023-04-12 14:00:00,None,289.61,0.0,0.0,55,Clouds,4198
2023-04-12 15:00:00,None,296.54,0.0,0.0,1,Clear,5789
2023-04-12 16:00:00,None,294.04,0.46,0.0,64,Rain,5055
2023-04-12 17:00:00,None,291.81,2.07,0.0,82,Rain,4968
2023-04-12 18:00:00,None,291.92,0.0,0.0,10,Clear,5462
2023-04-12 19:00:00,None,292.94,0.0,0.0,3,Clear,3528
2023-04-12 20:00:00,None,292.35,5.55,0.0,82,Rain,2258
2023-04-12 21:00:00,None,285.8,0.0,0.0,0,Clear,2070
2023-04-12 22:00:00,None,285.14,0.0,0.0,99,Clouds,1240
2023-04-12 23:00:00,None,282.58,0.0,0.52,95,Snow,747
2023-04-13 00:00:00,None,282.91,0.0,0.0,2,Clear,508
2023-04-13 01:00:00,None,285.12,0.0,0.0,98,Clouds,786
2023-04-13 02:00:00,None,276.53,0.0,0.0,73,Clouds,1006
2023-04-13 03:00:00,None,282.56,6.08,0.0,88,Rain,941
2023-04-13 04:00:00,None,282.91,0.0,0.0,4,Clear,937
2023-04-13 05:00:00,None,286.68,0.0,1.67,74,Snow,239
2023-04-13 06:00:00,None,281.48,0.0,0.0,79,Clouds,3496
2023-04-13 07:00:00,None,281.44,0.0,0.0,9,Clear,4887
2023-04-13 08:00:00,None,281.72,0.0,3.73,69,Snow,4451
2023-04-13 09:00:00,None,293.35,0.0,0.0,14,Clear,6282
2023-04-13 10:00:00,None,285.34,0.0,0.0,45,Clouds,3681
2023-04-13 11:00:00,None,291.63,1.07,0.0,93,Thunderstorm,4003
2023-04-13 12:00:00,None,290.32,0.17,0.0,98,Rain,4370
2023-04-13 13:00:00,None,292.44,0.0,0.0,5,Clear,4302
2023-04-13 14:00:00,None,295.0,0.0,0.0,62,Mist,4012
2023-04-13 15:00:00,None,293.65,0.0,0.0,4,Clear,5820
2023-04-13 16:00:00,None,294.47,3.43,0.0,62,Rain,5709
2023-04-13 17:00:00,None,286.42,0.0,0.0,5,Clear,5643
2023-04-13 18:00:00,None,296.71,0.0,0.0,90,Clouds,5226
2023-04-13 19:00:00,None,286.56,0.0,0.0,0,Clear,2773
2023-04-13 20:00:00,None,289.65,0.0,0.0,44,Clouds,2689
2023-04-13 21:00:00,None,289.36,0.0,0.0,81,Haze,1702
2023-04-13 22:00:00,None,287.58,0.0,0.0,68,Clouds,2217
2023-04-13 23:00:00,None,286.39,0.39,0.0,89,Drizzle,812
2023-04-14 00:00:00,None,283.12,0.0,0.0,87,Clouds,439
2023-04-14 01:00:00,None,285.13,0.0,0.0,6,Clear,778
2023-04-14 02:00:00,None,285.41,6.39,0.0,88,Rain,151
2023-04-14 03:00:00,None,287.49,0.0,0.0,59,Clouds,173
2023-04-14 04:00:00,None,278.05,0.0,0.0,5,Clear,932
2023-04-14 05:00:00,None,279.31,0.0,0.0,7,Clear,877
2023-04-14 06:00:00,None,280.99,0.0,0.0,91,Clouds,3935
2023-04-14 07:00:00,None,288.92,0.0,0.0,92,Clouds,4264
2023-04-14 08:00:00,None,285.99,0.0,0.0,6,Clear,5277
2023-04-14 09:00:00,None,291.68,0.0,0.0,10,Clear,6321
2023-04-14 10:00:00,None,291.37,0.0,0.0,42,Clouds,4118
2023-04-14 11:00:00,None,289.4,0.0,0.0,11,Clear,5192
2023-04-14 12:00:00,None,291.48,2.17,0.0,87,Rain,4364
2023-04-14 13:00:00,None,291.22,0.0,0.0,6,Clear,3265
2023-04-14 14:00:00,None,292.97,0.0,0.0,49,Clouds,4300
2023-04-14 15:00:00,None,294.69,0.0,0.0,12,Clear,6618
2023-04-14 16:00:00,None,295.01,0.0,0.0,74,Haze,5765
2023-04-14 17:00:00,None,294.12,0.0,0.0,7,Clear,5589
2023-04-14 18:00:00,None,288.27,0.0,0.0,69,Clouds,4193
2023-04-14 19:00:00,None,289.04,0.0,0.0,95,Clouds,2847
2023-04-14 20:00:00,None,286.6,2.42,0.0,78,Rain,2923
2023-04-14 21:00:00,None,290.92,0.0,0.0,93,Clouds,1475
2023-04-14 22:00:00,None,287.31,0.0,0.0,74,Mist,1146
2023-04-14 23:00:00,None,286.64,5.04,0.0,64,Rain,222
2023-04-15 00:00:00,None,283.64,1.88,0.0,71,Rain,433
2023-04-15 01:00:00,None,284.18,0.0,0.0,11,Clear,551
2023-04-15 02:00:00,None,279.05,0.0,0.0,2,Clear,465
2023-04-15 03:00:00,None,290.26,0.0,0.0,57,Clouds,573
2023-04-15 04:00:00,None,279.89,0.0,1.83,90,Snow,1192
2023-04-15 05:00:00,None,277.98,0.0,0.0,0,Clear,417
2023-04-15 06:00:00,None,279.04,4.0,0.0,68,Rain,2214
2023-04-15 07:00:00,None,282.74,0.0,0.0,14,Clear,3101
2023-04-15 08:00:00,None,292.74,0.0,0.16,79,Snow,3256
2023-04-15 09:00:00,None,289.19,0.0,0.0,9,Clear,4541
2023-04-15 10:00:00,None,280.14,0.0,0.0,0,Clear,2641
2023-04-15 11:00:00,None,286.94,0.0,0.0,4,Clear,3516
2023-04-15 12:00:00,None,295.85,0.0,0.0,1,Clear,2744
2023-04-15 13:00:00,None,294.53,2.01,0.0,82,Rain,2999
2023-04-15 14:00:00,None,286.29,0.0,0.0,65,Clouds,3154
2023-04-15 15:00:00,None,293.1,0.62,0.0,88,Drizzle,4392
2023-04-15 16:00:00,None,286.07,0.0,0.0,64,Mist,3996
2023-04-15 17:00:00,None,291.24,0.0,0.0,49,Clouds,3218
2023-04-15 18:00:00,None,293.12,0.0,0.0,6,Clear,2792
2023-04-15 19:00:00,None,295.63,0.0,0.0,6,Clear,2625
2023-04-15 20:00:00,None,287.26,0.73,0.0,75,Rain,1672
2023-04-15 21:00:00,None,287.28,0.0,0.0,8,Clear,372
2023-04-15 22:00:00,None,289.63,0.0,0.0,41,Clouds,917
2023-04-15 23:00:00,None,285.18,0.0,0.0,79,Clouds,935
2023-04-16 00:00:00,None,282.87,0.0,0.0,94,Clouds,694
2023-04-16 01:00:00,Memorial Day,286.17,6.65,0.0,64,Rain,320
2023-04-16 02:00:00,None,287.7,0.0,0.0,9,Clear,473
2023-04-16 03:00:00,None,286.69,2.43,0.0,79,Rain,654
2023-04-16 04:00:00,None,285.45,0.0,0.0,14,Clear,624
2023-04-16 05:00:00,None,281.41,0.0,0.16,94,Snow,476
2023-04-16 06:00:00,None,284.88,0.0,0.0,13,Clear,2054
2023-04-16 07:00:00,None,286.97,0.0,0.0,91,Clouds,3027
2023-04-16 08:00:00,None,285.1,0.0,0.0,51,Clouds,3805
2023-04-16 09:00:00,None,295.46,0.0,0.0,42,Clouds,4178
2023-04-16 10:00:00,None,286.26,0.0,0.0,82,Clouds,2705
2023-04-16 11:00:00,None,291.28,0.0,0.0,53,Clouds,2529
2023-04-16 12:00:00,None,296.32,0.0,0.25,99,Snow,2926
2023-04-16 13:00:00,None,293.49,0.0,0.0,13,Clear,2938
2023-04-16 14:00:00,None,298.98,1.51,0.0,63,Rain,2275
2023-04-16 15:00:00,None,295.13,0.0,0.0,41,Clouds,3811
2023-04-16 16:00:00,None,289.61,0.0,0.0,9,Clear,4104
2023-04-16 17:00:00,None,288.82,0.0,2.4,78,Snow,2738
2023-04-16 18:00:00,None,290.41,0.0,0.0,13,Clear,3093
2023-04-16 19:00:00,None,285.27,0.0,0.0,67,Clouds,2088
2023-04-16 20:00:00,None,287.84,0.0,0.0,83,Clouds,1467
2023-04-16 21:00:00,None,285.61,0.0,0.0,82,Clouds,1968
2023-04-16 22:00:00,None,284.22,0.0,0.0,9,Clear,920
2023-04-16 23:00:00,None,284.99,0.0,0.0,8,Clear,216
2023-04-17 00:00:00,None,285.22,0.0,0.0,54,Clouds,235
2023-04-17 01:00:00,None,284.66,0.0,0.0,7,Clear,708
2023-04-17 02:00:00,None,290.25,0.0,0.0,4,Clear,249
2023-04-17 03:00:00,None,290.71,0.0,0.0,64,Clouds,1137
2023-04-17 04:00:00,None,280.21,0.0,0.0,4,Clear,680
2023-04-17 05:00:00,None,285.21,0.0,0.0,6,Clear,835
2023-04-17 06:00:00,None,284.63,0.0,0.0,0,Clear,3712
2023-04-17 07:00:00,None,285.93,0.0,0.0,67,Clouds,4435
2023-04-17 08:00:00,None,283.58,0.0,0.0,93,Clouds,6377
2023-04-17 09:00:00,None,285.3,0.57,0.0,87,Rain,6215
2023-04-17 10:00:00,None,288.06,0.0,0.0,75,Clouds,3692
2023-04-17 11:00:00,None,288.54,5.54,0.0,61,Rain,3584
2023-04-17 12:00:00,None,291.62,0.0,0.0,69,Clouds,4080
2023-04-17 13:00:00,None,290.53,0.0,2.11,91,Snow,3274
2023-04-17 14:00:00,None,288.38,0.0,0.0,89,Clouds,4237
2023-04-17 15:00:00,None,292.37,0.0,0.0,66,Mist,5950
2023-04-17 16:00:00,None,292.81,0.0,0.0,2,Clear,5127
2023-04-17 17:00:00,None,289.17,0.0,0.0,13,Clear,4762
2023-04-17 18:00:00,None,290.69,0.0,0.0,2,Clear,5033
2023-04-17 19:00:00,None,295.33,0.0,0.18,73,Snow,2798
2023-04-17 20:00:00,None,290.49,1.66,0.0,81,Rain,2307
2023-04-17 21:00:00,None,292.41,0.0,0.0,55,Clouds,2094
2023-04-17 22:00:00,None,288.91,0.0,0.0,62,Clouds,660
2023-04-17 23:00:00,None,285.71,4.84,0.0,78,Rain,1015
2023-04-18 00:00:00,None,283.51,0.0,0.0,92,Clouds,178
2023-04-18 01:00:00,None,284.98,0.0,0.0,14,Clear,1184
2023-04-18 02:00:00,None,283.98,0.0,0.0,63,Clouds,1124
2023-04-18 03:00:00,None,285.2,0.0,0.0,8,Clear,699
2023-04-18 04:00:00,None,284.52,0.0,0.0,0,Clear,864
2023-04-18 05:00:00,None,283.37,0.0,0.0,7,Clear,368
2023-04-18 06:00:00,None,284.25,0.0,0.0,14,Clear,3227
2023-04-18 07:00:00,None,287.55,0.0,0.0,42,Clouds,4453
2023-04-18 08:00:00,None,284.88,0.0,0.0,88,Clouds,6081
2023-04-18 09:00:00,None,285.14,0.0,0.0,3,Clear,7047
2023-04-18 10:00:00,None,288.74,1.99,0.0,75,Rain,4676
2023-04-18 11:00:00,None,288.0,0.0,0.0,61,Mist,3854
2023-04-18 12:00:00,None,288.48,13.72,0.0,91,Rain,4065
2023-04-18 13:00:00,None,291.16,1.16,0.0,77,Drizzle,4751
2023-04-18 14:00:00,None,294.49,0.0,3.13,95,Snow,3390
2023-04-18 15:00:00,None,289.9,0.0,0.0,74,Fog,5994
2023-04-18 16:00:00,None,294.92,0.0,0.0,92,Clouds,6036
2023-04-18 17:00:00,None,292.85,0.0,0.0,10,Clear,5643
2023-04-18 18:00:00,None,291.97,0.0,0.0,74,Clouds,4366
2023-04-18 19:00:00,None,289.66,0.12,0.0,66,Rain,2298
2023-04-18 20:00:00,None,287.35,4.36,0.0,95,Thunderstorm,1880
2023-04-18 21:00:00,None,284.31,0.0,0.0,12,Clear,1648
2023-04-18 22:00:00,None,284.99,0.0,0.0,71,Clouds,933
2023-04-18 23:00:00,None,287.96,0.0,0.0,84,Clouds,721
2023-04-19 00:00:00,None,284.27,0.0,0.0,78,Clouds,150
2023-04-19 01:00:00,None,283.45,0.0,0.0,13,Clear,150
2023-04-19 02:00:00,None,280.44,2.99,0.0,74,Rain,489
2023-04-19 03:00:00,None,283.3,0.0,0.0,57,Clouds,802
2023-04-19 04:00:00,None,277.93,0.0,0.0,3,Clear,588
2023-04-19 05:00:00,None,290.64,0.0,0.0,63,Clouds,1229
2023-04-19 06:00:00,None,284.35,0.0,0.0,77,Haze,4196
2023-04-19 07:00:00,None,282.47,0.0,0.0,12,Clear,4300
2023-04-19 08:00:00,None,282.56,0.0,0.0,49,Clouds,6352
2023-04-19 09:00:00,None,289.19,0.0,0.0,1,Clear,7200
2023-04-19 10:00:00,None,291.88,0.0,0.0,13,Clear,5240
2023-04-19 11:00:00,None,291.22,0.0,0.0,48,Clouds,4533
2023-04-19 12:00:00,None,289.92,0.0,0.0,50,Clouds,3715
2023-04-19 13:00:00,None,289.22,0.0,0.16,79,Snow,4322
2023-04-19 14:00:00,None,293.29,0.0,0.0,7,Clear,4123
2023-04-19 15:00:00,None,292.04,0.0,0.0,7,Clear,6372
2023-04-19 16:00:00,None,295.14,8.35,0.0,84,Rain,5481
2023-04-19 17:00:00,None,293.83,0.0,0.0,13,Clear,5664
2023-04-19 18:00:00,None,292.21,10.03,0.0,74,Rain,4079
2023-04-19 19:00:00,None,289.97,0.0,0.0,6,Clear,3233
2023-04-19 20:00:00,None,288.02,6.43,0.0,83,Rain,3042
2023-04-19 21:00:00,None,293.42,0.0,0.0,5,Clear,2271
2023-04-19 22:00:00,None,287.44,0.47,0.0,68,Rain,1540
2023-04-19 23:00:00,None,287.03,0.0,0.0,11,Clear,414
2023-04-20 00:00:00,None,280.65,0.0,0.0,99,Clouds,247
2023-04-20 01:00:00,None,280.78,1.03,0.0,70,Drizzle,210
2023-04-20 02:00:00,None,284.17,0.0,0.0,79,Clouds,476
2023-04-20 03:00:00,None,279.1,0.0,0.0,9,Clear,1202
2023-04-20 04:00:00,None,280.97,0.0,0.0,6,Clear,618
2023-04-20 05:00:00,None,281.64,0.0,0.0,65,Clouds,687
2023-04-20 06:00:00,None,286.22,0.0,0.0,96,Mist,2889
2023-04-20 07:00:00,None,285.59,1.48,0.0,94,Rain,4303
2023-04-20 08:00:00,None,288.34,6.56,0.0,85,Rain,5155
2023-04-20 09:00:00,None,288.97,0.0,0.0,2,Clear,7200
2023-04-20 10:00:00,None,291.93,0.0,0.0,7,Clear,4464
2023-04-20 11:00:00,None,296.01,0.0,0.0,93,Clouds,3820
2023-04-20 12:00:00,None,286.27,0.5,0.0,70,Drizzle,4673
2023-04-20 13:00:00,None,295.3,0.0,0.0,2,Clear,3852
2023-04-20 14:00:00,None,291.47,0.0,0.0,45,Clouds,4732
2023-04-20 15:00:00,None,293.8,0.0,0.0,6,Clear,6221
2023-04-20 16:00:00,None,298.2,0.0,0.0,68,Mist,6817
2023-04-20 17:00:00,None,296.42,0.0,0.0,48,Clouds,5107
2023-04-20 18:00:00,None,291.14,0.0,0.0,10,Clear,5321
2023-04-20 19:00:00,None,293.74,0.0,0.0,69,Mist,3156
2023-04-20 20:00:00,None,292.27,0.0,0.0,9,Clear,2596
2023-04-20 21:00:00,None,289.15,0.0,0.0,98,Clouds,2510
2023-04-20 22:00:00,None,284.26,0.0,0.0,55,Clouds,1846
2023-04-20 23:00:00,None,286.2,0.78,0.0,83,Rain,1390
2023-04-21 00:00:00,None,279.82,4.1,0.0,70,Rain,541
2023-04-21 01:00:00,None,287.64,2.87,0.0,75,Rain,761
2023-04-21 02:00:00,None,281.31,0.24,0.0,97,Rain,339
2023-04-21 03:00:00,None,286.5,0.0,0.0,0,Clear,557
2023-04-21 04:00:00,None,286.76,0.0,0.0,10,Clear,1056
2023-04-21 05:00:00,None,282.82,0.64,0.0,62,Rain,964
2023-04-21 06:00:00,None,286.21,0.0,0.0,5,Clear,3263
2023-04-21 07:00:00,None,283.79,0.0,0.0,12,Clear,5007
2023-04-21 08:00:00,None,290.76,0.0,0.0,11,Clear,5087
2023-04-21 09:00:00,None,286.12,0.0,0.0,52,Clouds,7038
2023-04-21 10:00:00,None,288.37,0.0,0.0,1,Clear,3429
2023-04-21 11:00:00,None,287.68,0.0,0.0,62,Clouds,4208
2023-04-21 12:00:00,None,287.93,0.0,0.0,5,Clear,5133
2023-04-21 13:00:00,None,290.3,0.0,0.0,74,Clouds,4453
2023-04-21 14:00:00,None,296.23,0.0,0.0,68,Clouds,4437
2023-04-21 15:00:00,None,290.05,0.0,0.0,4,Clear,6035
2023-04-21 16:00:00,None,299.19,0.0,0.0,80,Clouds,5969
2023-04-21 17:00:00,None,295.95,0.74,0.0,60,Drizzle,5402
2023-04-21 18:00:00,None,287.05,0.0,0.0,54,Clouds,4711
2023-04-21 19:00:00,None,291.37,0.14,0.0,79,Thunderstorm,3574
2023-04-21 20:00:00,None,288.32,0.0,0.0,14,Clear,2220
2023-04-21 21:00:00,None,291.72,0.0,0.0,88,Clouds,1511
2023-04-21 22:00:00,None,287.05,0.0,0.0,96,Fog,1819
2023-04-21 23:00:00,None,282.53,0.0,0.0,13,Clear,381
2023-04-22 00:00:00,None,286.71,0.0,0.0,7,Clear,241
2023-04-22 01:00:00,None,281.34,0.0,0.0,66,Clouds,330
2023-04-22 02:00:00,None,279.31,0.82,0.0,77,Drizzle,150
2023-04-22 03:00:00,None,280.02,0.0,0.0,0,Clear,912
2023-04-22 04:00:00,None,289.82,0.56,0.0,80,Thunderstorm,1025
2023-04-22 05:00:00,None,288.69,0.0,0.0,5,Clear,150
2023-04-22 06:00:00,None,283.6,0.0,1.31,92,Snow,2160
2023-04-22 07:00:00,None,293.69,0.0,0.0,83,Clouds,3098
2023-04-22 08:00:00,None,287.8,0.0,0.0,45,Clouds,3795
2023-04-22 09:00:00,None,291.31,0.0,0.0,57,Clouds,4246
2023-04-22 10:00:00,None,292.57,0.0,0.0,2,Clear,3007
2023-04-22 11:00:00,None,290.47,0.0,3.08,80,Snow,2441
2023-04-22 12:00:00,Columbus Day,290.19,4.51,0.0,84,Rain,1194
2023-04-22 13:00:00,None,288.2,1.58,0.0,87,Rain,3164
2023-04-22 14:00:00,None,293.18,0.65,0.0,98,Drizzle,3303
2023-04-22 15:00:00,None,293.74,0.0,0.0,88,Haze,4606
2023-04-22 16:00:00,None,296.71,1.15,0.0,86,Rain,3997
2023-04-22 17:00:00,None,290.34,0.0,0.0,2,Clear,2987
2023-04-22 18:00:00,None,288.64,0.0,0.0,7,Clear,2839
2023-04-22 19:00:00,None,295.17,0.0,0.0,8,Clear,2535
2023-04-22 20:00:00,None,286.93,0.0,0.0,94,Clouds,2256
2023-04-22 21:00:00,None,283.08,0.0,0.0,81,Clouds,1061
2023-04-22 22:00:00,None,291.12,3.33,0.0,92,Rain,303
2023-04-22 23:00:00,None,285.73,0.0,0.0,10,Clear,991
2023-04-23 00:00:00,None,287.48,0.0,0.0,80,Fog,360
2023-04-23 01:00:00,None,282.82,0.55,0.0,63,Thunderstorm,763
2023-04-23 02:00:00,None,286.99,0.0,0.0,11,Clear,353
2023-04-23 03:00:00,None,279.47,0.0,0.0,80,Clouds,663
2023-04-23 04:00:00,None,282.8,2.71,0.0,77,Rain,987
2023-04-23 05:00:00,None,284.25,0.0,0.0,11,Clear,296
2023-04-23 06:00:00,None,286.59,0.0,0.0,14,Clear,2306
2023-04-23 07:00:00,None,285.06,0.0,0.77,74,Snow,2397
2023-04-23 08:00:00,None,282.67,0.0,0.0,49,Clouds,3459
2023-04-23 09:00:00,None,294.13,0.0,0.0,6,Clear,4538
2023-04-23 10:00:00,None,286.51,0.0,0.0,4,Clear,2362
2023-04-23 11:00:00,None,291.23,0.0,0.0,72,Clouds,2519
2023-04-23 12:00:00,None,292.29,0.0,1.09,93,Snow,2098
2023-04-23 13:00:00,None,289.19,0.0,0.0,70,Clouds,3609
2023-04-23 14:00:00,None,293.38,7.5,0.0,77,Rain,2621
2023-04-23 15:00:00,None,292.36,0.0,0.0,90,Mist,4135
2023-04-23 16:00:00,None,298.1,0.0,0.0,12,Clear,4337
2023-04-23 17:00:00,None,291.92,0.0,0.0,11,Clear,3262
2023-04-23 18:00:00,None,292.16,12.75,0.0,87,Rain,3028
2023-04-23 19:00:00,None,289.94,0.0,0.0,99,Mist,1605
2023-04-23 20:00:00,None,292.87,0.0,0.0,3,Clear,1678
2023-04-23 21:00:00,None,289.57,0.72,0.0,97,Drizzle,936
2023-04-23 22:00:00,None,282.43,0.0,0.0,7,Clear,812
2023-04-23 23:00:00,None,290.22,0.0,0.0,4,Clear,559
2023-04-24 00:00:00,None,282.13,0.0,0.0,71,Clouds,150
2023-04-24 01:00:00,Labor Day,287.42,0.0,0.0,76,Clouds,150
2023-04-24 02:00:00,None,282.46,0.0,0.0,8,Clear,645
2023-04-24 03:00:00,None,286.3,0.0,0.0,12,Clear,630
2023-04-24 04:00:00,None,283.38,0.0,0.0,1,Clear,580
2023-04-24 05:00:00,None,281.73,0.0,0.0,87,Clouds,1114
2023-04-24 06:00:00,None,287.46,0.0,0.0,81,Clouds,3554
2023-04-24 07:00:00,None,281.13,0.0,0.0,0,Clear,4844
2023-04-24 08:00:00,None,283.33,0.0,0.0,77,Clouds,5487
2023-04-24 09:00:00,None,287.84,0.0,0.0,51,Clouds,6846
2023-04-24 10:00:00,None,290.58,0.0,1.48,91,Snow,4416
2023-04-24 11:00:00,None,286.92,0.0,0.0,13,Clear,4460
2023-04-24 12:00:00,None,293.84,0.0,0.0,53,Clouds,5138
2023-04-24 13:00:00,None,294.2,0.0,0.0,98,Clouds,3858
2023-04-24 14:00:00,None,294.1,0.0,0.0,9,Clear,4446
2023-04-24 15:00:00,None,289.2,0.0,0.0,67,Mist,5944
2023-04-24 16:00:00,None,291.6,0.0,0.0,4,Clear,6220
2023-04-24 17:00:00,None,288.35,0.0,0.0,64,Mist,5612
2023-04-24 18:00:00,None,287.17,0.0,0.0,79,Clouds,4582
2023-04-24 19:00:00,None,294.99,0.0,0.0,60,Clouds,4029
2023-04-24 20:00:00,Christmas Day,288.9,0.0,0.0,13,Clear,1547
2023-04-24 21:00:00,None,285.41,0.0,0.0,14,Clear,2090
2023-04-24 22:00:00,None,287.68,0.84,0.0,71,Rain,1128
2023-04-24 23:00:00,None,288.19,0.83,0.0,72,Drizzle,646
2023-04-25 00:00:00,None,278.72,0.63,0.0,93,Drizzle,150
2023-04-25 01:00:00,None,284.69,0.0,0.0,52,Clouds,1336
2023-04-25 02:00:00,None,283.75,0.0,0.0,94,Clouds,255
2023-04-25 03:00:00,None,283.8,0.0,0.0,3,Clear,283
2023-04-25 04:00:00,None,280.74,0.0,0.0,95,Clouds,789
2023-04-25 05:00:00,None,285.93,0.0,0.0,12,Clear,1008
2023-04-25 06:00:00,None,286.34,4.74,0.0,74,Rain,3440
2023-04-25 07:00:00,None,286.79,1.09,0.0,92,Rain,4656
2023-04-25 08:00:00,None,286.6,0.0,0.0,46,Clouds,6254
2023-04-25 09:00:00,None,291.65,0.0,0.0,7,Clear,7200
2023-04-25 10:00:00,None,290.24,0.0,0.54,94,Snow,3661
2023-04-25 11:00:00,None,290.65,0.0,0.0,48,Clouds,5209
2023-04-25 12:00:00,None,288.73,0.0,0.0,67,Clouds,3739
2023-04-25 13:00:00,None,294.78,2.49,0.0,77,Rain,3999
2023-04-25 14:00:00,None,290.12,0.0,0.0,4,Clear,4446
2023-04-25 15:00:00,None,293.6,0.0,0.0,12,Clear,5448
2023-04-25 16:00:00,None,289.91,0.0,0.0,8,Clear,5792
2023-04-25 17:00:00,None,294.14,0.0,0.0,14,Clear,5034
2023-04-25 18:00:00,None,294.54,3.01,0.0,98,Rain,4667
2023-04-25 19:00:00,None,287.57,0.0,0.0,0,Clear,2818
2023-04-25 20:00:00,None,284.14,0.0,0.0,10,Clear,2827
2023-04-25 21:00:00,None,287.21,0.5,0.0,62,Rain,1805
2023-04-25 22:00:00,None,283.76,0.0,0.0,8,Clear,1532
2023-04-25 23:00:00,None,286.41,0.0,0.0,97,Clouds,1328
2023-04-26 00:00:00,None,289.63,0.79,0.0,87,Drizzle,150
2023-04-26 01:00:00,None,279.59,0.63,0.0,60,Rain,361
2023-04-26 02:00:00,None,280.42,0.0,0.0,4,Clear,323
2023-04-26 03:00:00,None,280.05,0.0,0.0,6,Clear,293
2023-04-26 04:00:00,None,282.66,0.0,0.0,8,Clear,883
2023-04-26 05:00:00,None,283.46,0.0,0.0,92,Clouds,1057
2023-04-26 06:00:00,None,283.73,0.0,0.0,0,Clear,3030
2023-04-26 07:00:00,None,281.01,0.0,0.0,3,Clear,4448
2023-04-26 08:00:00,None,288.0,0.0,0.0,8,Clear,5601
2023-04-26 09:00:00,None,287.52,1.04,0.0,88,Drizzle,7200
2023-04-26 10:00:00,None,286.06,0.0,0.0,86,Clouds,4651
2023-04-26 11:00:00,None,288.68,0.0,0.0,6,Clear,4245
2023-04-26 12:00:00,None,292.77,0.0,0.0,60,Clouds,4013
2023-04-26 13:00:00,None,290.69,0.0,0.0,62,Clouds,4022
2023-04-26 14:00:00,None,297.22,0.0,0.0,13,Clear,4139
2023-04-26 15:00:00,None,292.58,0.0,0.0,67,Haze,5620
2023-04-26 16:00:00,None,286.29,0.0,0.0,6,Clear,5457
2023-04-26 17:00:00,None,291.26,0.0,0.0,4,Clear,5791
2023-04-26 18:00:00,None,298.77,0.0,0.0,10,Clear,4733
2023-04-26 19:00:00,None,286.53,0.0,0.0,52,Clouds,3412
2023-04-26 20:00:00,None,288.71,0.0,0.0,7,Clear,2672
2023-04-26 21:00:00,None,290.14,0.0,0.0,0,Clear,2542
2023-04-26 22:00:00,None,289.25,0.0,0.0,10,Clear,1294
2023-04-26 23:00:00,None,282.59,0.0,0.0,72,Clouds,1423
2023-04-27 00:00:00,None,285.96,0.0,0.0,0,Clear,150
2023-04-27 01:00:00,None,284.7,0.0,0.0,97,Mist,275
2023-04-27 02:00:00,None,276.76,0.0,0.0,51,Clouds,446
2023-04-27 03:00:00,None,280.39,0.0,0.0,11,Clear,908
2023-04-27 04:00:00,None,285.68,0.6,0.0,87,Rain,1247
2023-04-27 05:00:00,None,281.03,0.0,0.0,69,Clouds,198
2023-04-27 06:00:00,None,285.12,0.0,0.0,67,Clouds,2850
2023-04-27 07:00:00,None,282.86,0.8,0.0,82,Drizzle,4509
2023-04-27 08:00:00,None,284.38,0.0,0.0,0,Clear,5701
2023-04-27 09:00:00,None,284.62,0.0,0.0,4,Clear,7200
2023-04-27 10:00:00,None,291.84,0.0,0.0,7,Clear,3771
2023-04-27 11:00:00,None,293.49,0.0,0.0,7,Clear,4413
2023-04-27 12:00:00,None,293.63,0.0,0.0,10,Clear,4044
2023-04-27 13:00:00,None,291.15,0.0,0.0,75,Haze,4360
2023-04-27 14:00:00,None,294.38,0.0,0.0,77,Haze,3672
2023-04-27 15:00:00,None,295.25,0.0,0.0,7,Clear,6437
2023-04-27 16:00:00,None,294.71,0.0,0.0,5,Clear,6235
2023-04-27 17:00:00,None,292.66,0.0,0.0,8,Clear,5590
2023-04-27 18:00:00,None,291.08,0.0,0.0,0,Clear,5099
2023-04-27 19:00:00,None,291.52,0.0,0.0,12,Clear,3754
2023-04-27 20:00:00,None,291.75,3.44,0.0,98,Rain,2228
2023-04-27 21:00:00,None,291.08,0.0,0.0,68,Clouds,2183
2023-04-27 22:00:00,None,288.94,0.0,0.0,65,Clouds,1766
2023-04-27 23:00:00,None,285.69,0.0,0.0,87,Clouds,725
2023-04-28 00:00:00,None,284.7,0.0,0.0,2,Clear,1084
2023-04-28 01:00:00,None,281.28,0.0,0.59,99,Snow,882
2023-04-28 02:00:00,None,282.4,0.0,0.0,80,Mist,312
2023-04-28 03:00:00,None,281.25,0.0,0.0,59,Clouds,310
2023-04-28 04:00:00,None,286.15,0.0,0.0,59,Clouds,882
2023-04-28 05:00:00,None,280.99,0.2,0.0,75,Drizzle,232
2023-04-28 06:00:00,None,285.7,0.0,0.0,71,Clouds,3920
2023-04-28 07:00:00,None,286.78,0.0,0.0,9,Clear,4662
2023-04-28 08:00:00,None,281.28,0.0,0.0,1,Clear,6661
2023-04-28 09:00:00,None,288.4,0.0,0.0,96,Clouds,6583
2023-04-28 10:00:00,None,294.16,0.0,0.0,5,Clear,3576
2023-04-28 11:00:00,None,295.8,0.0,0.0,95,Fog,3873
2023-04-28 12:00:00,None,288.77,0.0,0.0,78,Clouds,4411
2023-04-28 13:00:00,None,292.03,0.0,0.0,86,Clouds,4575
2023-04-28 14:00:00,None,292.92,0.0,0.0,44,Clouds,3922
2023-04-28 15:00:00,None,286.4,0.0,0.0,5,Clear,6749
2023-04-28 16:00:00,None,298.1,4.91,0.0,97,Rain,6330
2023-04-28 17:00:00,None,297.46,0.0,0.0,91,Mist,5877
2023-04-28 18:00:00,None,291.77,0.0,0.0,6,Clear,5207
2023-04-28 19:00:00,None,291.48,0.0,1.26,69,Snow,2645
2023-04-28 20:00:00,None,290.8,0.0,0.0,92,Clouds,2839
2023-04-28 21:00:00,None,287.04,0.0,0.0,79,Mist,2193
2023-04-28 22:00:00,None,290.22,1.03,0.0,66,Drizzle,1229
2023-04-28 23:00:00,None,286.82,0.0,0.0,11,Clear,630
2023-04-29 00:00:00,None,284.73,0.0,0.0,62,Clouds,400
2023-04-29 01:00:00,None,288.06,0.0,0.0,6,Clear,232
2023-04-29 02:00:00,None,286.9,0.0,0.0,13,Clear,777
2023-04-29 03:00:00,None,274.41,0.0,0.0,73,Clouds,150
2023-04-29 04:00:00,None,282.87,0.0,0.0,59,Clouds,300
2023-04-29 05:00:00,None,282.8,0.0,0.0,7,Clear,583
2023-04-29 06:00:00,None,281.24,0.0,0.0,5,Clear,2156
2023-04-29 07:00:00,None,288.6,0.0,0.0,3,Clear,2928
2023-04-29 08:00:00,None,286.36,0.0,0.0,2,Clear,3716
2023-04-29 09:00:00,None,287.35,0.0,0.0,81,Mist,4809
2023-04-29 10:00:00,None,291.73,0.0,0.0,88,Clouds,3468
2023-04-29 11:00:00,None,294.63,0.0,0.0,68,Mist,1932
2023-04-29 12:00:00,None,293.91,0.0,0.0,8,Clear,3142
2023-04-29 13:00:00,None,293.84,0.83,0.0,71,Rain,2889
2023-04-29 14:00:00,None,293.42,0.0,0.0,11,Clear,2965
2023-04-29 15:00:00,None,292.2,0.0,0.0,11,Clear,3951
2023-04-29 16:00:00,None,294.26,0.0,0.0,81,Mist,3430
2023-04-29 17:00:00,None,288.61,0.0,0.0,9,Clear,3247
2023-04-29 18:00:00,None,292.94,6.68,0.0,66,Rain,2672
2023-04-29 19:00:00,None,298.09,0.0,0.0,7,Clear,1975
2023-04-29 20:00:00,None,295.04,0.0,0.0,88,Clouds,1953
2023-04-29 21:00:00,None,286.9,0.0,0.0,14,Clear,1601
2023-04-29 22:00:00,None,287.81,4.85,0.0,72,Thunderstorm,367
2023-04-29 23:00:00,None,289.28,0.0,0.0,47,Clouds,335
2023-04-30 00:00:00,None,286.8,0.72,0.0,91,Drizzle,539
2023-04-30 01:00:00,None,282.27,0.88,0.0,93,Drizzle,853
2023-04-30 02:00:00,None,284.26,0.38,0.0,83,Drizzle,150
2023-04-30 03:00:00,None,283.52,0.0,0.0,41,Clouds,263
2023-04-30 04:00:00,None,285.45,0.0,0.0,3,Clear,608
2023-04-30 05:00:00,None,276.82,6.01,0.0,61,Rain,566
2023-04-30 06:00:00,None,284.07,0.0,0.0,50,Clouds,2187
2023-04-30 07:00:00,None,292.13,0.0,0.0,48,Clouds,3225
2023-04-30 08:00:00,None,281.7,0.0,0.0,6,Clear,3694
2023-04-30 09:00:00,None,288.46,0.0,0.0,73,Clouds,4100
2023-04-30 10:00:00,None,289.04,0.0,0.0,11,Clear,2549
2023-04-30 11:00:00,None,290.26,0.0,0.0,8,Clear,3087
2023-04-30 12:00:00,None,291.11,0.0,0.0,5,Clear,1823
2023-04-30 13:00:00,None,289.84,2.0,0.0,88,Thunderstorm,2124
2023-04-30 14:00:00,None,290.62,0.16,0.0,63,Rain,2084
2023-04-30 15:00:00,None,291.56,0.0,4.58,71,Snow,3533
2023-04-30 16:00:00,None,291.8,0.0,0.0,11,Clear,3505
2023-04-30 17:00:00,None,291.06,0.0,0.0,91,Fog,2627
2023-04-30 18:00:00,None,287.43,0.0,0.0,96,Clouds,3763
2023-04-30 19:00:00,None,293.09,0.0,0.0,76,Clouds,2404
2023-04-30 20:00:00,None,289.38,0.0,0.75,77,Snow,1411
2023-04-30 21:00:00,None,285.11,0.0,0.0,4,Clear,986
2023-04-30 22:00:00,None,285.02,0.0,0.0,62,Mist,1100
2023-04-30 23:00:00,None,283.43,0.0,0.0,4,Clear,670
2023-05-01 00:00:00,None,295.29,1.82,0.0,82,Rain,172
2023-05-01 01:00:00,None,292.63,0.0,0.0,67,Clouds,602
2023-05-01 02:00:00,None,291.8,0.0,0.0,9,Clear,839
2023-05-01 03:00:00,None,285.89,0.0,0.0,74,Clouds,355
2023-05-01 04:00:00,None,293.45,0.0,0.0,44,Clouds,501
2023-05-01 05:00:00,None,292.25,0.0,0.0,14,Clear,1064
2023-05-01 06:00:00,None,292.04,0.0,0.0,8,Clear,3349
2023-05-01 07:00:00,None,292.15,0.0,0.0,2,Clear,4247
2023-05-01 08:00:00,None,290.16,0.0,0.0,50,Clouds,5811
2023-05-01 09:00:00,None,293.0,0.0,0.0,49,Clouds,6885
2023-05-01 10:00:00,None,298.32,0.0,0.0,4,Clear,4085
2023-05-01 11:00:00,None,301.24,6.9,0.0,69,Rain,3981
2023-05-01 12:00:00,None,300.0,0.0,0.0,8,Clear,5330
2023-05-01 13:00:00,None,297.35,0.0,1.3,67,Snow,3068
2023-05-01 14:00:00,None,310.07,0.0,0.0,3,Clear,4176
2023-05-01 15:00:00,None,299.68,0.0,0.0,7,Clear,6624
2023-05-01 16:00:00,None,300.7,0.0,0.0,78,Mist,5815
2023-05-01 17:00:00,None,304.47,0.0,0.0,6,Clear,5864
2023-05-01 18:00:00,None,302.62,0.0,0.0,73,Clouds,4951
2023-05-01 19:00:00,None,297.74,0.0,0.0,12,Clear,3554
2023-05-01 20:00:00,None,297.95,0.88,0.0,65,Drizzle,2467
2023-05-01 21:00:00,None,295.11,0.0,0.0,66,Clouds,2331
2023-05-01 22:00:00,None,292.06,0.0,0.0,78,Clouds,1626
2023-05-01 23:00:00,None,288.4,0.0,0.0,10,Clear,1298
2023-05-02 00:00:00,None,298.01,0.0,0.0,93,Fog,150
2023-05-02 01:00:00,None,287.17,0.0,0.0,1,Clear,211
2023-05-02 02:00:00,None,287.73,0.0,0.0,8,Clear,611
2023-05-02 03:00:00,None,291.08,0.0,0.0,0,Clear,395
2023-05-02 04:00:00,None,288.23,0.0,0.0,6,Clear,875
2023-05-02 05:00:00,None,288.73,0.0,0.0,7,Clear,904
2023-05-02 06:00:00,None,291.63,0.0,0.0,88,Fog,2692
2023-05-02 07:00:00,None,298.63,0.0,0.0,14,Clear,4799
2023-05-02 08:00:00,None,299.65,0.0,0.0,65,Clouds,5903
2023-05-02 09:00:00,None,292.23,0.0,0.0,0,Clear,6758
2023-05-02 10:00:00,None,296.05,0.0,0.0,10,Clear,4143
2023-05-02 11:00:00,None,300.34,0.96,0.0,65,Rain,4977
2023-05-02 12:00:00,None,298.72,0.0,0.0,4,Clear,4776
2023-05-02 13:00:00,None,302.01,4.18,0.0,91,Rain,4517
2023-05-02 14:00:00,None,304.36,0.0,0.0,0,Clear,3550
2023-05-02 15:00:00,None,299.96,0.0,0.0,9,Clear,6584
2023-05-02 16:00:00,None,298.46,0.0,0.0,0,Clear,5428
2023-05-02 17:00:00,None,296.84,0.0,0.0,49,Clouds,5192
2023-05-02 18:00:00,None,304.04,3.55,0.0,86,Rain,5064
2023-05-02 19:00:00,None,297.84,0.0,0.0,61,Clouds,2853
2023-05-02 20:00:00,None,295.51,0.0,0.0,5,Clear,2988
2023-05-02 21:00:00,None,301.85,0.65,0.0,66,Rain,1963
2023-05-02 22:00:00,Labor Day,291.55,0.0,0.0,89,Clouds,1130
2023-05-02 23:00:00,None,292.99,3.72,0.0,91,Rain,298
2023-05-03 00:00:00,None,293.24,0.96,0.0,64,Rain,150
2023-05-03 01:00:00,None,288.74,0.0,0.0,4,Clear,239
2023-05-03 02:00:00,None,290.71,0.0,0.0,4,Clear,536
2023-05-03 03:00:00,None,291.06,0.0,0.0,3,Clear,344
2023-05-03 04:00:00,None,291.41,0.0,0.0,89,Clouds,605
2023-05-03 05:00:00,None,290.0,0.91,0.0,76,Rain,563
2023-05-03 06:00:00,None,296.45,0.0,0.0,70,Clouds,3751
2023-05-03 07:00:00,None,292.22,0.0,0.0,86,Clouds,4607
2023-05-03 08:00:00,None,291.68,0.0,0.0,0,Clear,5946
2023-05-03 09:00:00,None,295.75,0.0,0.0,3,Clear,6364
2023-05-03 10:00:00,None,296.44,0.0,0.0,78,Fog,3620
2023-05-03 11:00:00,None,300.92,0.0,0.0,10,Clear,4006
2023-05-03 12:00:00,None,301.4,0.0,0.0,2,Clear,4782
2023-05-03 13:00:00,None,300.19,0.0,0.0,80,Mist,3568
2023-05-03 14:00:00,None,303.36,0.0,0.0,52,Clouds,3795
2023-05-03 15:00:00,None,305.58,0.97,0.0,91,Rain,5409
2023-05-03 16:00:00,None,298.36,0.0,0.0,4,Clear,5863
2023-05-03 17:00:00,None,303.26,0.0,0.0,8,Clear,4740
2023-05-03 18:00:00,None,300.55,0.58,0.0,75,Rain,4232
2023-05-03 19:00:00,None,296.53,0.0,0.19,61,Snow,3192
2023-05-03 20:00:00,None,298.79,0.0,0.0,55,Clouds,2970
2023-05-03 21:00:00,None,294.15,2.6,0.0,97,Rain,1168
2023-05-03 22:00:00,None,293.65,0.0,0.0,69,Clouds,666
2023-05-03 23:00:00,None,291.77,0.0,0.0,11,Clear,837
2023-05-04 00:00:00,None,297.7,0.0,0.0,7,Clear,678
2023-05-04 01:00:00,None,291.73,0.0,0.0,7,Clear,1028
2023-05-04 02:00:00,None,293.18,0.0,0.0,3,Clear,1208
2023-05-04 03:00:00,None,290.63,0.0,0.0,13,Clear,150
2023-05-04 04:00:00,None,289.26,0.0,0.0,3,Clear,865
2023-05-04 05:00:00,None,293.3,0.0,0.0,9,Clear,1528
2023-05-04 06:00:00,None,297.96,0.0,0.0,5,Clear,3714
2023-05-04 07:00:00,None,294.71,0.0,6.19,94,Snow,4205
2023-05-04 08:00:00,New Years Day,295.94,0.0,1.27,63,Snow,2486
2023-05-04 09:00:00,None,296.76,0.0,0.0,77,Fog,6110
2023-05-04 10:00:00,None,299.27,0.0,0.0,5,Clear,4384
2023-05-04 11:00:00,None,296.69,0.51,0.0,86,Rain,3991
2023-05-04 12:00:00,None,297.93,0.0,0.0,51,Clouds,3762
2023-05-04 13:00:00,None,300.22,3.48,0.0,63,Rain,3805
2023-05-04 14:00:00,None,299.28,0.0,0.0,47,Clouds,5151
2023-05-04 15:00:00,None,299.65,0.73,0.0,64,Drizzle,5643
2023-05-04 16:00:00,None,305.5,0.42,0.0,98,Rain,5609
2023-05-04 17:00:00,None,303.97,0.0,0.0,14,Clear,5937
2023-05-04 18:00:00,None,292.79,0.0,0.0,4,Clear,5865
2023-05-04 19:00:00,None,304.77,0.0,0.0,93,Clouds,3243
2023-05-04 20:00:00,None,298.11,0.0,0.0,10,Clear,2322
2023-05-04 21:00:00,None,299.55,0.0,0.0,72,Clouds,2214
2023-05-04 22:00:00,None,297.83,0.0,0.0,94,Clouds,610
2023-05-04 23:00:00,None,291.83,1.26,0.0,69,Rain,1149
2023-05-05 00:00:00,None,291.49,0.0,0.0,97,Clouds,150
2023-05-05 01:00:00,None,290.74,0.0,0.0,7,Clear,520
2023-05-05 02:00:00,None,284.87,1.79,0.0,66,Rain,325
2023-05-05 03:00:00,None,293.74,8.25,0.0,79,Rain,297
2023-05-05 04:00:00,None,294.56,0.0,0.0,66,Clouds,375
2023-05-05 05:00:00,None,291.38,0.0,0.0,61,Clouds,1314
2023-05-05 06:00:00,None,292.76,6.81,0.0,91,Rain,3153
2023-05-05 07:00:00,None,293.27,1.02,0.0,74,Drizzle,5065
2023-05-05 08:00:00,None,290.77,0.0,0.0,2,Clear,5616
2023-05-05 09:00:00,None,295.7,0.0,0.0,77,Clouds,6237
2023-05-05 10:00:00,None,300.46,0.0,0.0,12,Clear,3618
2023-05-05 11:00:00,None,300.97,0.52,0.0,66,Rain,4701
2023-05-05 12:00:00,None,300.2,0.0,0.0,1,Clear,5086
2023-05-05 13:00:00,Thanksgiving Day,297.83,0.0,0.0,8,Clear,1718
2023-05-05 14:00:00,None,303.77,0.29,0.0,97,Drizzle,3689
2023-05-05 15:00:00,None,303.05,0.0,0.0,3,Clear,6418
2023-05-05 16:00:00,None,294.85,0.11,0.0,79,Rain,5542
2023-05-05 17:00:00,None,298.37,0.0,0.0,14,Clear,5410
2023-05-05 18:00:00,None,297.84,0.0,0.0,59,Clouds,5179
2023-05-05 19:00:00,None,297.13,1.02,0.0,94,Drizzle,4006
2023-05-05 20:00:00,None,289.79,0.64,0.0,69,Drizzle,2516
2023-05-05 21:00:00,None,296.94,0.0,0.0,3,Clear,1718
2023-05-05 22:00:00,None,296.41,0.0,0.0,90,Clouds,1631
2023-05-05 23:00:00,None,294.57,0.0,0.0,14,Clear,835
2023-05-06 00:00:00,None,288.96,0.0,0.0,76,Clouds,150
2023-05-06 01:00:00,None,292.79,0.0,0.0,72,Mist,694
2023-05-06 02:00:00,None,290.91,0.0,4.41,87,Snow,150
2023-05-06 03:00:00,None,293.01,0.0,0.0,14,Clear,370
2023-05-06 04:00:00,None,288.74,0.0,0.0,61,Clouds,706
2023-05-06 05:00:00,None,292.59,0.0,0.0,0,Clear,586
2023-05-06 06:00:00,None,289.84,0.46,0.0,88,Drizzle,2833
2023-05-06 07:00:00,None,296.32,0.0,0.93,92,Snow,2365
2023-05-06 08:00:00,None,295.26,0.0,0.0,3,Clear,4611
2023-05-06 09:00:00,None,295.27,0.0,0.0,90,Clouds,4499
2023-05-06 10:00:00,None,296.94,0.0,0.0,78,Mist,3286
2023-05-06 11:00:00,None,303.01,0.0,0.0,89,Fog,2420
2023-05-06 12:00:00,None,298.87,1.57,0.0,64,Rain,2737
2023-05-06 13:00:00,None,297.44,0.0,0.0,80,Mist,2828
2023-05-06 14:00:00,None,299.25,0.0,0.0,13,Clear,2284
2023-05-06 15:00:00,None,303.97,7.62,0.0,96,Rain,3153
2023-05-06 16:00:00,None,302.41,0.62,0.0,67,Drizzle,3977
2023-05-06 17:00:00,None,300.92,0.0,0.0,14,Clear,3974
2023-05-06 18:00:00,None,303.34,8.59,0.0,64,Rain,3258
2023-05-06 19:00:00,None,298.18,0.57,0.0,76,Drizzle,2082
2023-05-06 20:00:00,None,301.13,0.0,0.0,3,Clear,2147
2023-05-06 21:00:00,None,298.37,0.0,0.0,76,Mist,1258
2023-05-06 22:00:00,None,293.39,0.0,0.0,14,Clear,756
2023-05-06 23:00:00,None,289.29,0.0,0.0,67,Clouds,331
2023-05-07 00:00:00,None,293.09,0.0,0.0,81,Mist,427
2023-05-07 01:00:00,None,294.99,0.0,0.0,10,Clear,150
2023-05-07 02:00:00,None,296.69,0.0,0.0,91,Mist,586
2023-05-07 03:00:00,None,293.32,0.0,0.0,8,Clear,1055
2023-05-07 04:00:00,None,288.75,0.0,0.0,8,Clear,150
2023-05-07 05:00:00,None,288.56,0.0,0.0,75,Clouds,1055
2023-05-07 06:00:00,None,290.94,0.0,0.0,10,Clear,2143
2023-05-07 07:00:00,None,298.4,0.0,0.0,12,Clear,2617
2023-05-07 08:00:00,None,294.6,0.0,0.0,4,Clear,3772
2023-05-07 09:00:00,None,290.09,0.0,0.0,78,Clouds,4692
2023-05-07 10:00:00,None,290.36,0.0,0.0,95,Clouds,2966
2023-05-07 11:00:00,Thanksgiving Day,296.43,0.0,0.0,79,Clouds,1453
2023-05-07 12:00:00,None,300.47,0.0,0.0,46,Clouds,3238
2023-05-07 13:00:00,None,301.84,0.0,0.0,84,Clouds,2435
2023-05-07 14:00:00,None,298.77,0.71,0.0,60,Drizzle,2560
2023-05-07 15:00:00,None,302.75,5.86,0.0,61,Rain,3723
2023-05-07 16:00:00,None,302.91,0.0,0.0,9,Clear,3896
2023-05-07 17:00:00,None,299.29,0.0,0.0,8,Clear,2934
2023-05-07 18:00:00,None,299.34,0.0,0.0,13,Clear,2748
2023-05-07 19:00:00,None,301.19,0.0,0.0,3,Clear,2184
2023-05-07 20:00:00,None,297.5,0.0,0.0,70,Clouds,1064
2023-05-07 21:00:00,None,291.9,0.0,0.0,3,Clear,1652
2023-05-07 22:00:00,None,294.99,0.0,0.0,5,Clear,917
2023-05-07 23:00:00,None,289.69,0.0,0.2,79,Snow,689
2023-05-08 00:00:00,Independence Day,294.42,0.81,0.0,93,Drizzle,278
2023-05-08 01:00:00,None,295.79,0.0,0.0,12,Clear,519
2023-05-08 02:00:00,None,289.6,0.0,0.0,1,Clear,816
2023-05-08 03:00:00,None,291.98,0.0,0.0,56,Clouds,272
2023-05-08 04:00:00,None,291.29,0.0,0.0,54,Clouds,557
2023-05-08 05:00:00,None,292.4,0.0,0.0,2,Clear,971
2023-05-08 06:00:00,None,292.13,0.0,0.0,55,Clouds,3367
2023-05-08 07:00:00,None,295.45,0.0,0.0,4,Clear,4840
2023-05-08 08:00:00,None,292.09,0.0,0.0,14,Clear,6251
2023-05-08 09:00:00,None,295.78,0.0,0.0,48,Clouds,6561
2023-05-08 10:00:00,None,299.75,0.0,0.0,61,Haze,3756
2023-05-08 11:00:00,None,298.81,1.09,0.0,77,Drizzle,4628
2023-05-08 12:00:00,None,299.82,0.0,0.0,9,Clear,5292
2023-05-08 13:00:00,None,294.06,0.0,0.0,65,Clouds,4342
2023-05-08 14:00:00,None,300.25,2.66,0.0,66,Rain,3880
2023-05-08 15:00:00,None,298.23,0.0,0.0,91,Mist,6491
2023-05-08 16:00:00,None,298.59,0.0,0.0,4,Clear,5411
2023-05-08 17:00:00,None,300.9,0.0,0.0,66,Fog,4591
2023-05-08 18:00:00,None,292.65,0.0,0.0,77,Haze,5193
2023-05-08 19:00:00,None,298.19,0.0,0.0,8,Clear,4024
2023-05-08 20:00:00,None,295.28,0.0,0.0,2,Clear,1845
2023-05-08 21:00:00,None,294.98,0.0,0.0,3,Clear,2077
2023-05-08 22:00:00,None,295.39,0.0,0.0,77,Fog,1645
2023-05-08 23:00:00,None,290.11,0.0,0.0,62,Clouds,521
2023-05-09 00:00:00,None,294.87,0.0,0.0,0,Clear,150
2023-05-09 01:00:00,None,294.24,0.0,0.0,47,Clouds,823
2023-05-09 02:00:00,None,292.65,0.0,0.0,13,Clear,424
2023-05-09 03:00:00,None,288.86,0.0,0.0,14,Clear,775
2023-05-09 04:00:00,None,288.02,0.0,0.0,3,Clear,560
2023-05-09 05:00:00,None,297.8,0.0,0.0,12,Clear,272
2023-05-09 06:00:00,None,291.94,0.0,0.0,11,Clear,3388
2023-05-09 07:00:00,None,289.97,3.15,0.0,78,Rain,4838
2023-05-09 08:00:00,None,295.43,0.4,0.0,96,Drizzle,6412
2023-05-09 09:00:00,None,298.13,0.0,0.0,10,Clear,7056
2023-05-09 10:00:00,None,291.77,9.7,0.0,67,Rain,4013
2023-05-09 11:00:00,None,305.27,0.18,0.0,94,Rain,3338
2023-05-09 12:00:00,None,299.06,0.0,0.05,89,Snow,3683
2023-05-09 13:00:00,None,300.42,0.0,0.0,4,Clear,4584
2023-05-09 14:00:00,None,299.21,3.5,0.0,98,Thunderstorm,3829
2023-05-09 15:00:00,None,296.74,0.0,1.37,90,Snow,5321
2023-05-09 16:00:00,None,302.63,1.64,0.0,81,Rain,4781
2023-05-09 17:00:00,None,302.47,0.0,0.0,9,Clear,5223
2023-05-09 18:00:00,None,299.56,0.55,0.0,72,Drizzle,5454
2023-05-09 19:00:00,None,301.02,0.0,0.0,0,Clear,3141
2023-05-09 20:00:00,None,298.58,1.85,0.0,87,Rain,3101
2023-05-09 21:00:00,None,291.97,0.0,0.0,3,Clear,1804
2023-05-09 22:00:00,None,296.18,0.0,0.0,65,Clouds,1229
2023-05-09 23:00:00,None,287.87,0.0,0.0,13,Clear,503
2023-05-10 00:00:00,None,292.97,0.0,0.0,6,Clear,150
2023-05-10 01:00:00,None,291.58,0.0,0.0,14,Clear,461
2023-05-10 02:00:00,None,290.81,0.22,0.0,85,Rain,150
2023-05-10 03:00:00,None,293.29,0.0,0.0,6,Clear,279
2023-05-10 04:00:00,None,286.38,1.16,0.0,97,Drizzle,1243
2023-05-10 05:00:00,None,291.21,9.48,0.0,91,Rain,745
2023-05-10 06:00:00,None,292.76,0.0,0.0,5,Clear,3983
2023-05-10 07:00:00,None,290.78,0.0,0.0,1,Clear,4757
2023-05-10 08:00:00,None,291.71,0.0,0.0,89,Clouds,5991
2023-05-10 09:00:00,None,294.0,0.81,0.0,92,Drizzle,7200
2023-05-10 10:00:00,None,293.47,0.0,0.0,57,Clouds,3763
2023-05-10 11:00:00,None,297.63,1.03,0.0,89,Drizzle,3838
2023-05-10 12:00:00,None,300.55,1.04,0.0,75,Rain,4206
2023-05-10 13:00:00,Christmas Day,297.8,0.0,0.0,11,Clear,2091
2023-05-10 14:00:00,None,300.7,0.0,0.0,3,Clear,3980
2023-05-10 15:00:00,None,302.42,0.0,0.0,13,Clear,6438
2023-05-10 16:00:00,None,297.36,0.0,0.0,12,Clear,6293
2023-05-10 17:00:00,None,301.47,0.0,0.0,41,Clouds,5590
2023-05-10 18:00:00,None,295.42,1.73,0.0,82,Rain,4291
2023-05-10 19:00:00,None,294.19,0.0,0.0,81,Mist,3169
2023-05-10 20:00:00,None,294.71,0.0,0.0,1,Clear,2411
2023-05-10 21:00:00,None,295.62,0.0,0.0,47,Clouds,2202
2023-05-10 22:00:00,None,295.93,4.5,0.0,71,Rain,1456
2023-05-10 23:00:00,None,293.62,0.0,1.37,65,Snow,699
2023-05-11 00:00:00,None,294.82,0.0,0.0,3,Clear,184
2023-05-11 01:00:00,None,291.34,0.0,0.0,63,Clouds,698
2023-05-11 02:00:00,None,292.79,0.0,0.0,79,Mist,329
2023-05-11 03:00:00,None,292.38,0.0,0.0,5,Clear,1019
2023-05-11 04:00:00,None,291.9,0.0,0.0,62,Mist,799
2023-05-11 05:00:00,None,295.09,0.0,0.0,70,Clouds,504
2023-05-11 06:00:00,None,293.97,0.0,0.0,5,Clear,3452
2023-05-11 07:00:00,None,289.3,0.0,0.0,2,Clear,4490
2023-05-11 08:00:00,None,292.25,0.0,0.0,80,Clouds,6279
2023-05-11 09:00:00,None,293.34,0.0,0.0,67,Haze,6492
2023-05-11 10:00:00,None,296.05,0.0,0.0,94,Clouds,4905
2023-05-11 11:00:00,None,299.44,0.0,0.0,76,Fog,3472
2023-05-11 12:00:00,None,295.49,0.0,0.0,13,Clear,4379
2023-05-11 13:00:00,None,304.0,0.0,0.0,1,Clear,4166
2023-05-11 14:00:00,None,303.95,0.11,0.0,68,Drizzle,4556
2023-05-11 15:00:00,None,302.76,0.0,0.0,0,Clear,6024
2023-05-11 16:00:00,None,301.74,0.0,0.0,87,Clouds,5259
2023-05-11 17:00:00,None,298.4,0.0,0.0,2,Clear,5226
2023-05-11 18:00:00,None,299.57,0.0,0.0,2,Clear,4898
2023-05-11 19:00:00,None,296.98,0.36,0.0,89,Rain,2488
2023-05-11 20:00:00,None,295.82,0.0,0.0,79,Clouds,2643
2023-05-11 21:00:00,None,295.28,0.0,0.0,93,Clouds,2187
2023-05-11 22:00:00,None,289.23,0.0,0.0,7,Clear,1348
2023-05-11 23:00:00,None,295.13,0.0,0.0,10,Clear,489
2023-05-12 00:00:00,None,289.39,0.0,0.0,0,Clear,150
2023-05-12 01:00:00,None,292.61,0.0,0.0,2,Clear,318
2023-05-12 02:00:00,None,287.4,0.72,0.0,95,Rain,150
2023-05-12 03:00:00,None,285.55,0.73,0.0,66,Drizzle,755
2023-05-12 04:00:00,None,295.34,0.0,1.63,80,Snow,626
2023-05-12 05:00:00,None,287.58,0.0,0.0,4,Clear,869
2023-05-12 06:00:00,None,291.76,0.0,0.0,7,Clear,3704
2023-05-12 07:00:00,None,294.91,1.86,0.0,71,Rain,4711
2023-05-12 08:00:00,None,291.2,0.0,0.0,13,Clear,6552
2023-05-12 09:00:00,None,288.79,0.0,0.0,5,Clear,6254
2023-05-12 10:00:00,None,292.74,0.0,0.0,13,Clear,3954
2023-05-12 11:00:00,None,301.42,0.0,0.0,76,Fog,3319
2023-05-12 12:00:00,None,298.69,0.69,0.0,81,Rain,3172
2023-05-12 13:00:00,None,301.37,0.0,0.0,0,Clear,4209
2023-05-12 14:00:00,None,301.14,0.0,0.0,8,Clear,4383
2023-05-12 15:00:00,None,301.81,0.0,0.0,75,Clouds,6635
2023-05-12 16:00:00,Labor Day,299.36,0.0,2.79,70,Snow,2174
2023-05-12 17:00:00,None,302.66,0.0,0.0,5,Clear,5497
2023-05-12 18:00:00,None,297.35,0.0,0.0,0,Clear,4721
2023-05-12 19:00:00,None,298.39,0.0,0.0,9,Clear,3192
2023-05-12 20:00:00,None,297.59,0.0,0.0,10,Clear,2238
2023-05-12 21:00:00,None,292.06,0.0,0.0,89,Clouds,1858
2023-05-12 22:00:00,None,295.14,0.0,0.0,6,Clear,2253
2023-05-12 23:00:00,None,291.85,0.0,0.0,69,Clouds,1346
2023-05-13 00:00:00,None,297.93,0.0,0.0,6,Clear,300
2023-05-13 01:00:00,None,290.65,3.29,0.0,66,Rain,150
2023-05-13 02:00:00,None,290.8,0.0,0.0,81,Clouds,150
2023-05-13 03:00:00,None,289.62,0.0,0.0,7,Clear,150
2023-05-13 04:00:00,None,292.67,8.85,0.0,85,Rain,578
2023-05-13 05:00:00,None,289.39,0.0,0.0,75,Clouds,562
2023-05-13 06:00:00,None,298.62,0.0,0.0,10,Clear,2191
2023-05-13 07:00:00,None,290.62,0.0,0.0,7,Clear,2303
2023-05-13 08:00:00,None,293.57,0.0,0.0,89,Clouds,3870
2023-05-13 09:00:00,None,297.17,5.89,0.0,84,Rain,3637
2023-05-13 10:00:00,None,298.84,0.0,0.0,8,Clear,2781
2023-05-13 11:00:00,None,302.65,0.0,0.0,2,Clear,2751
2023-05-13 12:00:00,None,303.22,0.0,0.0,9,Clear,3455
2023-05-13 13:00:00,None,300.16,0.0,0.0,54,Clouds,2312
2023-05-13 14:00:00,None,300.79,0.0,0.0,14,Clear,3415
2023-05-13 15:00:00,None,295.92,0.0,0.0,47,Clouds,4113
2023-05-13 16:00:00,None,304.54,0.0,0.0,7,Clear,3072
2023-05-13 17:00:00,None,296.44,0.0,0.0,13,Clear,3844
2023-05-13 18:00:00,None,300.17,0.0,0.0,72,Haze,2226
2023-05-13 19:00:00,None,294.86,0.0,0.0,99,Mist,1770
2023-05-13 20:00:00,None,294.94,0.0,0.0,8,Clear,2165
2023-05-13 21:00:00,None,291.44,0.0,0.0,7,Clear,1233
2023-05-13 22:00:00,None,296.85,0.0,0.0,75,Clouds,442
2023-05-13 23:00:00,None,290.66,0.0,0.0,79,Clouds,841
2023-05-14 00:00:00,None,295.65,0.0,0.0,50,Clouds,150
2023-05-14 01:00:00,None,290.26,0.0,0.0,43,Clouds,225
2023-05-14 02:00:00,None,290.84,0.0,0.0,69,Fog,150
2023-05-14 03:00:00,None,292.07,0.0,0.0,66,Mist,1040
2023-05-14 04:00:00,None,292.32,0.0,0.0,67,Mist,569
2023-05-14 05:00:00,None,290.59,0.0,0.0,1,Clear,884
2023-05-14 06:00:00,None,287.19,0.0,0.0,2,Clear,2080
2023-05-14 07:00:00,None,292.44,0.0,0.0,4,Clear,3036
2023-05-14 08:00:00,None,290.58,0.0,0.0,9,Clear,3629
2023-05-14 09:00:00,None,295.14,0.0,0.0,93,Clouds,4514
2023-05-14 10:00:00,None,299.46,0.0,0.0,87,Fog,2339
2023-05-14 11:00:00,None,293.13,1.02,0.0,68,Thunderstorm,2634
2023-05-14 12:00:00,None,298.99,0.0,0.0,71,Clouds,2374
2023-05-14 13:00:00,None,297.05,3.71,0.0,95,Thunderstorm,2741
2023-05-14 14:00:00,None,298.92,0.0,0.0,4,Clear,2939
2023-05-14 15:00:00,None,298.75,0.0,0.0,74,Fog,3501
2023-05-14 16:00:00,None,297.03,0.0,0.0,95,Clouds,4187
2023-05-14 17:00:00,None,297.84,0.0,0.0,84,Clouds,3367
2023-05-14 18:00:00,None,302.82,0.0,0.83,73,Snow,3056
2023-05-14 19:00:00,None,299.37,0.0,0.0,0,Clear,1905
2023-05-14 20:00:00,None,295.37,0.0,0.0,10,Clear,1240
2023-05-14 21:00:00,None,294.89,0.0,0.0,86,Clouds,1488
2023-05-14 22:00:00,None,291.43,0.0,0.0,41,Clouds,1372
2023-05-14 23:00:00,None,294.93,0.0,0.0,71,Mist,242
2023-05-15 00:00:00,None,289.82,0.0,0.0,4,Clear,150
2023-05-15 01:00:00,None,284.37,0.0,0.0,0,Clear,638
2023-05-15 02:00:00,None,291.43,0.0,0.0,10,Clear,442
2023-05-15 03:00:00,None,286.22,0.0,0.0,61,Mist,815
2023-05-15 04:00:00,None,293.31,0.0,0.0,0,Clear,1130
2023-05-15 05:00:00,None,288.35,0.0,0.0,94,Clouds,687
2023-05-15 06:00:00,None,293.33,0.0,0.0,84,Clouds,4073
2023-05-15 07:00:00,None,291.19,0.2,0.0,72,Rain,4729
2023-05-15 08:00:00,None,289.22,0.0,0.0,64,Clouds,5475
2023-05-15 09:00:00,None,298.05,0.0,0.0,4,Clear,7104
2023-05-15 10:00:00,None,296.04,1.33,0.0,87,Rain,3490
2023-05-15 11:00:00,None,296.29,0.0,0.0,52,Clouds,4721
2023-05-15 12:00:00,None,297.18,3.41,0.0,89,Rain,5144
2023-05-15 13:00:00,None,297.49,0.0,3.0,60,Snow,3672
2023-05-15 14:00:00,None,297.15,0.0,0.0,47,Clouds,3573
2023-05-15 15:00:00,None,304.37,0.0,0.0,72,Haze,6191
2023-05-15 16:00:00,None,302.23,0.0,0.0,59,Clouds,6204
2023-05-15 17:00:00,None,299.98,0.0,0.0,94,Clouds,5601
2023-05-15 18:00:00,None,295.55,0.18,0.0,71,Rain,4429
2023-05-15 19:00:00,None,296.86,0.0,0.0,7,Clear,3361
2023-05-15 20:00:00,None,298.22,0.0,0.0,83,Haze,2606
2023-05-15 21:00:00,None,298.52,0.0,0.0,9,Clear,2152
2023-05-15 22:00:00,None,290.49,0.0,0.0,14,Clear,1645
2023-05-15 23:00:00,None,297.47,6.07,0.0,95,Rain,412
2023-05-16 00:00:00,None,288.49,0.0,0.0,73,Clouds,870
2023-05-16 01:00:00,None,286.98,0.0,0.0,85,Clouds,357
2023-05-16 02:00:00,None,295.69,0.0,0.0,3,Clear,1146
2023-05-16 03:00:00,None,283.94,0.0,0.0,93,Clouds,1207
2023-05-16 04:00:00,None,289.54,0.0,0.0,48,Clouds,1060
2023-05-16 05:00:00,None,291.97,0.0,0.0,7,Clear,1498
2023-05-16 06:00:00,None,295.36,0.69,0.0,99,Rain,3443
2023-05-16 07:00:00,None,292.31,0.0,0.0,13,Clear,4024
2023-05-16 08:00:00,None,295.74,0.0,0.0,76,Clouds,5854
2023-05-16 09:00:00,None,293.47,0.5,0.0,90,Drizzle,6194
2023-05-16 10:00:00,None,294.16,0.0,0.0,13,Clear,4687
2023-05-16 11:00:00,None,295.35,0.0,0.0,1,Clear,5165
2023-05-16 12:00:00,None,301.07,0.0,0.0,74,Mist,4422
2023-05-16 13:00:00,Thanksgiving Day,300.87,0.0,0.0,75,Fog,2122
2023-05-16 14:00:00,None,296.23,0.0,0.0,54,Clouds,4552
2023-05-16 15:00:00,Columbus Day,299.47,0.47,0.0,77,Drizzle,3200
2023-05-16 16:00:00,None,300.58,0.0,0.0,9,Clear,6355
2023-05-16 17:00:00,None,302.35,0.0,0.0,1,Clear,5198
2023-05-16 18:00:00,None,296.6,0.0,0.0,11,Clear,5161
2023-05-16 19:00:00,None,294.81,0.0,0.0,64,Mist,3132
2023-05-16 20:00:00,None,295.13,0.0,0.0,6,Clear,3433
2023-05-16 21:00:00,None,298.03,0.39,0.0,63,Rain,2183
2023-05-16 22:00:00,None,295.82,0.0,0.0,62,Clouds,1718
2023-05-16 23:00:00,None,295.03,0.0,0.0,58,Clouds,889
2023-05-17 00:00:00,None,292.17,0.0,0.0,92,Haze,150
2023-05-17 01:00:00,None,290.24,1.48,0.0,96,Thunderstorm,1190
2023-05-17 02:00:00,None,290.93,0.0,0.0,2,Clear,150
2023-05-17 03:00:00,None,291.55,0.0,0.0,5,Clear,820
2023-05-17 04:00:00,None,291.11,1.57,0.0,67,Rain,150
2023-05-17 05:00:00,None,287.25,0.0,0.0,6,Clear,573
2023-05-17 06:00:00,None,294.71,0.0,0.0,40,Clouds,3934
2023-05-17 07:00:00,None,293.32,0.0,5.96,71,Snow,4122
2023-05-17 08:00:00,None,293.29,0.0,0.0,50,Clouds,5674
2023-05-17 09:00:00,None,290.25,0.0,0.0,4,Clear,6988
2023-05-17 10:00:00,None,298.72,0.0,0.0,9,Clear,4378
2023-05-17 11:00:00,None,299.29,0.0,1.08,60,Snow,3356
2023-05-17 12:00:00,None,295.62,0.0,0.0,5,Clear,4778
2023-05-17 13:00:00,None,303.25,0.0,0.0,12,Clear,4048
2023-05-17 14:00:00,None,298.18,0.0,0.0,3,Clear,4454
2023-05-17 15:00:00,None,299.26,0.0,0.0,83,Clouds,6515
2023-05-17 16:00:00,None,297.5,0.0,0.0,90,Clouds,5565
2023-05-17 17:00:00,None,297.74,0.0,2.3,67,Snow,5183
2023-05-17 18:00:00,None,304.28,0.0,0.0,53,Clouds,5387
2023-05-17 19:00:00,None,295.57,0.37,0.0,74,Rain,3483
2023-05-17 20:00:00,None,291.94,0.0,0.0,99,Clouds,1935
2023-05-17 21:00:00,None,296.53,0.0,0.0,78,Clouds,2533
2023-05-17 22:00:00,None,297.69,0.0,0.0,9,Clear,1364
2023-05-17 23:00:00,None,296.81,0.0,0.0,62,Clouds,150
2023-05-18 00:00:00,None,292.45,0.0,0.0,3,Clear,1139
2023-05-18 01:00:00,None,289.52,0.0,0.0,3,Clear,639
2023-05-18 02:00:00,None,291.68,0.0,0.0,91,Mist,480
2023-05-18 03:00:00,None,292.9,0.0,0.0,57,Clouds,537
2023-05-18 04:00:00,None,294.57,0.0,0.0,9,Clear,1079
2023-05-18 05:00:00,None,292.65,0.0,0.0,90,Clouds,1225
2023-05-18 06:00:00,None,290.15,1.5,0.0,64,Rain,3716
2023-05-18 07:00:00,None,289.77,3.84,0.0,69,Rain,3765
2023-05-18 08:00:00,None,296.27,0.0,0.0,9,Clear,6065
2023-05-18 09:00:00,None,294.0,0.0,0.0,43,Clouds,6334
2023-05-18 10:00:00,None,296.36,0.0,0.0,92,Clouds,4230
2023-05-18 11:00:00,None,299.68,2.64,0.0,84,Thunderstorm,3316
2023-05-18 12:00:00,None,300.67,0.0,0.0,84,Haze,3750
2023-05-18 13:00:00,None,301.08,0.24,0.0,99,Drizzle,3774
2023-05-18 14:00:00,None,298.43,0.0,0.0,5,Clear,4211
2023-05-18 15:00:00,None,306.14,0.0,0.0,5,Clear,5578
2023-05-18 16:00:00,None,299.48,0.0,0.0,61,Clouds,5824
2023-05-18 17:00:00,None,297.41,0.0,0.0,97,Clouds,5833
2023-05-18 18:00:00,None,300.96,0.0,0.0,14,Clear,4999
2023-05-18 19:00:00,None,298.31,2.36,0.0,82,Rain,2797
2023-05-18 20:00:00,None,293.31,0.0,0.0,10,Clear,2108
2023-05-18 21:00:00,None,295.75,0.0,1.41,91,Snow,1701
2023-05-18 22:00:00,None,299.82,0.35,0.0,73,Drizzle,1392
2023-05-18 23:00:00,None,296.15,0.0,0.0,5,Clear,756
2023-05-19 00:00:00,None,300.92,0.0,0.0,79,Mist,745
2023-05-19 01:00:00,None,290.9,0.0,5.29,94,Snow,150
2023-05-19 02:00:00,None,295.51,0.0,0.0,2,Clear,249
2023-05-19 03:00:00,None,286.72,0.0,0.0,94,Clouds,1151
2023-05-19 04:00:00,None,287.98,0.0,0.0,14,Clear,691
2023-05-19 05:00:00,None,290.81,0.0,0.0,84,Mist,150
2023-05-19 06:00:00,None,291.05,0.0,4.47,97,Snow,2881
2023-05-19 07:00:00,None,292.77,0.0,0.0,85,Clouds,4474
2023-05-19 08:00:00,None,294.16,0.0,0.0,63,Mist,5725
2023-05-19 09:00:00,None,300.02,0.0,0.0,0,Clear,6691
2023-05-19 10:00:00,Thanksgiving Day,289.24,0.94,0.0,91,Drizzle,1960
2023-05-19 11:00:00,None,298.03,0.0,0.0,2,Clear,4033
2023-05-19 12:00:00,None,299.55,0.0,0.0,83,Haze,3989
2023-05-19 13:00:00,None,297.92,0.0,0.0,75,Clouds,4090
2023-05-19 14:00:00,None,298.49,0.0,0.0,5,Clear,4433
2023-05-19 15:00:00,None,297.62,0.0,0.0,97,Clouds,6947
2023-05-19 16:00:00,None,301.64,0.0,0.0,4,Clear,6387
2023-05-19 17:00:00,None,302.37,0.0,0.0,2,Clear,5109
2023-05-19 18:00:00,None,301.68,9.96,0.0,90,Rain,4387
2023-05-19 19:00:00,None,297.93,0.0,0.0,57,Clouds,3032
2023-05-19 20:00:00,None,296.63,0.0,0.0,7,Clear,2687
2023-05-19 21:00:00,None,292.38,0.0,0.0,72,Clouds,2752
2023-05-19 22:00:00,None,295.29,0.0,0.0,14,Clear,1929
2023-05-19 23:00:00,Memorial Day,285.98,0.0,0.0,3,Clear,954
2023-05-20 00:00:00,None,292.93,7.86,0.0,85,Rain,369
2023-05-20 01:00:00,None,292.34,0.0,0.0,8,Clear,267
2023-05-20 02:00:00,None,287.07,0.0,0.0,94,Clouds,593
2023-05-20 03:00:00,None,292.84,0.0,0.0,6,Clear,259
2023-05-20 04:00:00,None,292.24,0.0,0.0,2,Clear,1058
2023-05-20 05:00:00,None,292.0,0.0,0.0,7,Clear,716
2023-05-20 06:00:00,None,293.03,0.0,0.0,62,Mist,2181
2023-05-20 07:00:00,None,290.81,0.0,0.0,86,Clouds,3235
2023-05-20 08:00:00,None,289.73,3.81,0.0,97,Rain,3701
2023-05-20 09:00:00,None,297.43,0.0,0.0,60,Mist,5513
2023-05-20 10:00:00,None,295.97,0.6,0.0,82,Drizzle,3491
2023-05-20 11:00:00,None,299.41,0.0,0.0,58,Clouds,2378
2023-05-20 12:00:00,None,299.29,0.0,0.0,58,Clouds,3156
2023-05-20 13:00:00,None,300.27,3.02,0.0,68,Thunderstorm,2821
2023-05-20 14:00:00,None,301.91,0.0,0.0,13,Clear,3287
2023-05-20 15:00:00,None,298.96,0.0,0.0,53,Clouds,4067
2023-05-20 16:00:00,None,301.4,0.0,0.0,92,Clouds,3121
2023-05-20 17:00:00,None,293.66,0.0,0.29,63,Snow,2343
2023-05-20 18:00:00,None,299.28,0.0,0.0,73,Clouds,3694
2023-05-20 19:00:00,None,297.58,0.0,0.43,72,Snow,1869
2023-05-20 20:00:00,None,298.09,0.0,0.0,13,Clear,1949
2023-05-20 21:00:00,None,297.13,0.0,0.0,13,Clear,1514
2023-05-20 22:00:00,None,294.61,1.08,0.0,81,Drizzle,901
2023-05-20 23:00:00,None,298.5,0.0,0.0,97,Mist,804
2023-05-21 00:00:00,None,296.77,0.0,0.0,6,Clear,150
2023-05-21 01:00:00,None,291.31,0.0,0.0,81,Clouds,403
2023-05-21 02:00:00,None,290.47,0.0,0.0,6,Clear,726
2023-05-21 03:00:00,None,289.22,0.0,0.0,4,Clear,542
2023-05-21 04:00:00,None,291.09,1.02,0.0,93,Drizzle,1423
2023-05-21 05:00:00,None,291.95,0.93,0.0,92,Drizzle,421
2023-05-21 06:00:00,None,296.41,0.0,0.0,99,Clouds,1955
2023-05-21 07:00:00,None,293.9,0.0,0.0,9,Clear,3099
2023-05-21 08:00:00,None,293.45,0.0,0.0,14,Clear,3517
2023-05-21 09:00:00,None,300.13,0.0,0.0,1,Clear,4681
2023-05-21 10:00:00,None,293.7,2.07,0.0,88,Rain,2614
2023-05-21 11:00:00,None,294.74,0.0,0.0,0,Clear,2417
2023-05-21 12:00:00,None,298.92,0.09,0.0,90,Rain,3697
2023-05-21 13:00:00,None,300.89,0.0,0.0,6,Clear,2606
2023-05-21 14:00:00,None,298.83,0.0,0.0,62,Fog,2528
2023-05-21 15:00:00,None,303.82,0.0,0.0,70,Fog,2685
2023-05-21 16:00:00,None,300.26,0.0,0.0,58,Clouds,3251
2023-05-21 17:00:00,None,299.11,0.24,0.0,70,Drizzle,3281
2023-05-21 18:00:00,None,301.05,0.0,0.0,9,Clear,3414
2023-05-21 19:00:00,None,304.85,0.0,0.0,60,Mist,2264
2023-05-21 20:00:00,None,298.04,0.0,0.0,11,Clear,1726
2023-05-21 21:00:00,Labor Day,291.19,0.0,0.0,67,Clouds,767
2023-05-21 22:00:00,None,289.21,0.0,0.0,69,Haze,1610
2023-05-21 23:00:00,None,287.81,0.0,0.0,8,Clear,616
2023-05-22 00:00:00,None,294.73,0.0,0.0,13,Clear,804
2023-05-22 01:00:00,None,294.76,0.0,0.0,45,Clouds,658
2023-05-22 02:00:00,None,292.74,7.0,0.0,84,Rain,150
2023-05-22 03:00:00,None,289.71,0.0,0.0,13,Clear,769
2023-05-22 04:00:00,None,291.22,0.0,0.0,0,Clear,528
2023-05-22 05:00:00,None,293.5,0.0,0.0,52,Clouds,1174
2023-05-22 06:00:00,None,293.02,0.0,0.0,78,Mist,2479
2023-05-22 07:00:00,None,294.31,0.0,0.0,49,Clouds,4230
2023-05-22 08:00:00,None,293.61,0.41,0.0,85,Drizzle,5534
2023-05-22 09:00:00,None,292.7,0.0,0.0,7,Clear,7200
2023-05-22 10:00:00,None,295.08,7.41,0.0,60,Rain,3973
2023-05-22 11:00:00,None,297.44,0.54,0.0,92,Drizzle,3859
2023-05-22 12:00:00,None,299.87,0.0,0.0,81,Clouds,3810
2023-05-22 13:00:00,None,299.97,0.0,0.0,9,Clear,3896
2023-05-22 14:00:00,None,304.39,0.0,0.0,41,Clouds,3901
2023-05-22 15:00:00,None,301.14,0.0,0.0,9,Clear,5666
2023-05-22 16:00:00,None,301.78,0.0,0.0,96,Clouds,5534
2023-05-22 17:00:00,None,296.92,0.0,0.54,94,Snow,4345
2023-05-22 18:00:00,None,296.66,0.17,0.0,71,Drizzle,4429
2023-05-22 19:00:00,None,297.23,0.0,0.0,14,Clear,3201
2023-05-22 20:00:00,None,295.67,0.0,0.0,88,Clouds,1828
2023-05-22 21:00:00,None,296.73,0.23,0.0,60,Rain,2062
2023-05-22 22:00:00,None,295.09,0.0,0.0,1,Clear,1769
2023-05-22 23:00:00,None,290.74,0.0,0.0,6,Clear,990
2023-05-23 00:00:00,None,294.83,0.0,0.0,46,Clouds,510
2023-05-23 01:00:00,None,290.15,4.76,0.0,87,Rain,650
2023-05-23 02:00:00,None,290.63,0.0,0.0,1,Clear,749
2023-05-23 03:00:00,None,288.01,4.02,0.0,89,Rain,573
2023-05-23 04:00:00,None,288.31,0.53,0.0,60,Drizzle,216
2023-05-23 05:00:00,None,293.29,0.0,0.3,67,Snow,791
2023-05-23 06:00:00,None,292.44,0.0,0.0,1,Clear,3216
2023-05-23 07:00:00,None,295.47,0.0,0.0,13,Clear,4643
2023-05-23 08:00:00,None,293.55,0.23,0.0,88,Rain,5574
2023-05-23 09:00:00,None,298.85,0.0,0.0,45,Clouds,7200
2023-05-23 10:00:00,None,297.08,0.0,0.0,52,Clouds,3976
2023-05-23 11:00:00,None,302.03,3.78,0.0,74,Rain,4150
2023-05-23 12:00:00,None,295.9,0.0,0.0,12,Clear,4089
2023-05-23 13:00:00,None,302.51,0.0,0.0,4,Clear,4253
2023-05-23 14:00:00,None,301.98,0.0,0.0,11,Clear,4495
2023-05-23 15:00:00,None,301.01,0.0,0.0,11,Clear,5910
2023-05-23 16:00:00,None,305.08,0.66,0.0,66,Rain,6056
2023-05-23 17:00:00,None,299.66,0.0,0.0,83,Haze,5649
2023-05-23 18:00:00,None,300.68,0.0,0.0,80,Fog,4601
2023-05-23 19:00:00,None,294.64,0.0,0.0,13,Clear,3364
2023-05-23 20:00:00,Independence Day,297.09,0.0,0.0,9,Clear,936
2023-05-23 21:00:00,None,290.6,0.0,0.0,89,Clouds,2255
2023-05-23 22:00:00,None,294.97,0.0,0.0,10,Clear,1823
2023-05-23 23:00:00,None,291.1,0.0,0.0,11,Clear,516
2023-05-24 00:00:00,None,286.35,0.0,0.0,4,Clear,529
2023-05-24 01:00:00,None,293.08,2.81,0.0,71,Rain,150
2023-05-24 02:00:00,None,291.14,0.0,0.0,52,Clouds,261
2023-05-24 03:00:00,None,292.53,0.0,0.0,11,Clear,735
2023-05-24 04:00:00,None,295.82,0.0,0.0,12,Clear,1513
2023-05-24 05:00:00,New Years Day,288.73,0.0,0.0,46,Clouds,386
2023-05-24 06:00:00,None,294.72,0.0,0.0,9,Clear,3804
2023-05-24 07:00:00,None,293.89,0.25,0.0,81,Rain,4901
2023-05-24 08:00:00,None,295.96,0.0,0.0,65,Mist,5945
2023-05-24 09:00:00,None,299.18,0.05,0.0,74,Rain,5932
2023-05-24 10:00:00,None,298.99,0.0,0.0,3,Clear,3882
2023-05-24 11:00:00,None,296.69,0.0,0.32,94,Snow,3674
2023-05-24 12:00:00,None,292.5,0.0,0.0,4,Clear,3937
2023-05-24 13:00:00,None,302.39,0.28,0.0,83,Drizzle,4194
2023-05-24 14:00:00,None,294.73,0.0,0.0,63,Fog,3625
2023-05-24 15:00:00,None,303.1,0.0,0.0,3,Clear,5291
2023-05-24 16:00:00,None,304.75,3.18,0.0,86,Rain,5653
2023-05-24 17:00:00,None,297.89,0.33,0.0,89,Drizzle,4905
2023-05-24 18:00:00,None,299.76,0.0,1.2,80,Snow,4408
2023-05-24 19:00:00,None,298.42,0.0,0.0,14,Clear,3002
2023-05-24 20:00:00,None,302.72,0.0,2.82,69,Snow,2530
2023-05-24 21:00:00,None,298.91,0.0,0.0,10,Clear,2280
2023-05-24 22:00:00,None,297.2,0.0,0.0,6,Clear,1338
2023-05-24 23:00:00,None,294.55,0.3,0.0,79,Rain,606
2023-05-25 00:00:00,None,293.13,0.0,0.0,11,Clear,158
2023-05-25 01:00:00,None,289.46,0.0,0.0,13,Clear,320
2023-05-25 02:00:00,None,288.55,0.0,0.0,65,Haze,636
2023-05-25 03:00:00,None,290.95,0.0,0.0,52,Clouds,528
2023-05-25 04:00:00,None,294.55,0.0,0.0,80,Mist,950
2023-05-25 05:00:00,None,295.61,0.0,0.0,7,Clear,1165
2023-05-25 06:00:00,None,292.21,0.0,0.0,8,Clear,3752
2023-05-25 07:00:00,None,295.78,0.0,0.0,80,Clouds,4840
2023-05-25 08:00:00,None,295.86,0.0,0.0,99,Haze,6053
2023-05-25 09:00:00,None,298.26,0.0,0.0,11,Clear,6497
2023-05-25 10:00:00,None,299.53,0.0,0.0,1,Clear,4177
2023-05-25 11:00:00,None,301.52,0.0,0.0,0,Clear,4510
2023-05-25 12:00:00,None,295.35,3.77,0.0,90,Rain,3487
2023-05-25 13:00:00,None,296.52,0.0,0.0,47,Clouds,4381
2023-05-25 14:00:00,None,302.48,0.0,0.0,12,Clear,3587
2023-05-25 15:00:00,None,303.81,0.0,0.0,93,Clouds,6844
2023-05-25 16:00:00,None,293.68,0.0,0.0,82,Clouds,5828
2023-05-25 17:00:00,None,299.87,0.44,0.0,75,Drizzle,5614
2023-05-25 18:00:00,None,297.25,0.0,0.0,0,Clear,5304
2023-05-25 19:00:00,None,298.86,0.0,0.0,51,Clouds,3603
2023-05-25 20:00:00,None,297.15,0.0,0.0,93,Fog,2673
2023-05-25 21:00:00,None,294.14,0.0,0.0,1,Clear,2104
2023-05-25 22:00:00,Thanksgiving Day,290.83,0.0,0.0,10,Clear,792
2023-05-25 23:00:00,None,290.28,0.0,0.0,9,Clear,242
2023-05-26 00:00:00,None,288.8,0.0,0.0,75,Clouds,150
2023-05-26 01:00:00,None,292.33,0.0,0.0,4,Clear,689
2023-05-26 02:00:00,None,291.65,0.0,0.0,8,Clear,387
2023-05-26 03:00:00,None,291.03,0.61,0.0,88,Rain,1046
2023-05-26 04:00:00,None,288.16,0.0,0.0,4,Clear,509
2023-05-26 05:00:00,None,289.75,0.0,0.0,68,Clouds,1176
2023-05-26 06:00:00,None,288.28,0.0,0.0,46,Clouds,3373
2023-05-26 07:00:00,None,293.51,0.0,0.0,5,Clear,4745
2023-05-26 08:00:00,None,292.56,0.05,0.0,65,Rain,5915
2023-05-26 09:00:00,None,294.94,3.49,0.0,96,Rain,6730
2023-05-26 10:00:00,None,302.11,0.0,0.0,41,Clouds,4094
2023-05-26 11:00:00,None,296.19,0.0,0.0,7,Clear,4242
2023-05-26 12:00:00,None,305.03,0.0,0.0,99,Clouds,4262
2023-05-26 13:00:00,None,300.77,0.0,0.0,12,Clear,4698
2023-05-26 14:00:00,None,298.94,0.0,0.0,10,Clear,4589
2023-05-26 15:00:00,None,299.61,0.0,0.0,4,Clear,5806
2023-05-26 16:00:00,None,299.66,0.0,0.0,9,Clear,6444
2023-05-26 17:00:00,None,304.73,0.0,0.0,5,Clear,5543
2023-05-26 18:00:00,None,299.02,0.0,0.0,8,Clear,4893
2023-05-26 19:00:00,None,291.62,0.0,0.0,98,Clouds,3337
2023-05-26 20:00:00,None,295.49,0.0,0.0,61,Clouds,3086
2023-05-26 21:00:00,None,294.33,0.0,0.0,7,Clear,2626
2023-05-26 22:00:00,None,290.34,0.0,0.0,5,Clear,1434
2023-05-26 23:00:00,None,294.42,0.0,0.0,72,Clouds,1386
2023-05-27 00:00:00,None,297.47,0.0,0.0,3,Clear,150
2023-05-27 01:00:00,None,294.09,0.0,0.0,55,Clouds,1105
2023-05-27 02:00:00,None,293.82,0.0,0.0,1,Clear,280
2023-05-27 03:00:00,None,294.6,0.0,0.0,9,Clear,150
2023-05-27 04:00:00,None,288.17,0.0,0.0,99,Clouds,778
2023-05-27 05:00:00,Labor Day,289.6,0.0,0.0,4,Clear,706
2023-05-27 06:00:00,None,297.33,0.0,0.0,62,Mist,2144
2023-05-27 07:00:00,None,291.19,0.0,0.0,71,Clouds,3302
2023-05-27 08:00:00,None,296.06,3.92,0.0,91,Rain,3600
2023-05-27 09:00:00,None,296.1,0.0,0.0,46,Clouds,4375
2023-05-27 10:00:00,None,301.71,0.0,0.0,2,Clear,2834
2023-05-27 11:00:00,None,300.62,0.0,0.0,13,Clear,3253
2023-05-27 12:00:00,None,295.63,0.0,0.0,10,Clear,2412
2023-05-27 13:00:00,None,303.55,0.0,0.0,97,Clouds,2232
2023-05-27 14:00:00,None,303.01,0.0,0.0,7,Clear,3176
2023-05-27 15:00:00,None,304.57,0.0,0.0,67,Mist,3996
2023-05-27 16:00:00,None,304.2,0.0,0.0,0,Clear,4117
2023-05-27 17:00:00,None,290.52,0.0,0.0,6,Clear,3662
2023-05-27 18:00:00,None,297.53,0.0,0.0,95,Clouds,2662
2023-05-27 19:00:00,None,298.54,0.0,0.0,83,Clouds,1827
2023-05-27 20:00:00,None,300.52,0.0,4.3,64,Snow,1397
2023-05-27 21:00:00,None,295.21,0.0,0.0,79,Fog,1022
2023-05-27 22:00:00,None,293.03,0.0,0.0,79,Fog,678
2023-05-27 23:00:00,None,290.49,4.7,0.0,64,Rain,304
2023-05-28 00:00:00,None,294.87,0.0,0.0,1,Clear,150
2023-05-28 01:00:00,None,295.91,0.0,0.0,91,Clouds,789
2023-05-28 02:00:00,None,286.09,2.49,0.0,66,Rain,770
2023-05-28 03:00:00,None,290.27,0.0,0.0,9,Clear,448
2023-05-28 04:00:00,None,291.68,0.0,0.0,48,Clouds,813
2023-05-28 05:00:00,None,292.43,0.0,0.0,85,Haze,731
2023-05-28 06:00:00,None,287.33,0.0,0.0,90,Clouds,2162
2023-05-28 07:00:00,None,288.36,0.0,0.0,84,Clouds,3123
2023-05-28 08:00:00,None,296.19,0.0,0.0,90,Mist,3669
2023-05-28 09:00:00,None,294.54,0.0,0.0,66,Clouds,4721
2023-05-28 10:00:00,None,298.61,0.0,0.9,80,Snow,2843
2023-05-28 11:00:00,None,291.88,0.0,0.0,6,Clear,2508
2023-05-28 12:00:00,None,309.14,0.0,0.5,90,Snow,2175
2023-05-28 13:00:00,None,295.1,0.0,0.0,62,Clouds,2307
2023-05-28 14:00:00,None,304.08,0.0,0.0,73,Clouds,2726
2023-05-28 15:00:00,None,299.53,0.0,0.0,83,Clouds,3584
2023-05-28 16:00:00,None,301.48,0.51,0.0,86,Drizzle,3692
2023-05-28 17:00:00,None,299.42,0.0,0.0,83,Fog,2486
2023-05-28 18:00:00,None,298.78,0.0,0.0,67,Clouds,3337
2023-05-28 19:00:00,None,301.55,0.0,0.0,11,Clear,2662
2023-05-28 20:00:00,None,298.88,0.0,0.0,8,Clear,1823
2023-05-28 21:00:00,Veterans Day,295.15,0.0,0.0,12,Clear,448
2023-05-28 22:00:00,None,295.12,0.0,0.0,59,Clouds,1482
2023-05-28 23:00:00,None,296.15,0.0,0.0,7,Clear,467
2023-05-29 00:00:00,None,291.03,0.0,0.0,12,Clear,786
2023-05-29 01:00:00,None,296.49,0.94,0.0,61,Rain,892
2023-05-29 02:00:00,None,291.99,0.0,0.0,5,Clear,310
2023-05-29 03:00:00,None,297.08,0.0,0.0,5,Clear,768
2023-05-29 04:00:00,None,294.92,0.0,0.0,98,Fog,595
2023-05-29 05:00:00,None,291.73,1.02,0.0,60,Drizzle,881
2023-05-29 06:00:00,None,294.23,0.0,0.0,3,Clear,4023
2023-05-29 07:00:00,None,288.07,0.0,0.0,14,Clear,4532
2023-05-29 08:00:00,None,290.35,0.0,0.0,2,Clear,5605
2023-05-29 09:00:00,Independence Day,289.95,0.0,0.0,12,Clear,3007
2023-05-29 10:00:00,None,295.57,0.0,0.0,56,Clouds,4328
2023-05-29 11:00:00,None,302.68,0.0,0.0,69,Clouds,3834
2023-05-29 12:00:00,None,295.83,0.0,0.0,5,Clear,4341
2023-05-29 13:00:00,None,298.57,0.0,0.0,8,Clear,3952
2023-05-29 14:00:00,None,306.14,0.0,0.0,49,Clouds,4449
2023-05-29 15:00:00,None,294.32,5.24,0.0,74,Rain,5754
2023-05-29 16:00:00,None,296.67,0.0,0.0,5,Clear,5764
2023-05-29 17:00:00,None,298.56,0.0,0.0,66,Clouds,5062
2023-05-29 18:00:00,None,299.23,0.15,0.0,76,Rain,4595
2023-05-29 19:00:00,None,300.42,0.0,0.0,58,Clouds,4105
2023-05-29 20:00:00,None,298.58,0.0,0.09,89,Snow,2409
2023-05-29 21:00:00,None,291.32,4.97,0.0,74,Rain,2324
2023-05-29 22:00:00,None,293.73,0.0,0.0,2,Clear,1061
2023-05-29 23:00:00,None,294.3,0.0,0.0,96,Mist,453
2023-05-30 00:00:00,None,293.43,0.0,0.0,13,Clear,150
2023-05-30 01:00:00,None,295.04,0.0,0.0,61,Mist,531
2023-05-30 02:00:00,None,291.18,0.28,0.0,61,Rain,341
2023-05-30 03:00:00,None,288.08,4.73,0.0,83,Rain,532
2023-05-30 04:00:00,None,296.92,0.58,0.0,64,Drizzle,1016
2023-05-30 05:00:00,None,297.92,0.0,4.02,82,Snow,1094
2023-05-30 06:00:00,None,296.16,0.0,0.0,93,Clouds,2634
2023-05-30 07:00:00,None,297.06,0.0,0.0,85,Clouds,4795
2023-05-30 08:00:00,None,291.1,0.0,0.0,2,Clear,5637
2023-05-30 09:00:00,None,292.43,0.0,0.66,73,Snow,6202
2023-05-30 10:00:00,None,292.33,0.14,0.0,98,Drizzle,3493
2023-05-30 11:00:00,None,295.85,0.0,1.46,60,Snow,4270
2023-05-30 12:00:00,None,295.78,0.0,0.0,98,Clouds,4688
2023-05-30 13:00:00,None,297.93,0.0,0.0,5,Clear,4058
2023-05-30 14:00:00,Thanksgiving Day,302.98,0.0,0.0,56,Clouds,1992
2023-05-30 15:00:00,None,296.51,0.0,0.0,79,Clouds,5860
2023-05-30 16:00:00,None,301.28,0.0,0.0,63,Mist,5637
2023-05-30 17:00:00,None,298.51,0.0,0.0,47,Clouds,5694
2023-05-30 18:00:00,None,291.44,0.0,0.31,66,Snow,4937
2023-05-30 19:00:00,None,295.71,0.0,0.0,81,Mist,3273
2023-05-30 20:00:00,None,296.88,0.0,0.0,94,Mist,2892
2023-05-30 21:00:00,None,288.83,0.0,0.0,14,Clear,1443
2023-05-30 22:00:00,None,296.02,0.0,0.0,14,Clear,1026
2023-05-30 23:00:00,Independence Day,291.36,0.0,0.0,91,Clouds,573
2023-05-31 00:00:00,None,292.04,0.0,0.0,4,Clear,290
2023-05-31 01:00:00,None,290.79,0.0,0.0,3,Clear,692
2023-05-31 02:00:00,None,290.94,0.0,0.0,11,Clear,545
2023-05-31 03:00:00,None,291.15,0.0,0.0,79,Clouds,966
2023-05-31 04:00:00,None,289.09,0.0,0.0,52,Clouds,668
2023-05-31 05:00:00,None,291.39,2.83,0.0,92,Rain,903
2023-05-31 06:00:00,None,291.16,0.0,0.0,5,Clear,4418
2023-05-31 07:00:00,None,295.26,0.0,0.0,67,Clouds,4589
2023-05-31 08:00:00,None,293.7,0.0,0.0,56,Clouds,5618
2023-05-31 09:00:00,None,293.12,0.0,0.0,63,Clouds,6975
2023-05-31 10:00:00,None,301.52,0.0,0.0,1,Clear,3615
2023-05-31 11:00:00,None,301.89,0.47,0.0,98,Drizzle,4075
2023-05-31 12:00:00,None,295.41,0.0,0.0,8,Clear,4222
2023-05-31 13:00:00,None,300.83,0.44,0.0,69,Drizzle,4365
2023-05-31 14:00:00,None,298.47,0.0,0.0,47,Clouds,4568
2023-05-31 15:00:00,None,304.22,0.0,1.87,91,Snow,6103
2023-05-31 16:00:00,None,302.72,0.0,0.0,10,Clear,6047
2023-05-31 17:00:00,None,299.6,0.0,0.0,46,Clouds,5541
2023-05-31 18:00:00,None,303.77,0.5,0.0,72,Rain,4822
2023-05-31 19:00:00,None,301.29,0.0,0.0,11,Clear,3180
2023-05-31 20:00:00,None,296.21,0.0,0.0,4,Clear,3133
2023-05-31 21:00:00,None,295.1,0.0,0.0,82,Clouds,2037
2023-05-31 22:00:00,None,292.33,0.0,0.0,96,Clouds,1591
2023-05-31 23:00:00,None,297.52,0.0,0.0,10,Clear,1040
2023-06-01 00:00:00,None,296.91,0.0,0.0,92,Mist,150
2023-06-01 01:00:00,None,296.56,0.0,0.0,63,Clouds,660
2023-06-01 02:00:00,None,301.08,0.0,0.0,88,Clouds,383
2023-06-01 03:00:00,None,296.26,0.0,0.0,67,Clouds,606
2023-06-01 04:00:00,None,299.3,2.01,0.0,90,Rain,776
2023-06-01 05:00:00,None,292.25,0.0,0.0,81,Haze,774
2023-06-01 06:00:00,None,294.77,0.0,0.0,10,Clear,3216
2023-06-01 07:00:00,None,295.15,0.98,0.0,77,Rain,4840
2023-06-01 08:00:00,None,297.14,0.0,0.0,14,Clear,4955
2023-06-01 09:00:00,None,297.22,0.0,0.0,85,Clouds,6737
2023-06-01 10:00:00,None,304.16,0.0,0.0,74,Clouds,4215
2023-06-01 11:00:00,None,300.87,0.0,0.0,40,Clouds,3813
2023-06-01 12:00:00,None,309.25,2.09,0.0,75,Rain,4085
2023-06-01 13:00:00,None,306.8,0.0,0.0,5,Clear,3985
2023-06-01 14:00:00,None,306.35,0.0,0.0,3,Clear,4320
2023-06-01 15:00:00,None,307.0,0.0,0.0,97,Haze,6035
2023-06-01 16:00:00,None,308.27,0.0,0.0,7,Clear,5337
2023-06-01 17:00:00,None,307.48,0.0,0.0,43,Clouds,5086
2023-06-01 18:00:00,None,302.34,0.0,0.0,14,Clear,4359
2023-06-01 19:00:00,None,303.3,0.0,0.0,80,Haze,2846
2023-06-01 20:00:00,None,305.02,0.0,0.0,11,Clear,2757
2023-06-01 21:00:00,None,299.7,0.0,0.0,91,Haze,1640
2023-06-01 22:00:00,None,293.8,0.0,0.0,61,Clouds,1871
2023-06-01 23:00:00,None,301.93,0.0,0.0,66,Mist,1040
2023-06-02 00:00:00,None,296.21,0.0,0.0,78,Fog,150
2023-06-02 01:00:00,None,296.52,14.7,0.0,91,Rain,150
2023-06-02 02:00:00,None,297.65,0.0,0.0,13,Clear,637
2023-06-02 03:00:00,None,299.11,3.66,0.0,75,Thunderstorm,897
2023-06-02 04:00:00,None,292.79,0.0,0.0,3,Clear,599
2023-06-02 05:00:00,None,294.36,0.0,0.0,5,Clear,602
2023-06-02 06:00:00,None,301.43,0.0,0.0,10,Clear,4499
2023-06-02 07:00:00,None,301.03,0.0,0.0,10,Clear,3997
2023-06-02 08:00:00,None,295.34,0.07,0.0,82,Rain,5437
2023-06-02 09:00:00,None,295.75,0.0,0.0,6,Clear,6563
2023-06-02 10:00:00,None,297.48,6.21,0.0,93,Rain,3449
2023-06-02 11:00:00,None,306.8,0.0,0.0,60,Haze,4760
2023-06-02 12:00:00,None,309.69,2.82,0.0,80,Rain,3482
2023-06-02 13:00:00,None,300.6,0.0,0.0,95,Clouds,3708
2023-06-02 14:00:00,None,303.83,6.72,0.0,78,Rain,4081
2023-06-02 15:00:00,None,298.77,0.0,0.0,6,Clear,6024
2023-06-02 16:00:00,None,309.44,0.0,0.0,3,Clear,5375
2023-06-02 17:00:00,None,308.17,0.0,0.0,78,Fog,4496
2023-06-02 18:00:00,None,303.9,0.0,0.0,82,Mist,5594
2023-06-02 19:00:00,None,304.12,0.0,0.0,5,Clear,2765
2023-06-02 20:00:00,None,305.05,0.0,0.0,75,Clouds,2686
2023-06-02 21:00:00,None,308.71,0.0,0.0,11,Clear,1579
2023-06-02 22:00:00,None,305.1,0.26,0.0,82,Thunderstorm,414
2023-06-02 23:00:00,None,299.21,0.0,0.0,1,Clear,586
2023-06-03 00:00:00,None,293.43,0.0,0.0,3,Clear,373
2023-06-03 01:00:00,None,300.23,0.0,0.0,70,Mist,654
2023-06-03 02:00:00,None,296.71,0.0,0.0,1,Clear,150
2023-06-03 03:00:00,None,291.3,2.64,0.0,69,Rain,666
2023-06-03 04:00:00,None,293.35,0.0,0.0,4,Clear,388
2023-06-03 05:00:00,None,301.48,0.0,0.0,89,Clouds,763
2023-06-03 06:00:00,None,298.71,0.0,0.0,53,Clouds,2812
2023-06-03 07:00:00,None,306.16,0.0,0.41,66,Snow,2239
2023-06-03 08:00:00,None,296.78,0.0,0.0,46,Clouds,3635
2023-06-03 09:00:00,None,302.48,0.0,0.0,97,Clouds,4054
2023-06-03 10:00:00,Independence Day,303.4,0.0,0.0,98,Fog,722
2023-06-03 11:00:00,None,305.89,0.19,0.0,76,Rain,2627
2023-06-03 12:00:00,None,309.77,0.0,0.0,98,Clouds,2352
2023-06-03 13:00:00,None,307.84,0.0,0.0,62,Mist,3075
2023-06-03 14:00:00,None,302.28,0.0,0.0,79,Clouds,2905
2023-06-03 15:00:00,None,306.62,0.0,0.0,65,Mist,4256
2023-06-03 16:00:00,None,300.86,0.0,0.0,58,Clouds,3197
2023-06-03 17:00:00,None,306.54,0.0,0.0,5,Clear,3888
2023-06-03 18:00:00,None,302.25,0.0,3.47,69,Snow,2488
2023-06-03 19:00:00,None,300.42,0.0,1.34,91,Snow,1677
2023-06-03 20:00:00,None,300.79,0.0,0.0,45,Clouds,2082
2023-06-03 21:00:00,None,305.87,0.0,0.0,92,Haze,1669
2023-06-03 22:00:00,None,300.7,0.58,0.0,65,Drizzle,651
2023-06-03 23:00:00,None,296.69,0.0,0.0,6,Clear,604
2023-06-04 00:00:00,None,299.56,0.0,0.0,3,Clear,600
2023-06-04 01:00:00,None,294.4,0.0,0.0,51,Clouds,703
2023-06-04 02:00:00,None,296.0,0.0,0.0,86,Mist,844
2023-06-04 03:00:00,None,290.65,0.43,0.0,70,Rain,733
2023-06-04 04:00:00,None,295.48,0.0,0.0,51,Clouds,447
2023-06-04 05:00:00,None,299.16,0.0,0.0,40,Clouds,982
2023-06-04 06:00:00,None,300.53,0.21,0.0,72,Rain,2604
2023-06-04 07:00:00,None,302.08,0.01,0.0,71,Rain,2624
2023-06-04 08:00:00,None,303.27,1.08,0.0,61,Drizzle,3742
2023-06-04 09:00:00,None,301.01,7.55,0.0,95,Rain,3764
2023-06-04 10:00:00,None,300.92,0.0,0.0,61,Mist,2506
2023-06-04 11:00:00,None,300.94,0.0,0.0,10,Clear,2264
2023-06-04 12:00:00,None,303.38,0.0,0.0,4,Clear,2185
2023-06-04 13:00:00,None,307.35,0.0,0.0,11,Clear,2928
2023-06-04 14:00:00,None,304.02,0.0,0.0,1,Clear,2983
2023-06-04 15:00:00,None,303.08,1.06,0.0,81,Drizzle,3899
2023-06-04 16:00:00,None,305.91,1.53,0.0,62,Rain,3457
2023-06-04 17:00:00,None,305.68,0.0,0.0,82,Clouds,3273
2023-06-04 18:00:00,None,301.39,0.0,0.0,0,Clear,3063
2023-06-04 19:00:00,None,306.81,0.0,0.0,93,Mist,1826
2023-06-04 20:00:00,None,303.61,0.0,0.0,3,Clear,1583
2023-06-04 21:00:00,None,303.68,0.0,0.0,5,Clear,1457
2023-06-04 22:00:00,None,300.84,0.0,0.0,42,Clouds,732
2023-06-04 23:00:00,None,302.63,0.0,0.0,71,Clouds,961
2023-06-05 00:00:00,None,298.85,0.0,0.0,11,Clear,242
2023-06-05 01:00:00,None,296.39,0.18,0.0,97,Rain,598
2023-06-05 02:00:00,None,292.91,0.0,1.68,62,Snow,501
2023-06-05 03:00:00,None,292.1,0.0,0.0,14,Clear,493
2023-06-05 04:00:00,None,295.95,1.54,0.0,73,Rain,1007
2023-06-05 05:00:00,None,297.81,0.0,0.0,88,Clouds,882
2023-06-05 06:00:00,None,289.83,0.0,0.0,1,Clear,2947
2023-06-05 07:00:00,None,297.06,0.0,0.0,5,Clear,4062
2023-06-05 08:00:00,None,298.47,0.0,0.0,2,Clear,5502
2023-06-05 09:00:00,None,301.84,0.0,0.0,80,Clouds,6592
2023-06-05 10:00:00,None,301.38,0.0,0.0,3,Clear,4198
2023-06-05 11:00:00,New Years Day,304.46,0.0,0.0,12,Clear,1261
2023-06-05 12:00:00,None,305.16,0.0,0.0,7,Clear,3967
2023-06-05 13:00:00,None,304.11,1.42,0.0,91,Rain,3201
2023-06-05 14:00:00,None,308.53,0.0,0.0,2,Clear,3870
2023-06-05 15:00:00,None,303.83,0.0,0.0,70,Mist,6101
2023-06-05 16:00:00,None,305.68,0.0,0.0,11,Clear,5611
2023-06-05 17:00:00,None,306.18,0.0,0.0,80,Mist,5173
2023-06-05 18:00:00,None,305.79,0.0,0.0,99,Clouds,4606
2023-06-05 19:00:00,None,306.72,0.0,0.0,4,Clear,4011
2023-06-05 20:00:00,None,303.5,0.0,0.0,47,Clouds,2519
2023-06-05 21:00:00,None,300.81,0.0,0.0,70,Mist,2209
2023-06-05 22:00:00,None,306.57,0.0,0.0,3,Clear,1320
2023-06-05 23:00:00,None,297.84,0.0,0.0,14,Clear,627
2023-06-06 00:00:00,None,298.28,0.0,0.0,7,Clear,288
2023-06-06 01:00:00,None,297.09,0.0,0.0,2,Clear,354
2023-06-06 02:00:00,None,296.93,0.0,0.0,73,Clouds,709
2023-06-06 03:00:00,None,292.22,0.0,0.0,10,Clear,1275
2023-06-06 04:00:00,None,297.8,0.0,0.0,77,Clouds,610
2023-06-06 05:00:00,None,301.63,1.78,0.0,98,Rain,539
2023-06-06 06:00:00,None,301.3,0.0,0.0,70,Clouds,3402
2023-06-06 07:00:00,None,299.16,0.44,0.0,74,Rain,4548
2023-06-06 08:00:00,None,301.26,0.0,0.0,49,Clouds,5863
2023-06-06 09:00:00,None,302.0,0.0,0.0,0,Clear,7200
2023-06-06 10:00:00,None,302.3,0.0,0.0,7,Clear,3931
2023-06-06 11:00:00,None,305.03,0.0,0.0,12,Clear,4673
2023-06-06 12:00:00,None,306.48,0.0,4.1,76,Snow,3349
2023-06-06 13:00:00,None,303.46,0.0,0.0,69,Clouds,3875
2023-06-06 14:00:00,None,305.84,0.0,0.0,93,Clouds,4047
2023-06-06 15:00:00,None,309.42,0.0,0.0,9,Clear,6526
2023-06-06 16:00:00,None,305.54,0.0,0.0,12,Clear,5586
2023-06-06 17:00:00,None,305.43,0.0,0.0,64,Clouds,5233
2023-06-06 18:00:00,None,300.63,1.02,0.0,69,Drizzle,5172
2023-06-06 19:00:00,None,303.75,0.0,0.0,85,Clouds,3190
2023-06-06 20:00:00,None,307.72,0.0,0.0,4,Clear,2305
2023-06-06 21:00:00,None,301.73,1.17,0.0,93,Drizzle,2022
2023-06-06 22:00:00,None,301.72,0.0,0.0,89,Clouds,2324
2023-06-06 23:00:00,None,295.95,4.26,0.0,69,Rain,1170
2023-06-07 00:00:00,None,295.75,0.0,0.0,3,Clear,563
2023-06-07 01:00:00,None,297.2,0.0,0.0,13,Clear,331
2023-06-07 02:00:00,None,302.61,0.0,0.0,80,Mist,292
2023-06-07 03:00:00,None,294.94,0.0,0.0,6,Clear,931
2023-06-07 04:00:00,None,296.55,0.0,0.0,95,Clouds,630
2023-06-07 05:00:00,None,295.43,0.0,0.0,11,Clear,302
2023-06-07 06:00:00,None,299.66,0.0,0.0,77,Fog,3269
2023-06-07 07:00:00,None,301.33,0.0,0.0,7,Clear,4238
2023-06-07 08:00:00,None,301.57,0.0,0.0,0,Clear,6349
2023-06-07 09:00:00,None,302.93,1.28,0.0,73,Rain,6534
2023-06-07 10:00:00,None,302.25,0.0,0.0,97,Mist,4775
2023-06-07 11:00:00,None,309.88,0.0,0.0,99,Fog,4218
2023-06-07 12:00:00,None,305.14,0.0,0.0,3,Clear,4490
2023-06-07 13:00:00,None,309.74,0.0,0.0,14,Clear,4269
2023-06-07 14:00:00,None,305.5,0.0,0.0,98,Clouds,4711
2023-06-07 15:00:00,None,307.52,0.0,0.0,9,Clear,6225
2023-06-07 16:00:00,None,301.25,0.0,0.0,62,Clouds,5869
2023-06-07 17:00:00,None,307.74,0.0,0.0,10,Clear,5520
2023-06-07 18:00:00,None,301.16,0.0,0.0,8,Clear,5297
2023-06-07 19:00:00,None,306.53,0.0,0.0,4,Clear,3351
2023-06-07 20:00:00,None,302.99,0.0,0.0,96,Mist,2342
2023-06-07 21:00:00,Christmas Day,298.88,0.0,0.0,95,Clouds,975
2023-06-07 22:00:00,None,301.04,1.04,0.0,62,Rain,593
2023-06-07 23:00:00,None,298.5,0.0,0.0,8,Clear,777
2023-06-08 00:00:00,None,299.57,0.0,0.0,7,Clear,161
2023-06-08 01:00:00,None,301.13,0.0,0.0,41,Clouds,710
2023-06-08 02:00:00,None,293.8,0.0,0.0,94,Clouds,639
2023-06-08 03:00:00,None,289.84,1.01,0.0,90,Drizzle,150
2023-06-08 04:00:00,None,295.69,0.0,0.0,82,Clouds,574
2023-06-08 05:00:00,None,303.19,0.0,0.0,49,Clouds,639
2023-06-08 06:00:00,None,299.48,0.0,0.0,14,Clear,3694
2023-06-08 07:00:00,None,298.91,0.0,0.0,92,Mist,4655
2023-06-08 08:00:00,None,298.44,0.0,0.0,57,Clouds,5944
2023-06-08 09:00:00,None,302.5,1.32,0.0,60,Rain,6300
2023-06-08 10:00:00,None,302.85,0.0,0.0,41,Clouds,4799
2023-06-08 11:00:00,None,301.62,0.0,0.0,94,Clouds,4669
2023-06-08 12:00:00,Thanksgiving Day,308.77,0.0,0.0,7,Clear,1663
2023-06-08 13:00:00,None,308.7,0.0,0.0,14,Clear,4127
2023-06-08 14:00:00,None,307.7,3.21,0.0,80,Rain,4070
2023-06-08 15:00:00,None,303.64,0.0,0.0,8,Clear,6746
2023-06-08 16:00:00,None,306.05,0.0,0.0,48,Clouds,5545
2023-06-08 17:00:00,None,305.14,0.0,0.0,98,Fog,5002
2023-06-08 18:00:00,None,305.16,0.0,0.0,73,Clouds,4840
2023-06-08 19:00:00,None,300.23,0.0,0.0,4,Clear,3118
2023-06-08 20:00:00,None,301.32,0.0,0.0,0,Clear,2352
2023-06-08 21:00:00,None,300.6,0.0,0.0,12,Clear,1657
2023-06-08 22:00:00,None,300.54,0.0,0.0,72,Clouds,1767
2023-06-08 23:00:00,None,299.68,0.0,0.0,98,Fog,534
2023-06-09 00:00:00,None,295.77,0.0,0.0,89,Clouds,150
2023-06-09 01:00:00,None,296.07,0.0,0.0,97,Clouds,624
2023-06-09 02:00:00,None,293.1,0.0,0.0,1,Clear,957
2023-06-09 03:00:00,None,304.47,0.0,0.0,68,Clouds,706
2023-06-09 04:00:00,None,294.95,7.42,0.0,72,Rain,1171
2023-06-09 05:00:00,None,294.61,0.16,0.0,62,Rain,598
2023-06-09 06:00:00,None,291.34,0.0,0.0,84,Clouds,4206
2023-06-09 07:00:00,None,295.39,0.89,0.0,69,Drizzle,4886
2023-06-09 08:00:00,None,302.58,1.5,0.0,66,Rain,5687
2023-06-09 09:00:00,None,298.56,0.46,0.0,77,Drizzle,7144
2023-06-09 10:00:00,None,302.02,0.0,0.0,47,Clouds,4223
2023-06-09 11:00:00,None,302.32,0.0,0.0,5,Clear,3634
2023-06-09 12:00:00,None,307.62,3.59,0.0,72,Rain,3204
2023-06-09 13:00:00,None,303.74,0.0,0.0,2,Clear,4300
2023-06-09 14:00:00,None,307.5,0.0,0.0,85,Clouds,4122
2023-06-09 15:00:00,None,305.94,0.0,0.0,4,Clear,5722
2023-06-09 16:00:00,None,308.13,0.0,0.0,6,Clear,5552
2023-06-09 17:00:00,None,306.45,0.0,0.0,4,Clear,5116
2023-06-09 18:00:00,None,309.86,0.0,0.0,1,Clear,5398
2023-06-09 19:00:00,None,306.21,0.0,0.0,11,Clear,3666
2023-06-09 20:00:00,None,301.76,0.0,0.0,3,Clear,2229
2023-06-09 21:00:00,None,302.28,0.0,0.0,83,Clouds,2160
2023-06-09 22:00:00,None,303.62,2.41,0.0,84,Rain,1005
2023-06-09 23:00:00,None,301.54,0.0,0.0,13,Clear,694
2023-06-10 00:00:00,None,298.38,0.0,0.0,12,Clear,150
2023-06-10 01:00:00,None,295.93,0.0,0.0,90,Mist,351
2023-06-10 02:00:00,None,297.63,0.0,0.0,0,Clear,569
2023-06-10 03:00:00,None,293.74,0.0,0.0,7,Clear,593
2023-06-10 04:00:00,None,294.6,0.0,0.0,4,Clear,311
2023-06-10 05:00:00,None,299.83,0.0,0.0,5,Clear,1183
2023-06-10 06:00:00,None,302.92,3.59,0.0,93,Rain,1861
2023-06-10 07:00:00,None,301.69,0.0,0.0,8,Clear,3003
2023-06-10 08:00:00,None,297.37,0.0,0.0,4,Clear,3233
2023-06-10 09:00:00,None,301.94,0.0,0.0,68,Clouds,4577
2023-06-10 10:00:00,Independence Day,303.13,0.0,0.0,58,Clouds,1298
2023-06-10 11:00:00,None,300.03,0.0,0.0,67,Clouds,3186
2023-06-10 12:00:00,None,300.45,0.0,0.0,79,Mist,2881
2023-06-10 13:00:00,None,302.24,0.0,0.0,81,Haze,3118
2023-06-10 14:00:00,None,308.4,0.0,0.0,14,Clear,2605
2023-06-10 15:00:00,None,305.51,2.66,0.0,67,Rain,3382
2023-06-10 16:00:00,None,301.23,0.0,0.0,3,Clear,3889
2023-06-10 17:00:00,None,305.04,0.0,0.0,3,Clear,3878
2023-06-10 18:00:00,None,307.26,0.0,0.0,73,Mist,2886
2023-06-10 19:00:00,None,305.71,0.03,0.0,87,Rain,2583
2023-06-10 20:00:00,None,304.09,0.0,0.0,2,Clear,1589
2023-06-10 21:00:00,None,304.66,0.98,0.0,77,Rain,848
2023-06-10 22:00:00,None,299.11,0.0,0.0,9,Clear,701
2023-06-10 23:00:00,None,295.65,0.0,0.0,12,Clear,672
2023-06-11 00:00:00,None,290.84,0.0,0.0,2,Clear,398
2023-06-11 01:00:00,None,295.86,0.0,0.0,89,Clouds,769
2023-06-11 02:00:00,None,294.15,0.16,0.0,89,Rain,304
2023-06-11 03:00:00,None,295.42,0.0,0.0,7,Clear,951
2023-06-11 04:00:00,None,296.32,0.0,0.14,79,Snow,784
2023-06-11 05:00:00,None,299.44,0.0,0.0,2,Clear,540
2023-06-11 06:00:00,None,297.31,0.0,0.0,64,Haze,1881
2023-06-11 07:00:00,None,302.02,0.0,0.0,6,Clear,2984
2023-06-11 08:00:00,None,302.09,0.0,0.0,95,Clouds,4230
2023-06-11 09:00:00,None,305.73,0.0,0.0,9,Clear,4842
2023-06-11 10:00:00,None,303.12,0.0,0.0,9,Clear,3487
2023-06-11 11:00:00,None,305.2,0.0,0.0,3,Clear,2675
2023-06-11 12:00:00,None,305.07,0.0,0.0,9,Clear,2871
2023-06-11 13:00:00,None,306.7,0.0,0.0,41,Clouds,2446
2023-06-11 14:00:00,None,306.81,0.0,0.0,10,Clear,2766
2023-06-11 15:00:00,None,311.89,2.39,0.0,83,Rain,4090
2023-06-11 16:00:00,None,304.24,0.0,0.0,10,Clear,3302
2023-06-11 17:00:00,None,306.06,0.0,0.0,2,Clear,3100
2023-06-11 18:00:00,None,307.2,0.0,0.0,14,Clear,2192
2023-06-11 19:00:00,None,303.74,0.0,0.0,13,Clear,2242
2023-06-11 20:00:00,None,304.25,0.0,0.0,90,Clouds,1415
2023-06-11 21:00:00,None,302.93,0.0,0.0,91,Clouds,1406
2023-06-11 22:00:00,None,301.18,0.0,0.0,1,Clear,594
2023-06-11 23:00:00,None,301.18,0.0,0.0,74,Clouds,818
2023-06-12 00:00:00,None,300.03,0.0,0.0,2,Clear,514
2023-06-12 01:00:00,None,296.91,0.0,0.0,12,Clear,1086
2023-06-12 02:00:00,None,296.69,3.01,0.0,84,Rain,676
2023-06-12 03:00:00,New Years Day,297.55,0.0,0.0,76,Clouds,190
2023-06-12 04:00:00,None,298.63,0.0,0.0,49,Clouds,631
2023-06-12 05:00:00,None,293.37,0.0,0.0,2,Clear,1246
2023-06-12 06:00:00,None,296.31,0.0,0.0,14,Clear,3269
2023-06-12 07:00:00,None,302.43,0.76,0.0,97,Rain,5505
2023-06-12 08:00:00,None,304.62,0.0,0.0,10,Clear,5998
2023-06-12 09:00:00,None,300.44,0.0,0.0,2,Clear,6971
2023-06-12 10:00:00,None,302.89,0.0,0.0,6,Clear,3502
2023-06-12 11:00:00,None,304.27,0.0,0.0,91,Clouds,4716
2023-06-12 12:00:00,None,301.13,0.0,0.0,84,Clouds,3914
2023-06-12 13:00:00,None,303.33,0.0,0.0,8,Clear,3754
2023-06-12 14:00:00,None,302.16,0.0,0.0,0,Clear,2966
2023-06-12 15:00:00,None,310.15,0.0,0.0,9,Clear,6190
2023-06-12 16:00:00,None,306.48,0.0,0.0,8,Clear,5522
2023-06-12 17:00:00,None,305.7,0.0,0.0,60,Mist,5696
2023-06-12 18:00:00,None,307.07,0.0,0.0,12,Clear,4257
2023-06-12 19:00:00,None,306.58,0.39,0.0,93,Drizzle,3300
2023-06-12 20:00:00,None,307.36,0.0,0.0,75,Clouds,2676
2023-06-12 21:00:00,None,300.88,0.0,0.0,96,Clouds,1927
2023-06-12 22:00:00,None,300.49,0.0,0.0,14,Clear,1361
2023-06-12 23:00:00,None,300.41,0.0,0.0,13,Clear,1316
2023-06-13 00:00:00,None,293.18,0.0,0.0,3,Clear,157
2023-06-13 01:00:00,None,297.86,1.49,0.0,72,Rain,559
2023-06-13 02:00:00,None,298.28,0.0,0.0,8,Clear,884
2023-06-13 03:00:00,None,297.99,0.0,0.0,13,Clear,323
2023-06-13 04:00:00,None,300.09,0.0,0.0,89,Clouds,854
2023-06-13 05:00:00,None,296.11,0.0,0.0,6,Clear,1097
2023-06-13 06:00:00,None,292.62,0.0,0.0,4,Clear,3405
2023-06-13 07:00:00,None,300.29,0.0,0.0,46,Clouds,5117
2023-06-13 08:00:00,None,305.94,0.0,0.0,94,Clouds,5046
2023-06-13 09:00:00,None,300.89,0.98,0.0,97,Drizzle,6627
2023-06-13 10:00:00,None,303.79,0.0,0.0,86,Haze,4694
2023-06-13 11:00:00,None,307.96,0.0,0.0,7,Clear,4116
2023-06-13 12:00:00,None,308.36,0.0,0.0,6,Clear,3640
2023-06-13 13:00:00,None,302.82,0.0,0.0,66,Clouds,4048
2023-06-13 14:00:00,None,307.95,0.0,0.0,12,Clear,4347
2023-06-13 15:00:00,None,308.34,0.0,0.0,63,Fog,5588
2023-06-13 16:00:00,None,308.82,0.0,0.0,2,Clear,5188
2023-06-13 17:00:00,None,308.03,0.0,0.0,64,Clouds,5367
2023-06-13 18:00:00,None,307.28,0.0,0.0,7,Clear,5120
2023-06-13 19:00:00,None,305.44,0.0,0.0,4,Clear,3522
2023-06-13 20:00:00,None,307.43,0.0,0.0,12,Clear,2467
2023-06-13 21:00:00,None,302.88,0.0,0.0,87,Clouds,2735
2023-06-13 22:00:00,None,299.92,0.0,0.0,90,Clouds,2106
2023-06-13 23:00:00,None,294.76,0.0,0.0,44,Clouds,885
2023-06-14 00:00:00,None,296.02,0.0,0.0,10,Clear,690
2023-06-14 01:00:00,None,299.27,0.0,2.05,79,Snow,150
2023-06-14 02:00:00,None,297.2,0.0,0.0,97,Clouds,421
2023-06-14 03:00:00,None,296.52,0.0,0.0,11,Clear,802
2023-06-14 04:00:00,None,295.62,0.0,0.0,97,Clouds,802
2023-06-14 05:00:00,None,294.64,3.01,0.0,67,Rain,1186
2023-06-14 06:00:00,None,296.62,2.81,0.0,70,Rain,3799
2023-06-14 07:00:00,None,295.36,1.13,0.0,92,Rain,4418
2023-06-14 08:00:00,None,298.99,0.0,0.0,99,Clouds,6320
2023-06-14 09:00:00,None,303.13,0.0,0.0,7,Clear,7200
2023-06-14 10:00:00,None,300.85,0.0,0.0,11,Clear,5355
2023-06-14 11:00:00,None,302.66,0.0,0.0,14,Clear,4512
2023-06-14 12:00:00,None,304.84,0.0,0.0,9,Clear,3913
2023-06-14 13:00:00,None,304.59,0.2,0.0,61,Drizzle,4795
2023-06-14 14:00:00,None,305.48,0.0,0.0,7,Clear,3962
2023-06-14 15:00:00,None,308.67,0.0,0.0,76,Mist,6452
2023-06-14 16:00:00,None,306.56,0.0,0.0,9,Clear,6566
2023-06-14 17:00:00,None,315.36,0.0,0.0,95,Mist,4933
2023-06-14 18:00:00,None,300.45,0.0,0.0,7,Clear,4425
2023-06-14 19:00:00,None,306.94,0.0,0.0,0,Clear,3831
2023-06-14 20:00:00,None,300.4,0.48,0.0,96,Drizzle,2560
2023-06-14 21:00:00,None,301.06,0.0,0.0,14,Clear,1757
2023-06-14 22:00:00,New Years Day,296.42,0.0,0.0,1,Clear,261
2023-06-14 23:00:00,None,302.51,0.0,0.0,8,Clear,917
2023-06-15 00:00:00,None,298.95,0.0,0.0,11,Clear,321
2023-06-15 01:00:00,None,295.81,0.0,0.0,9,Clear,519
2023-06-15 02:00:00,None,298.18,0.0,0.0,12,Clear,251
2023-06-15 03:00:00,None,302.62,0.0,0.0,75,Mist,775
2023-06-15 04:00:00,None,297.78,1.46,0.0,91,Rain,442
2023-06-15 05:00:00,None,296.5,0.0,1.71,99,Snow,1219
2023-06-15 06:00:00,None,296.83,0.0,0.0,74,Haze,3173
2023-06-15 07:00:00,None,302.13,4.76,0.0,70,Rain,4332
2023-06-15 08:00:00,None,301.9,0.0,0.0,65,Clouds,5995
2023-06-15 09:00:00,None,300.12,18.08,0.0,94,Rain,6686
2023-06-15 10:00:00,None,309.73,0.7,0.0,89,Drizzle,3913
2023-06-15 11:00:00,None,304.12,0.0,0.0,5,Clear,3827
2023-06-15 12:00:00,None,304.56,0.0,0.0,14,Clear,4195
2023-06-15 13:00:00,None,308.04,0.0,0.29,81,Snow,3622
2023-06-15 14:00:00,None,306.07,0.0,0.0,98,Clouds,3575
2023-06-15 15:00:00,None,304.61,1.54,0.0,99,Rain,5305
2023-06-15 16:00:00,None,302.9,0.0,0.0,89,Fog,4907
2023-06-15 17:00:00,None,307.14,0.56,0.0,66,Rain,4436
2023-06-15 18:00:00,None,305.97,0.0,0.0,88,Clouds,4363
2023-06-15 19:00:00,None,303.03,1.09,0.0,99,Rain,3091
2023-06-15 20:00:00,None,302.46,0.0,0.0,0,Clear,2517
2023-06-15 21:00:00,None,300.27,0.0,0.0,72,Clouds,2598
2023-06-15 22:00:00,None,304.92,0.0,0.0,4,Clear,1745
2023-06-15 23:00:00,None,303.13,0.0,0.0,2,Clear,697
2023-06-16 00:00:00,None,299.7,0.0,0.0,82,Clouds,150
2023-06-16 01:00:00,None,299.36,0.0,0.0,96,Clouds,558
2023-06-16 02:00:00,None,297.0,0.0,0.0,5,Clear,1062
2023-06-16 03:00:00,None,296.52,0.0,0.0,5,Clear,445
2023-06-16 04:00:00,None,297.21,0.0,0.0,7,Clear,1154
2023-06-16 05:00:00,None,294.51,0.0,0.0,58,Clouds,801
2023-06-16 06:00:00,None,295.52,0.0,0.0,14,Clear,2922
2023-06-16 07:00:00,None,297.11,0.0,0.0,3,Clear,5261
2023-06-16 08:00:00,None,303.42,0.0,0.0,93,Clouds,6129
2023-06-16 09:00:00,None,301.76,0.0,0.0,9,Clear,5908
2023-06-16 10:00:00,None,303.79,0.0,0.0,80,Fog,3822
2023-06-16 11:00:00,None,304.42,0.0,0.0,12,Clear,3619
2023-06-16 12:00:00,None,309.37,0.0,0.0,4,Clear,4416
2023-06-16 13:00:00,None,307.97,0.0,0.0,4,Clear,4514
2023-06-16 14:00:00,None,312.26,0.0,0.0,2,Clear,3888
2023-06-16 15:00:00,None,305.16,0.0,0.0,11,Clear,6337
2023-06-16 16:00:00,None,305.24,0.0,0.0,44,Clouds,5748
2023-06-16 17:00:00,None,306.33,0.0,0.0,6,Clear,4903
2023-06-16 18:00:00,None,308.78,0.0,0.0,41,Clouds,4727
2023-06-16 19:00:00,None,303.39,0.0,0.0,9,Clear,2611
2023-06-16 20:00:00,None,302.26,0.0,0.0,92,Clouds,3281
2023-06-16 21:00:00,None,302.15,0.0,0.0,46,Clouds,1990
2023-06-16 22:00:00,None,299.97,0.0,0.0,7,Clear,1258
2023-06-16 23:00:00,None,299.66,0.77,0.0,75,Rain,208
2023-06-17 00:00:00,None,299.31,0.0,0.0,66,Mist,636
2023-06-17 01:00:00,None,300.23,0.0,0.0,50,Clouds,746
2023-06-17 02:00:00,None,294.4,0.0,0.0,62,Clouds,150
2023-06-17 03:00:00,None,298.38,0.0,0.0,84,Clouds,747
2023-06-17 04:00:00,None,295.53,0.0,0.0,53,Clouds,899
2023-06-17 05:00:00,None,296.45,0.0,0.0,12,Clear,389
2023-06-17 06:00:00,None,297.91,0.0,0.0,69,Clouds,2011
2023-06-17 07:00:00,None,298.73,0.0,0.0,12,Clear,3519
2023-06-17 08:00:00,None,295.42,0.0,0.0,67,Fog,3503
2023-06-17 09:00:00,None,302.2,0.0,0.0,97,Clouds,4447
2023-06-17 10:00:00,None,303.69,0.0,0.0,43,Clouds,2695
2023-06-17 11:00:00,None,302.63,0.0,0.0,80,Fog,2498
2023-06-17 12:00:00,None,305.03,0.0,0.0,81,Mist,2786
2023-06-17 13:00:00,None,303.35,0.0,0.0,6,Clear,3665
2023-06-17 14:00:00,None,305.06,0.0,0.0,81,Clouds,2622
2023-06-17 15:00:00,None,306.95,0.0,0.0,6,Clear,4433
2023-06-17 16:00:00,None,307.8,0.0,0.0,1,Clear,4720
2023-06-17 17:00:00,None,307.72,0.0,0.0,14,Clear,3283
2023-06-17 18:00:00,None,301.71,0.0,0.0,6,Clear,3086
2023-06-17 19:00:00,None,298.55,0.0,0.0,13,Clear,2135
2023-06-17 20:00:00,None,299.62,0.0,0.0,93,Mist,1532
2023-06-17 21:00:00,None,296.83,0.0,0.0,97,Clouds,1022
2023-06-17 22:00:00,None,299.91,0.0,0.0,67,Mist,779
2023-06-17 23:00:00,None,301.52,0.0,0.0,3,Clear,866
2023-06-18 00:00:00,None,302.36,0.0,0.0,4,Clear,150
2023-06-18 01:00:00,None,297.45,0.0,0.0,9,Clear,416
2023-06-18 02:00:00,None,296.27,0.0,0.0,6,Clear,733
2023-06-18 03:00:00,None,299.83,0.0,0.0,11,Clear,150
2023-06-18 04:00:00,None,294.9,0.0,0.0,77,Mist,186
2023-06-18 05:00:00,None,297.0,0.0,0.0,96,Mist,995
2023-06-18 06:00:00,None,300.3,0.0,0.0,10,Clear,1991
2023-06-18 07:00:00,None,294.85,0.0,0.07,95,Snow,3073
2023-06-18 08:00:00,None,296.78,0.0,0.0,7,Clear,3994
2023-06-18 09:00:00,None,302.15,0.0,0.03,77,Snow,4710
2023-06-18 10:00:00,None,301.26,0.0,0.0,80,Clouds,2753
2023-06-18 11:00:00,None,302.46,0.0,0.0,13,Clear,2521
2023-06-18 12:00:00,None,305.07,0.0,0.0,2,Clear,3321
2023-06-18 13:00:00,None,309.18,0.0,0.0,10,Clear,3010
2023-06-18 14:00:00,None,303.48,0.0,0.0,47,Clouds,2377
2023-06-18 15:00:00,None,308.09,0.0,0.0,14,Clear,3982
2023-06-18 16:00:00,None,309.59,3.21,0.0,71,Rain,3596
2023-06-18 17:00:00,None,306.04,0.0,0.0,68,Fog,3172
2023-06-18 18:00:00,None,304.25,0.0,0.0,80,Clouds,3112
2023-06-18 19:00:00,None,298.82,0.0,0.0,11,Clear,1876
2023-06-18 20:00:00,None,299.42,0.0,0.0,2,Clear,1471
2023-06-18 21:00:00,None,305.49,0.0,0.0,1,Clear,1587
2023-06-18 22:00:00,None,301.29,0.0,0.0,11,Clear,1587
2023-06-18 23:00:00,None,297.68,0.0,0.0,3,Clear,150
2023-06-19 00:00:00,None,295.27,0.0,0.0,8,Clear,233
2023-06-19 01:00:00,None,299.28,0.0,0.0,5,Clear,150
2023-06-19 02:00:00,None,297.21,0.0,0.0,5,Clear,1110
2023-06-19 03:00:00,None,293.23,0.21,0.0,67,Rain,477
2023-06-19 04:00:00,None,294.95,0.0,0.0,13,Clear,964
2023-06-19 05:00:00,None,292.63,0.0,0.0,12,Clear,1267
2023-06-19 06:00:00,None,298.17,0.74,0.0,71,Rain,3523
2023-06-19 07:00:00,None,296.37,0.0,0.0,42,Clouds,5109
2023-06-19 08:00:00,None,298.72,0.0,1.7,90,Snow,5310
2023-06-19 09:00:00,None,303.28,0.0,0.0,93,Clouds,7200
2023-06-19 10:00:00,None,299.98,0.0,0.0,9,Clear,3800
2023-06-19 11:00:00,None,302.85,6.31,0.0,83,Rain,3914
2023-06-19 12:00:00,None,306.08,0.0,0.0,2,Clear,4716
2023-06-19 13:00:00,None,310.71,0.0,0.0,1,Clear,4056
2023-06-19 14:00:00,None,306.2,0.0,0.0,97,Clouds,3644
2023-06-19 15:00:00,None,308.29,0.0,0.0,96,Clouds,6739
2023-06-19 16:00:00,None,312.85,0.48,0.0,72,Rain,5471
2023-06-19 17:00:00,None,303.24,0.0,0.0,93,Clouds,4551
2023-06-19 18:00:00,None,302.42,0.0,0.0,8,Clear,5161
2023-06-19 19:00:00,None,309.75,0.0,0.0,12,Clear,3055
2023-06-19 20:00:00,None,305.31,0.0,0.0,83,Mist,2125
2023-06-19 21:00:00,None,306.28,0.0,0.0,14,Clear,1433
2023-06-19 22:00:00,None,301.04,0.0,0.0,0,Clear,1664
2023-06-19 23:00:00,None,294.17,0.0,0.0,65,Clouds,571
2023-06-20 00:00:00,None,303.36,0.0,0.0,67,Mist,244
2023-06-20 01:00:00,None,298.38,0.0,0.0,5,Clear,394
2023-06-20 02:00:00,None,298.05,0.0,0.0,80,Mist,503
2023-06-20 03:00:00,None,296.59,1.11,0.0,68,Rain,502
2023-06-20 04:00:00,None,301.93,0.0,0.0,6,Clear,467
2023-06-20 05:00:00,None,301.23,0.0,0.0,6,Clear,338
2023-06-20 06:00:00,None,300.28,0.0,0.0,97,Fog,3261
2023-06-20 07:00:00,None,302.06,0.0,0.0,82,Clouds,4902
2023-06-20 08:00:00,None,295.77,0.0,0.0,7,Clear,6316
2023-06-20 09:00:00,None,300.61,0.0,0.0,60,Mist,7200
2023-06-20 10:00:00,None,298.09,0.0,0.0,69,Haze,3865
2023-06-20 11:00:00,None,305.63,7.73,0.0,74,Rain,2129
2023-06-20 12:00:00,None,304.8,0.0,0.0,88,Fog,3283
2023-06-20 13:00:00,None,304.56,0.0,0.0,85,Clouds,3862
2023-06-20 14:00:00,None,312.4,0.0,0.0,58,Clouds,4151
2023-06-20 15:00:00,None,304.86,0.0,0.0,88,Clouds,6225
2023-06-20 16:00:00,None,310.1,0.0,0.0,6,Clear,6377
2023-06-20 17:00:00,None,306.27,0.0,0.0,10,Clear,4780
2023-06-20 18:00:00,None,303.29,0.0,0.0,13,Clear,5502
2023-06-20 19:00:00,None,299.38,0.0,0.0,4,Clear,3322
2023-06-20 20:00:00,None,302.07,0.0,0.0,11,Clear,2513
2023-06-20 21:00:00,None,299.15,0.0,0.0,43,Clouds,2490
2023-06-20 22:00:00,None,298.26,0.0,0.0,9,Clear,1537
2023-06-20 23:00:00,None,296.36,0.0,0.0,5,Clear,150
2023-06-21 00:00:00,None,297.86,1.0,0.0,95,Rain,205
2023-06-21 01:00:00,None,301.32,4.94,0.0,61,Rain,158
2023-06-21 02:00:00,None,292.14,0.0,0.0,8,Clear,962
2023-06-21 03:00:00,None,292.09,0.0,0.0,2,Clear,387
2023-06-21 04:00:00,None,298.21,0.0,0.0,13,Clear,647
2023-06-21 05:00:00,None,293.97,0.0,0.0,7,Clear,520
2023-06-21 06:00:00,None,294.74,0.0,0.0,76,Clouds,4220
2023-06-21 07:00:00,None,297.99,0.0,0.0,4,Clear,4546
2023-06-21 08:00:00,None,300.15,0.0,5.4,85,Snow,5956
2023-06-21 09:00:00,None,300.21,0.0,0.0,9,Clear,6568
2023-06-21 10:00:00,None,303.49,0.0,0.0,0,Clear,4601
2023-06-21 11:00:00,None,303.09,0.0,0.0,91,Fog,3247
2023-06-21 12:00:00,None,304.28,0.0,0.0,12,Clear,4322
2023-06-21 13:00:00,None,304.71,0.0,0.15,63,Snow,3585
2023-06-21 14:00:00,None,303.39,0.0,0.0,41,Clouds,4119
2023-06-21 15:00:00,None,301.47,0.55,0.0,91,Rain,5845
2023-06-21 16:00:00,None,298.94,0.0,0.0,2,Clear,5574
2023-06-21 17:00:00,None,308.89,0.0,0.0,45,Clouds,5914
2023-06-21 18:00:00,None,308.55,0.0,0.0,92,Haze,4377
2023-06-21 19:00:00,None,297.81,0.0,0.0,77,Mist,3244
2023-06-21 20:00:00,None,303.8,0.0,0.0,6,Clear,2280
2023-06-21 21:00:00,None,304.79,0.0,0.0,98,Clouds,1727
2023-06-21 22:00:00,None,295.0,0.0,0.0,0,Clear,1484
2023-06-21 23:00:00,None,299.87,0.0,0.0,9,Clear,150
2023-06-22 00:00:00,None,299.69,0.76,0.0,80,Rain,272
2023-06-22 01:00:00,None,298.34,0.0,0.0,12,Clear,578
2023-06-22 02:00:00,None,293.97,0.0,0.0,12,Clear,825
2023-06-22 03:00:00,None,301.29,0.0,0.0,2,Clear,565
2023-06-22 04:00:00,None,293.17,0.0,0.0,7,Clear,645
2023-06-22 05:00:00,None,293.49,0.0,0.0,99,Clouds,1401
2023-06-22 06:00:00,None,300.06,2.11,0.0,61,Rain,3698
2023-06-22 07:00:00,None,297.85,0.0,0.0,5,Clear,4135
2023-06-22 08:00:00,None,298.64,0.0,0.0,68,Mist,5533
2023-06-22 09:00:00,None,298.55,0.0,0.0,60,Mist,7200
2023-06-22 10:00:00,None,299.17,0.0,0.0,2,Clear,4340
2023-06-22 11:00:00,None,302.37,0.0,0.0,86,Clouds,4985
2023-06-22 12:00:00,None,307.82,0.0,0.0,9,Clear,3972
2023-06-22 13:00:00,None,305.52,0.6,0.0,64,Rain,4179
2023-06-22 14:00:00,None,306.38,0.0,0.29,91,Snow,3769
2023-06-22 15:00:00,None,307.9,0.0,0.0,72,Mist,6246
2023-06-22 16:00:00,None,303.52,0.47,0.0,63,Drizzle,5051
2023-06-22 17:00:00,None,302.49,0.0,0.0,73,Clouds,5177
2023-06-22 18:00:00,None,303.7,0.0,0.0,62,Clouds,5553
2023-06-22 19:00:00,None,306.09,0.0,0.0,64,Mist,3824
2023-06-22 20:00:00,None,304.2,0.0,0.0,5,Clear,2597
2023-06-22 21:00:00,None,303.67,0.0,0.0,77,Clouds,1836
2023-06-22 22:00:00,None,296.82,0.0,0.0,9,Clear,1823
2023-06-22 23:00:00,None,296.83,0.64,0.0,91,Rain,307
2023-06-23 00:00:00,None,296.76,0.03,0.0,72,Rain,980
2023-06-23 01:00:00,None,299.25,0.0,0.0,60,Mist,426
2023-06-23 02:00:00,None,299.48,0.0,5.6,95,Snow,208
2023-06-23 03:00:00,None,297.61,0.0,0.0,40,Clouds,243
2023-06-23 04:00:00,None,294.82,0.0,0.0,91,Clouds,343
2023-06-23 05:00:00,None,294.33,0.0,0.0,63,Mist,636
2023-06-23 06:00:00,None,298.99,0.0,0.0,7,Clear,3924
2023-06-23 07:00:00,None,298.19,0.0,0.0,13,Clear,5217
2023-06-23 08:00:00,None,299.02,0.0,0.0,14,Clear,6127
2023-06-23 09:00:00,None,300.89,0.0,0.0,93,Haze,6219
2023-06-23 10:00:00,None,303.72,0.0,0.0,14,Clear,3726
2023-06-23 11:00:00,None,306.31,0.0,0.0,6,Clear,4721
2023-06-23 12:00:00,None,299.5,0.0,0.0,4,Clear,4141
2023-06-23 13:00:00,None,310.49,0.0,0.0,13,Clear,4592
2023-06-23 14:00:00,None,302.55,0.11,0.0,85,Drizzle,3611
2023-06-23 15:00:00,None,308.6,0.0,0.0,50,Clouds,5592
2023-06-23 16:00:00,None,307.41,5.54,0.0,83,Thunderstorm,4331
2023-06-23 17:00:00,None,298.78,0.0,0.0,69,Fog,5344
2023-06-23 18:00:00,None,304.42,0.46,0.0,74,Drizzle,5055
2023-06-23 19:00:00,None,301.97,0.0,0.44,97,Snow,2774
2023-06-23 20:00:00,None,303.9,0.0,0.0,99,Mist,2944
2023-06-23 21:00:00,None,304.85,0.16,0.0,97,Rain,1747
2023-06-23 22:00:00,None,299.2,0.0,0.0,74,Clouds,1028
2023-06-23 23:00:00,None,300.84,0.0,0.0,75,Fog,232
2023-06-24 00:00:00,None,295.91,2.77,0.0,74,Rain,281
2023-06-24 01:00:00,None,294.69,0.0,0.82,92,Snow,830
2023-06-24 02:00:00,None,296.97,0.0,0.0,3,Clear,756
2023-06-24 03:00:00,None,293.59,0.0,0.0,14,Clear,881
2023-06-24 04:00:00,None,293.46,0.0,0.0,11,Clear,787
2023-06-24 05:00:00,None,297.08,3.54,0.0,62,Rain,840
2023-06-24 06:00:00,None,297.89,0.0,0.0,10,Clear,2368
2023-06-24 07:00:00,None,303.14,0.0,0.0,6,Clear,2816
2023-06-24 08:00:00,None,300.75,0.0,0.0,96,Mist,3645
2023-06-24 09:00:00,None,296.59,0.0,0.0,5,Clear,4782
2023-06-24 10:00:00,None,300.64,0.96,0.0,85,Drizzle,3196
2023-06-24 11:00:00,None,301.32,0.0,0.0,10,Clear,2712
2023-06-24 12:00:00,None,311.67,0.0,0.0,7,Clear,3295
2023-06-24 13:00:00,None,301.65,0.0,0.0,3,Clear,2831
2023-06-24 14:00:00,None,312.2,0.0,0.0,96,Clouds,2552
2023-06-24 15:00:00,None,308.78,0.0,0.0,98,Clouds,3982
2023-06-24 16:00:00,None,305.56,0.0,0.0,4,Clear,4050
2023-06-24 17:00:00,None,298.24,0.0,0.0,1,Clear,4011
2023-06-24 18:00:00,None,304.78,0.0,0.0,50,Clouds,2836
2023-06-24 19:00:00,None,303.98,0.0,0.76,69,Snow,2539
2023-06-24 20:00:00,None,307.34,0.0,0.0,8,Clear,1623
2023-06-24 21:00:00,New Years Day,299.47,0.0,2.78,82,Snow,676
2023-06-24 22:00:00,None,299.42,0.0,0.0,4,Clear,743
2023-06-24 23:00:00,None,296.7,0.0,0.0,8,Clear,290
2023-06-25 00:00:00,None,298.07,1.04,0.0,75,Rain,222
2023-06-25 01:00:00,None,295.49,0.0,0.0,6,Clear,157
2023-06-25 02:00:00,None,296.0,0.0,0.0,11,Clear,389
2023-06-25 03:00:00,None,294.76,0.0,0.0,63,Clouds,602
2023-06-25 04:00:00,None,294.6,0.0,0.0,2,Clear,259
2023-06-25 05:00:00,None,294.66,0.0,0.0,62,Mist,883
2023-06-25 06:00:00,None,291.51,0.0,0.0,13,Clear,2274
2023-06-25 07:00:00,None,296.62,0.0,0.0,2,Clear,3297
2023-06-25 08:00:00,None,301.97,0.0,0.0,8,Clear,3978
2023-06-25 09:00:00,None,305.62,0.0,0.0,10,Clear,4445
2023-06-25 10:00:00,None,304.35,0.0,0.0,78,Clouds,2804
2023-06-25 11:00:00,None,301.56,0.0,0.0,84,Mist,3204
2023-06-25 12:00:00,None,302.22,0.0,0.0,85,Clouds,2686
2023-06-25 13:00:00,None,312.05,0.3,0.0,87,Drizzle,2429
2023-06-25 14:00:00,None,302.84,0.0,0.0,11,Clear,2272
2023-06-25 15:00:00,None,309.14,0.0,0.0,9,Clear,3848
2023-06-25 16:00:00,None,304.98,0.0,0.0,8,Clear,3285
2023-06-25 17:00:00,None,304.33,0.0,0.0,81,Mist,3847
2023-06-25 18:00:00,None,306.94,0.0,0.0,11,Clear,2691
2023-06-25 19:00:00,None,305.34,0.0,0.0,6,Clear,2483
2023-06-25 20:00:00,None,309.21,1.24,0.0,74,Rain,1550
2023-06-25 21:00:00,None,304.94,0.0,0.0,56,Clouds,1070
2023-06-25 22:00:00,None,301.18,0.0,0.0,78,Clouds,576
2023-06-25 23:00:00,None,303.28,0.0,2.1,67,Snow,180
2023-06-26 00:00:00,None,302.41,0.16,0.0,90,Rain,150
2023-06-26 01:00:00,None,291.57,0.0,0.0,1,Clear,757
2023-06-26 02:00:00,Columbus Day,297.93,0.0,0.0,74,Clouds,860
2023-06-26 03:00:00,None,295.06,0.0,0.0,91,Clouds,1370
2023-06-26 04:00:00,None,294.73,0.0,0.0,4,Clear,659
2023-06-26 05:00:00,None,299.44,0.0,0.0,9,Clear,468
2023-06-26 06:00:00,None,299.96,2.22,0.0,72,Thunderstorm,3068
2023-06-26 07:00:00,None,296.15,0.75,0.0,91,Rain,4792
2023-06-26 08:00:00,None,303.03,0.0,0.0,3,Clear,5047
2023-06-26 09:00:00,None,299.29,0.0,0.0,1,Clear,7200
2023-06-26 10:00:00,None,304.03,0.0,0.0,76,Mist,3484
2023-06-26 11:00:00,None,307.03,0.0,0.0,45,Clouds,4146
2023-06-26 12:00:00,None,308.81,0.0,0.0,9,Clear,5176
2023-06-26 13:00:00,None,310.65,0.0,0.0,96,Clouds,4151
2023-06-26 14:00:00,None,310.85,0.0,0.0,4,Clear,3966
2023-06-26 15:00:00,None,308.93,0.0,0.0,9,Clear,6090
2023-06-26 16:00:00,None,303.56,0.38,0.0,84,Rain,5230
2023-06-26 17:00:00,None,306.23,0.0,0.0,3,Clear,5575
2023-06-26 18:00:00,None,300.65,0.0,0.0,8,Clear,4668
2023-06-26 19:00:00,None,308.37,0.0,0.0,52,Clouds,3023
2023-06-26 20:00:00,None,309.2,0.0,0.0,68,Clouds,2675
2023-06-26 21:00:00,None,292.59,0.0,0.0,93,Clouds,1973
2023-06-26 22:00:00,None,301.89,0.0,0.0,74,Clouds,1944
2023-06-26 23:00:00,None,296.03,0.0,0.0,11,Clear,719
2023-06-27 00:00:00,None,295.69,0.0,0.0,3,Clear,596
2023-06-27 01:00:00,None,296.21,0.0,0.0,14,Clear,884
2023-06-27 02:00:00,None,288.6,0.0,0.0,4,Clear,408
2023-06-27 03:00:00,None,296.95,0.67,0.0,83,Drizzle,991
2023-06-27 04:00:00,None,299.99,0.0,5.93,85,Snow,339
2023-06-27 05:00:00,None,292.79,0.0,0.17,89,Snow,690
2023-06-27 06:00:00,None,296.84,0.0,0.0,9,Clear,3185
2023-06-27 07:00:00,None,291.35,0.0,0.0,97,Clouds,4674
2023-06-27 08:00:00,None,302.85,0.0,0.0,62,Clouds,5461
2023-06-27 09:00:00,None,300.75,0.0,0.0,11,Clear,6892
2023-06-27 10:00:00,None,301.66,0.0,0.0,56,Clouds,3673
2023-06-27 11:00:00,None,301.15,0.0,0.0,83,Mist,2887
2023-06-27 12:00:00,None,306.61,0.0,0.0,80,Clouds,3763
2023-06-27 13:00:00,None,309.25,0.0,0.0,7,Clear,4482
2023-06-27 14:00:00,None,309.77,0.0,0.0,12,Clear,4659
2023-06-27 15:00:00,None,306.81,0.0,0.0,71,Fog,5054
2023-06-27 16:00:00,None,307.9,0.0,0.0,3,Clear,5487
2023-06-27 17:00:00,None,308.9,0.0,0.0,4,Clear,4959
2023-06-27 18:00:00,None,304.66,0.0,0.0,5,Clear,5111
2023-06-27 19:00:00,None,307.04,6.08,0.0,75,Rain,2718
2023-06-27 20:00:00,None,304.78,4.45,0.0,65,Rain,2423
2023-06-27 21:00:00,None,299.98,0.0,0.0,10,Clear,1980
2023-06-27 22:00:00,None,301.04,0.0,0.0,10,Clear,1617
2023-06-27 23:00:00,None,304.28,0.0,0.0,78,Mist,391
2023-06-28 00:00:00,None,296.35,0.0,0.0,82,Clouds,785
2023-06-28 01:00:00,None,297.58,0.0,0.0,14,Clear,550
2023-06-28 02:00:00,None,295.55,1.52,0.0,89,Rain,717
2023-06-28 03:00:00,None,294.67,0.0,0.0,71,Mist,561
2023-06-28 04:00:00,None,298.21,0.02,0.0,68,Rain,450
2023-06-28 05:00:00,None,299.17,0.0,0.0,14,Clear,847
2023-06-28 06:00:00,None,294.37,0.0,0.0,9,Clear,3805
2023-06-28 07:00:00,None,296.76,0.84,0.0,75,Drizzle,4132
2023-06-28 08:00:00,None,301.17,0.34,0.0,93,Drizzle,6034
2023-06-28 09:00:00,None,305.55,0.0,0.0,1,Clear,6824
2023-06-28 10:00:00,None,303.51,0.0,0.0,96,Clouds,4025
2023-06-28 11:00:00,None,302.93,0.0,0.0,97,Clouds,5381
2023-06-28 12:00:00,None,306.09,0.0,0.0,7,Clear,4636
2023-06-28 13:00:00,None,304.53,0.0,0.0,13,Clear,5222
2023-06-28 14:00:00,None,300.91,0.0,0.0,81,Mist,3834
2023-06-28 15:00:00,None,311.16,0.0,0.0,68,Clouds,6378
2023-06-28 16:00:00,None,311.57,0.0,0.0,14,Clear,5103
2023-06-28 17:00:00,None,304.68,1.2,0.0,63,Rain,4936
2023-06-28 18:00:00,None,306.52,0.54,0.0,99,Drizzle,4983
2023-06-28 19:00:00,None,298.13,0.0,0.0,7,Clear,2562
2023-06-28 20:00:00,None,298.31,2.34,0.0,89,Rain,2660
2023-06-28 21:00:00,None,303.18,0.0,0.0,83,Clouds,1923
2023-06-28 22:00:00,None,300.04,0.0,0.0,91,Clouds,1716
2023-06-28 23:00:00,None,301.14,0.0,0.0,61,Clouds,1354
2023-06-29 00:00:00,None,293.67,0.0,0.0,12,Clear,495
2023-06-29 01:00:00,None,293.12,0.0,0.0,51,Clouds,280
2023-06-29 02:00:00,None,298.36,0.0,0.0,61,Fog,1122
2023-06-29 03:00:00,None,297.25,0.0,0.0,13,Clear,451
2023-06-29 04:00:00,None,296.9,0.0,0.0,6,Clear,802
2023-06-29 05:00:00,None,299.75,0.0,0.0,10,Clear,1590
2023-06-29 06:00:00,None,301.22,0.8,0.0,62,Drizzle,4572
2023-06-29 07:00:00,None,296.73,0.0,0.0,66,Clouds,5339
2023-06-29 08:00:00,None,295.5,0.28,0.0,60,Drizzle,5809
2023-06-29 09:00:00,None,304.79,0.0,1.58,66,Snow,5514
2023-06-29 10:00:00,None,303.07,0.0,0.0,12,Clear,3851
2023-06-29 11:00:00,None,300.59,0.0,0.0,9,Clear,3883
2023-06-29 12:00:00,None,307.56,0.0,0.0,8,Clear,4503
2023-06-29 13:00:00,None,304.66,0.0,0.0,14,Clear,3441
2023-06-29 14:00:00,None,304.9,0.0,0.0,40,Clouds,4794
2023-06-29 15:00:00,None,305.9,0.0,0.0,9,Clear,5436
2023-06-29 16:00:00,None,305.6,0.0,0.0,10,Clear,5390
2023-06-29 17:00:00,None,305.02,0.82,0.0,80,Rain,4973
2023-06-29 18:00:00,None,303.1,0.0,0.0,13,Clear,4525
2023-06-29 19:00:00,None,307.33,0.0,0.0,95,Clouds,2482
2023-06-29 20:00:00,None,303.29,0.0,0.0,96,Fog,2533
2023-06-29 21:00:00,None,300.38,1.1,0.0,88,Rain,1633
2023-06-29 22:00:00,None,298.57,0.0,0.0,1,Clear,2111
2023-06-29 23:00:00,None,299.79,1.02,0.0,62,Rain,1363
2023-06-30 00:00:00,None,299.23,0.25,0.0,83,Drizzle,150
2023-06-30 01:00:00,None,294.9,0.2,0.0,80,Drizzle,575
2023-06-30 02:00:00,None,294.16,0.0,0.0,6,Clear,187
2023-06-30 03:00:00,None,295.71,0.0,0.0,14,Clear,150
2023-06-30 04:00:00,None,295.99,0.0,0.0,77,Mist,979
2023-06-30 05:00:00,None,297.83,0.0,0.0,79,Clouds,579
2023-06-30 06:00:00,None,294.32,0.0,0.0,73,Clouds,3807
2023-06-30 07:00:00,None,299.26,0.0,0.0,78,Clouds,4617
2023-06-30 08:00:00,None,297.86,0.54,0.0,82,Drizzle,6340
2023-06-30 09:00:00,None,298.34,0.0,0.0,48,Clouds,6468
2023-06-30 10:00:00,None,306.68,0.0,0.0,4,Clear,4276
2023-06-30 11:00:00,None,306.74,0.62,0.0,94,Drizzle,4655
2023-06-30 12:00:00,None,308.05,0.0,0.0,12,Clear,4906
2023-06-30 13:00:00,None,301.37,0.0,0.0,13,Clear,3888
2023-06-30 14:00:00,None,303.99,0.65,0.0,87,Drizzle,3553
2023-06-30 15:00:00,Columbus Day,306.33,0.0,0.0,6,Clear,2832
2023-06-30 16:00:00,None,309.48,0.0,0.0,7,Clear,6509
2023-06-30 17:00:00,None,306.73,2.65,0.0,88,Rain,4587
2023-06-30 18:00:00,None,307.18,0.0,0.0,4,Clear,4522
2023-06-30 19:00:00,None,303.83,3.39,0.0,86,Rain,3167
2023-06-30 20:00:00,Memorial Day,301.95,0.0,0.0,89,Mist,1189
2023-06-30 21:00:00,None,300.42,0.0,0.0,70,Mist,1282
2023-06-30 22:00:00,None,299.06,0.0,0.0,47,Clouds,1595
2023-06-30 23:00:00,None,299.29,0.51,0.0,72,Rain,796
2023-07-01 00:00:00,None,301.7,0.0,0.0,10,Clear,336
2023-07-01 01:00:00,None,300.9,0.0,0.0,88,Fog,230
2023-07-01 02:00:00,None,303.1,0.0,0.0,7,Clear,150
2023-07-01 03:00:00,None,300.0,0.0,0.0,98,Fog,763
2023-07-01 04:00:00,None,302.4,0.0,0.0,84,Fog,411
2023-07-01 05:00:00,None,301.11,1.02,0.0,87,Rain,532
2023-07-01 06:00:00,None,297.0,0.0,0.0,58,Clouds,3067
2023-07-01 07:00:00,None,306.03,0.0,0.0,88,Clouds,3266
2023-07-01 08:00:00,None,298.51,0.0,0.0,9,Clear,3981
2023-07-01 09:00:00,None,304.4,0.0,0.0,71,Mist,4371
2023-07-01 10:00:00,None,306.75,0.0,0.0,3,Clear,2632
2023-07-01 11:00:00,None,307.01,0.32,0.0,80,Rain,2515
2023-07-01 12:00:00,None,306.28,0.0,0.0,4,Clear,3088
2023-07-01 13:00:00,None,309.91,0.0,0.0,79,Clouds,3664
2023-07-01 14:00:00,None,307.53,0.0,0.0,96,Mist,3310
2023-07-01 15:00:00,None,305.15,0.0,0.0,7,Clear,4137
2023-07-01 16:00:00,None,305.0,0.0,0.0,4,Clear,3798
2023-07-01 17:00:00,None,304.61,0.0,0.0,5,Clear,3572
2023-07-01 18:00:00,None,309.51,0.0,0.0,6,Clear,2697
2023-07-01 19:00:00,None,306.91,0.0,0.0,93,Clouds,1945
2023-07-01 20:00:00,None,304.9,0.0,0.0,1,Clear,1594
2023-07-01 21:00:00,None,308.05,0.0,0.0,4,Clear,1129
2023-07-01 22:00:00,None,298.06,0.0,0.44,76,Snow,740
2023-07-01 23:00:00,None,303.04,0.0,0.5,63,Snow,841
2023-07-02 00:00:00,Labor Day,297.66,0.19,0.0,81,Rain,150
2023-07-02 01:00:00,None,297.72,0.0,0.0,11,Clear,368
2023-07-02 02:00:00,None,299.38,0.0,0.0,11,Clear,150
2023-07-02 03:00:00,None,296.28,0.0,0.0,0,Clear,811
2023-07-02 04:00:00,None,303.02,0.0,0.0,0,Clear,611
2023-07-02 05:00:00,None,296.7,0.63,0.0,99,Drizzle,494
2023-07-02 06:00:00,None,299.61,0.0,0.0,48,Clouds,2038
2023-07-02 07:00:00,Thanksgiving Day,304.12,0.0,0.0,61,Mist,1367
2023-07-02 08:00:00,None,307.6,0.0,0.0,65,Mist,3677
2023-07-02 09:00:00,None,303.09,0.0,0.0,10,Clear,5010
2023-07-02 10:00:00,None,303.39,0.0,0.0,83,Clouds,1762
2023-07-02 11:00:00,None,304.82,0.53,0.0,81,Drizzle,3030
2023-07-02 12:00:00,None,304.23,0.0,0.0,6,Clear,2569
2023-07-02 13:00:00,None,308.52,0.0,0.0,85,Fog,2694
2023-07-02 14:00:00,None,313.57,0.0,0.0,9,Clear,1625
2023-07-02 15:00:00,None,309.98,0.0,0.0,79,Haze,4064
2023-07-02 16:00:00,Labor Day,308.52,0.0,0.0,63,Mist,1337
2023-07-02 17:00:00,None,310.37,3.01,0.0,94,Rain,3022
2023-07-02 18:00:00,None,307.98,0.0,0.0,97,Clouds,3576
2023-07-02 19:00:00,None,307.33,0.0,0.0,1,Clear,2243
2023-07-02 20:00:00,None,300.03,0.0,0.0,53,Clouds,1793
2023-07-02 21:00:00,None,299.68,0.0,0.0,73,Mist,1169
2023-07-02 22:00:00,None,297.43,0.0,1.52,83,Snow,724
2023-07-02 23:00:00,None,299.02,0.11,0.0,79,Rain,568
2023-07-03 00:00:00,None,297.76,0.0,0.0,4,Clear,150
2023-07-03 01:00:00,None,298.36,0.0,0.0,5,Clear,314
2023-07-03 02:00:00,None,299.88,0.0,0.0,73,Clouds,495
2023-07-03 03:00:00,None,299.93,0.0,0.0,84,Mist,1222
2023-07-03 04:00:00,None,296.07,0.52,0.0,86,Drizzle,639
2023-07-03 05:00:00,None,299.0,0.0,0.0,95,Mist,179
2023-07-03 06:00:00,None,300.71,1.04,0.0,64,Rain,3365
2023-07-03 07:00:00,None,302.08,0.0,0.0,54,Clouds,4912
2023-07-03 08:00:00,None,304.76,0.0,0.0,54,Clouds,6221
2023-07-03 09:00:00,None,300.57,0.0,0.0,93,Clouds,6586
2023-07-03 10:00:00,New Years Day,305.09,0.0,0.0,76,Mist,2079
2023-07-03 11:00:00,None,305.63,0.0,0.0,82,Fog,3399
2023-07-03 12:00:00,None,311.48,0.0,0.0,10,Clear,4715
2023-07-03 13:00:00,None,313.82,0.0,0.0,11,Clear,4640
2023-07-03 14:00:00,None,308.9,0.0,0.0,45,Clouds,3383
2023-07-03 15:00:00,None,307.44,0.0,0.0,9,Clear,6420
2023-07-03 16:00:00,None,306.14,3.55,0.0,84,Thunderstorm,5557
2023-07-03 17:00:00,None,309.03,0.0,0.0,14,Clear,4713
2023-07-03 18:00:00,None,305.71,0.82,0.0,66,Drizzle,4351
2023-07-03 19:00:00,None,310.04,2.98,0.0,92,Rain,2979
2023-07-03 20:00:00,None,307.86,0.0,0.0,6,Clear,3172
2023-07-03 21:00:00,None,303.17,0.0,0.0,65,Fog,1765
2023-07-03 22:00:00,None,301.95,0.0,0.0,12,Clear,1218
2023-07-03 23:00:00,None,300.56,0.0,0.0,4,Clear,737
2023-07-04 00:00:00,None,296.57,0.0,0.0,2,Clear,150
2023-07-04 01:00:00,None,297.32,0.0,0.0,9,Clear,1090
2023-07-04 02:00:00,None,293.71,0.0,0.0,2,Clear,163
2023-07-04 03:00:00,None,297.92,0.0,0.0,96,Clouds,467
2023-07-04 04:00:00,None,293.97,0.0,0.0,6,Clear,1281
2023-07-04 05:00:00,None,301.21,0.0,0.0,3,Clear,1091
2023-07-04 06:00:00,None,295.3,0.0,0.0,60,Clouds,3535
2023-07-04 07:00:00,None,302.47,0.0,0.0,14,Clear,3999
2023-07-04 08:00:00,None,293.38,0.0,0.0,2,Clear,5319
2023-07-04 09:00:00,None,305.69,0.0,0.0,14,Clear,6519
2023-07-04 10:00:00,None,301.05,0.0,0.0,12,Clear,4485
2023-07-04 11:00:00,None,307.9,0.0,0.0,82,Clouds,3582
2023-07-04 12:00:00,None,306.73,0.0,0.0,0,Clear,4150
2023-07-04 13:00:00,None,314.26,0.0,0.0,80,Clouds,4099
2023-07-04 14:00:00,None,306.9,0.0,0.0,7,Clear,4545
2023-07-04 15:00:00,None,310.03,0.0,0.0,7,Clear,5991
2023-07-04 16:00:00,None,304.97,0.0,0.0,72,Haze,5878
2023-07-04 17:00:00,None,305.66,0.0,0.57,87,Snow,5085
2023-07-04 18:00:00,None,307.97,2.73,0.0,96,Rain,5691
2023-07-04 19:00:00,None,307.29,0.0,0.0,3,Clear,3395
2023-07-04 20:00:00,None,307.35,0.0,0.0,7,Clear,1635
2023-07-04 21:00:00,None,297.21,0.0,0.0,13,Clear,1933
2023-07-04 22:00:00,None,303.84,0.0,0.0,93,Clouds,1747
2023-07-04 23:00:00,None,298.94,0.0,0.0,82,Clouds,1130
2023-07-05 00:00:00,None,306.25,0.0,0.0,87,Clouds,268
2023-07-05 01:00:00,None,296.63,0.0,0.57,91,Snow,526
2023-07-05 02:00:00,None,298.83,0.0,0.0,66,Fog,183
2023-07-05 03:00:00,None,293.09,0.0,0.71,86,Snow,421
2023-07-05 04:00:00,None,296.54,0.0,0.0,71,Clouds,600
2023-07-05 05:00:00,Veterans Day,298.73,1.8,0.0,62,Rain,150
2023-07-05 06:00:00,None,298.8,0.0,0.0,5,Clear,3497
2023-07-05 07:00:00,None,297.45,0.0,0.0,77,Clouds,4057
2023-07-05 08:00:00,None,300.03,4.37,0.0,88,Rain,5224
2023-07-05 09:00:00,None,307.3,0.0,0.0,9,Clear,7116
2023-07-05 10:00:00,None,301.59,0.7,0.0,87,Rain,3598
2023-07-05 11:00:00,None,302.65,0.0,0.0,10,Clear,3937
2023-07-05 12:00:00,None,309.62,0.0,0.0,4,Clear,3848
2023-07-05 13:00:00,None,308.82,0.29,0.0,88,Drizzle,4210
2023-07-05 14:00:00,None,308.36,0.0,2.55,87,Snow,4125
2023-07-05 15:00:00,None,305.2,0.0,0.0,83,Haze,6462
2023-07-05 16:00:00,None,310.64,0.0,0.0,4,Clear,5752
2023-07-05 17:00:00,None,309.45,0.0,0.0,4,Clear,4256
2023-07-05 18:00:00,None,307.18,1.44,0.0,61,Rain,5438
2023-07-05 19:00:00,None,304.31,1.05,0.0,81,Drizzle,3071
2023-07-05 20:00:00,None,305.22,0.0,0.0,67,Fog,2182
2023-07-05 21:00:00,Thanksgiving Day,302.86,0.0,0.0,50,Clouds,622
2023-07-05 22:00:00,None,305.52,0.0,0.0,83,Clouds,1541
2023-07-05 23:00:00,None,300.83,0.0,0.0,99,Clouds,150
2023-07-06 00:00:00,None,297.09,0.0,0.0,83,Fog,406
2023-07-06 01:00:00,None,299.23,3.0,0.0,78,Rain,723
2023-07-06 02:00:00,None,297.0,0.79,0.0,90,Thunderstorm,150
2023-07-06 03:00:00,None,296.06,0.0,0.0,41,Clouds,642
2023-07-06 04:00:00,None,302.3,0.0,0.0,95,Clouds,914
2023-07-06 05:00:00,None,297.62,0.0,0.0,5,Clear,681
2023-07-06 06:00:00,None,299.72,0.78,0.0,66,Rain,3553
2023-07-06 07:00:00,None,301.38,0.0,0.0,83,Clouds,4915
2023-07-06 08:00:00,None,300.55,0.0,0.0,2,Clear,6295
2023-07-06 09:00:00,None,304.24,0.95,0.0,71,Drizzle,7200
2023-07-06 10:00:00,None,304.93,0.0,0.0,77,Clouds,5114
2023-07-06 11:00:00,None,302.6,0.0,1.06,75,Snow,3402
2023-07-06 12:00:00,None,305.06,0.0,0.46,87,Snow,3556
2023-07-06 13:00:00,None,310.21,0.0,0.0,80,Clouds,4702
2023-07-06 14:00:00,None,308.55,2.13,0.0,64,Rain,4353
2023-07-06 15:00:00,None,308.2,0.0,0.0,13,Clear,6119
2023-07-06 16:00:00,None,301.15,4.95,0.0,77,Thunderstorm,5042
2023-07-06 17:00:00,None,305.1,5.76,0.0,67,Rain,5741
2023-07-06 18:00:00,None,306.68,3.48,0.0,62,Rain,4283
2023-07-06 19:00:00,None,303.99,1.19,0.0,99,Drizzle,3654
2023-07-06 20:00:00,None,302.61,9.54,0.0,62,Rain,2382
2023-07-06 21:00:00,Labor Day,304.69,0.0,0.0,91,Haze,249
2023-07-06 22:00:00,None,307.55,0.91,0.0,82,Drizzle,1808
2023-07-06 23:00:00,None,298.89,0.0,0.0,10,Clear,937
2023-07-07 00:00:00,None,300.52,0.0,0.0,6,Clear,280
2023-07-07 01:00:00,None,298.29,0.0,0.0,51,Clouds,543
2023-07-07 02:00:00,None,297.02,1.1,0.0,62,Drizzle,817
2023-07-07 03:00:00,None,295.97,0.0,0.0,82,Clouds,468
2023-07-07 04:00:00,None,295.55,0.0,0.0,41,Clouds,1107
2023-07-07 05:00:00,None,304.99,0.0,0.0,11,Clear,1842
2023-07-07 06:00:00,None,294.8,0.0,0.0,52,Clouds,3610
2023-07-07 07:00:00,None,304.82,0.0,0.0,69,Clouds,4694
2023-07-07 08:00:00,None,301.97,3.5,0.0,96,Rain,5848
2023-07-07 09:00:00,None,305.75,0.0,1.57,90,Snow,5961
2023-07-07 10:00:00,None,302.46,0.0,0.0,8,Clear,4612
2023-07-07 11:00:00,None,303.28,0.0,0.0,81,Clouds,4091
2023-07-07 12:00:00,None,309.74,0.0,0.0,12,Clear,4432
2023-07-07 13:00:00,None,305.82,0.0,0.6,66,Snow,4265
2023-07-07 14:00:00,None,311.42,0.0,0.0,75,Fog,2866
2023-07-07 15:00:00,None,313.37,0.0,0.0,2,Clear,5403
2023-07-07 16:00:00,None,305.98,0.0,0.0,74,Mist,5175
2023-07-07 17:00:00,None,310.89,0.0,0.0,49,Clouds,5662
2023-07-07 18:00:00,None,305.84,1.23,0.0,85,Rain,4672
2023-07-07 19:00:00,None,303.58,2.81,0.0,60,Rain,3574
2023-07-07 20:00:00,None,303.11,0.68,0.0,78,Rain,2298
2023-07-07 21:00:00,None,308.05,0.0,0.0,9,Clear,2208
2023-07-07 22:00:00,None,302.68,0.0,0.0,1,Clear,1214
2023-07-07 23:00:00,None,302.53,0.0,0.0,1,Clear,613
2023-07-08 00:00:00,None,304.32,0.0,0.0,12,Clear,460
2023-07-08 01:00:00,None,301.97,4.89,0.0,73,Rain,467
2023-07-08 02:00:00,None,300.22,0.0,0.0,9,Clear,150
2023-07-08 03:00:00,None,298.66,0.0,0.0,65,Fog,150
2023-07-08 04:00:00,None,299.62,0.0,0.0,2,Clear,511
2023-07-08 05:00:00,None,297.81,1.69,0.0,79,Thunderstorm,694
2023-07-08 06:00:00,None,296.43,0.0,0.0,53,Clouds,2933
2023-07-08 07:00:00,None,304.25,0.0,1.25,75,Snow,2167
2023-07-08 08:00:00,None,305.25,0.0,0.0,90,Clouds,4076
2023-07-08 09:00:00,None,299.05,0.0,0.0,12,Clear,5102
2023-07-08 10:00:00,None,300.75,0.0,0.0,99,Clouds,2257
2023-07-08 11:00:00,None,301.55,0.0,0.0,0,Clear,2846
2023-07-08 12:00:00,None,302.82,0.35,0.0,96,Rain,2273
2023-07-08 13:00:00,None,302.21,1.66,0.0,65,Rain,2176
2023-07-08 14:00:00,None,306.36,0.0,0.0,88,Clouds,2826
2023-07-08 15:00:00,None,307.4,0.0,0.0,97,Clouds,4144
2023-07-08 16:00:00,None,305.45,0.0,6.4,69,Snow,3276
2023-07-08 17:00:00,None,305.45,0.0,0.0,6,Clear,3069
2023-07-08 18:00:00,None,305.85,0.0,0.0,86,Clouds,2987
2023-07-08 19:00:00,None,303.11,0.0,0.0,99,Clouds,1950
2023-07-08 20:00:00,None,301.26,0.0,0.0,3,Clear,1348
2023-07-08 21:00:00,None,304.23,0.0,0.0,11,Clear,583
2023-07-08 22:00:00,None,300.85,0.0,0.0,85,Clouds,637
2023-07-08 23:00:00,None,300.52,0.0,0.0,52,Clouds,507
2023-07-09 00:00:00,None,304.24,0.0,0.0,12,Clear,704
2023-07-09 01:00:00,None,300.53,0.0,0.0,77,Clouds,150
2023-07-09 02:00:00,None,295.68,0.39,0.0,61,Drizzle,778
2023-07-09 03:00:00,None,296.31,0.0,0.0,62,Mist,935
2023-07-09 04:00:00,None,297.69,0.0,0.0,63,Fog,595
2023-07-09 05:00:00,None,295.59,0.0,0.0,99,Clouds,453
2023-07-09 06:00:00,None,297.97,0.0,0.0,4,Clear,1378
2023-07-09 07:00:00,None,302.53,0.0,0.0,7,Clear,2751
2023-07-09 08:00:00,None,300.41,0.0,0.0,10,Clear,4303
2023-07-09 09:00:00,None,303.85,0.0,0.0,46,Clouds,4400
2023-07-09 10:00:00,None,302.59,0.0,0.0,45,Clouds,2244
2023-07-09 11:00:00,None,308.38,0.0,0.0,11,Clear,2153
2023-07-09 12:00:00,None,304.29,0.0,0.0,2,Clear,2772
2023-07-09 13:00:00,None,306.0,0.0,0.0,12,Clear,3321
2023-07-09 14:00:00,None,312.72,0.0,0.0,11,Clear,2925
2023-07-09 15:00:00,None,303.2,0.0,0.0,84,Clouds,4091
2023-07-09 16:00:00,None,309.58,0.0,0.0,5,Clear,3916
2023-07-09 17:00:00,None,307.49,0.0,0.0,1,Clear,3769
2023-07-09 18:00:00,None,303.41,0.0,0.0,41,Clouds,3410
2023-07-09 19:00:00,None,306.32,0.0,0.0,3,Clear,2388
2023-07-09 20:00:00,None,306.9,0.36,0.0,76,Drizzle,985
2023-07-09 21:00:00,None,301.2,0.0,0.0,2,Clear,1254
2023-07-09 22:00:00,None,306.03,0.0,0.0,6,Clear,1135
2023-07-09 23:00:00,None,297.63,0.0,0.0,4,Clear,235
2023-07-10 00:00:00,None,300.58,1.1,0.0,77,Thunderstorm,281
2023-07-10 01:00:00,None,294.9,0.58,0.0,73,Rain,567
2023-07-10 02:00:00,None,297.24,0.0,0.0,1,Clear,776
2023-07-10 03:00:00,None,297.73,0.0,0.0,57,Clouds,342
2023-07-10 04:00:00,None,293.01,0.0,0.0,61,Fog,434
2023-07-10 05:00:00,None,300.18,0.0,0.0,14,Clear,1046
2023-07-10 06:00:00,None,298.62,0.0,0.0,2,Clear,3043
2023-07-10 07:00:00,None,294.25,0.32,0.0,62,Drizzle,4553
2023-07-10 08:00:00,None,306.39,0.0,0.0,3,Clear,5674
2023-07-10 09:00:00,None,306.05,0.79,0.0,80,Rain,6494
2023-07-10 10:00:00,None,305.68,0.0,0.0,78,Clouds,4330
2023-07-10 11:00:00,None,302.46,0.0,0.0,75,Clouds,3778
2023-07-10 12:00:00,None,307.56,0.0,0.0,6,Clear,3613
2023-07-10 13:00:00,None,308.86,0.22,0.0,78,Rain,4203
2023-07-10 14:00:00,None,299.37,0.0,0.0,3,Clear,3952
2023-07-10 15:00:00,None,308.21,3.0,0.0,90,Rain,5234
2023-07-10 16:00:00,None,309.35,0.0,0.0,12,Clear,5552
2023-07-10 17:00:00,None,306.07,1.32,0.0,67,Rain,4937
2023-07-10 18:00:00,None,312.28,0.0,0.0,73,Clouds,4444
2023-07-10 19:00:00,None,310.03,0.0,0.0,8,Clear,2971
2023-07-10 20:00:00,None,304.61,0.0,0.0,46,Clouds,2266
2023-07-10 21:00:00,None,301.91,0.0,0.0,2,Clear,1895
2023-07-10 22:00:00,None,301.79,0.0,0.0,14,Clear,1903
2023-07-10 23:00:00,None,299.08,0.0,0.0,7,Clear,530
2023-07-11 00:00:00,None,305.82,3.1,0.0,68,Rain,350
2023-07-11 01:00:00,None,294.63,0.0,0.0,7,Clear,488
2023-07-11 02:00:00,None,295.94,0.0,0.0,90,Haze,923
2023-07-11 03:00:00,None,306.69,1.72,0.0,79,Rain,761
2023-07-11 04:00:00,None,297.02,0.0,0.0,12,Clear,716
2023-07-11 05:00:00,None,300.73,0.71,0.0,67,Drizzle,1101
2023-07-11 06:00:00,None,293.9,0.0,0.0,69,Clouds,4000
2023-07-11 07:00:00,None,305.75,0.0,0.0,13,Clear,5183
2023-07-11 08:00:00,None,307.2,0.0,0.0,5,Clear,5338
2023-07-11 09:00:00,None,301.37,0.0,0.0,6,Clear,6184
2023-07-11 10:00:00,None,299.75,0.0,0.0,3,Clear,5038
2023-07-11 11:00:00,None,303.1,0.0,0.0,91,Clouds,4175
2023-07-11 12:00:00,None,303.6,0.64,0.0,66,Drizzle,4938
2023-07-11 13:00:00,None,309.1,0.59,0.0,63,Rain,3404
2023-07-11 14:00:00,None,310.34,0.0,0.0,41,Clouds,3751
2023-07-11 15:00:00,None,309.77,0.0,0.0,0,Clear,6364
2023-07-11 16:00:00,None,307.12,1.89,0.0,79,Rain,5447
2023-07-11 17:00:00,None,312.18,1.83,0.0,84,Rain,5107
2023-07-11 18:00:00,None,306.98,1.2,0.0,93,Rain,4776
2023-07-11 19:00:00,None,309.75,0.0,0.0,90,Clouds,2951
2023-07-11 20:00:00,None,304.1,0.0,0.0,73,Clouds,2625
2023-07-11 21:00:00,None,304.69,0.62,0.0,93,Rain,1963
2023-07-11 22:00:00,None,304.53,0.0,0.0,12,Clear,1499
2023-07-11 23:00:00,None,294.77,0.0,0.0,98,Clouds,813
2023-07-12 00:00:00,None,297.23,0.0,0.0,11,Clear,353
2023-07-12 01:00:00,None,298.82,0.0,0.0,42,Clouds,538
2023-07-12 02:00:00,None,298.78,0.0,0.0,6,Clear,150
2023-07-12 03:00:00,None,295.33,0.0,0.0,87,Clouds,814
2023-07-12 04:00:00,None,296.81,0.0,0.0,1,Clear,464
2023-07-12 05:00:00,None,296.49,0.0,0.0,99,Clouds,926
2023-07-12 06:00:00,None,298.01,0.0,0.0,12,Clear,3628
2023-07-12 07:00:00,None,301.14,0.0,0.0,6,Clear,5004
2023-07-12 08:00:00,None,300.22,1.1,0.0,86,Rain,5596
2023-07-12 09:00:00,None,305.99,0.0,0.0,97,Haze,7177
2023-07-12 10:00:00,None,307.15,0.0,0.0,69,Clouds,4369
2023-07-12 11:00:00,None,300.72,0.0,0.0,13,Clear,4231
2023-07-12 12:00:00,None,307.17,0.0,0.0,8,Clear,3781
2023-07-12 13:00:00,None,307.78,0.0,0.0,93,Clouds,3522
2023-07-12 14:00:00,None,303.94,0.0,0.0,1,Clear,4938
2023-07-12 15:00:00,None,312.86,0.94,0.0,63,Rain,6957
2023-07-12 16:00:00,None,299.44,0.61,0.0,96,Rain,5219
2023-07-12 17:00:00,None,306.45,0.0,0.0,56,Clouds,5886
2023-07-12 18:00:00,None,304.97,0.0,0.0,12,Clear,4740
2023-07-12 19:00:00,None,303.7,0.0,0.0,5,Clear,3450
2023-07-12 20:00:00,None,300.27,0.0,0.0,65,Clouds,2441
2023-07-12 21:00:00,None,300.52,0.0,0.0,65,Clouds,2214
2023-07-12 22:00:00,None,301.4,0.0,0.0,13,Clear,1533
2023-07-12 23:00:00,None,299.69,0.0,0.0,63,Clouds,597
2023-07-13 00:00:00,None,298.13,0.0,0.0,53,Clouds,150
2023-07-13 01:00:00,None,300.04,0.0,0.0,6,Clear,441
2023-07-13 02:00:00,None,297.61,0.0,0.0,6,Clear,808
2023-07-13 03:00:00,None,295.42,0.0,0.0,95,Clouds,903
2023-07-13 04:00:00,None,295.75,0.0,0.0,1,Clear,928
2023-07-13 05:00:00,None,299.77,0.34,0.0,94,Rain,342
2023-07-13 06:00:00,None,298.02,0.0,0.0,11,Clear,3992
2023-07-13 07:00:00,None,297.16,0.84,0.0,78,Drizzle,4742
2023-07-13 08:00:00,None,304.01,0.0,0.0,60,Clouds,5238
2023-07-13 09:00:00,None,302.35,0.0,0.0,9,Clear,7101
2023-07-13 10:00:00,None,303.78,0.0,0.0,8,Clear,3900
2023-07-13 11:00:00,None,304.81,0.0,0.0,8,Clear,4302
2023-07-13 12:00:00,None,303.7,2.29,0.0,80,Rain,4336
2023-07-13 13:00:00,None,300.17,5.23,0.0,93,Rain,4366
2023-07-13 14:00:00,Independence Day,308.49,0.0,0.0,4,Clear,1854
2023-07-13 15:00:00,None,304.89,0.0,0.0,72,Clouds,6897
2023-07-13 16:00:00,None,309.92,0.0,0.0,8,Clear,5519
2023-07-13 17:00:00,None,308.64,0.0,0.0,2,Clear,5873
2023-07-13 18:00:00,None,299.44,0.0,0.0,5,Clear,4998
2023-07-13 19:00:00,None,304.13,0.0,0.0,12,Clear,2850
2023-07-13 20:00:00,None,311.89,0.0,0.0,54,Clouds,2991
2023-07-13 21:00:00,None,307.91,0.0,0.0,12,Clear,1788
2023-07-13 22:00:00,None,302.08,0.0,0.0,0,Clear,2115
2023-07-13 23:00:00,None,301.8,0.0,0.0,60,Clouds,555
2023-07-14 00:00:00,None,300.6,0.0,0.0,92,Clouds,150
2023-07-14 01:00:00,None,295.41,0.0,0.0,10,Clear,675
2023-07-14 02:00:00,None,302.02,0.0,0.0,91,Clouds,349
2023-07-14 03:00:00,None,298.21,0.0,0.0,73,Clouds,649
2023-07-14 04:00:00,None,298.93,0.0,0.0,85,Clouds,976
2023-07-14 05:00:00,None,300.92,0.0,0.0,48,Clouds,399
2023-07-14 06:00:00,None,294.28,0.0,0.0,54,Clouds,3599
2023-07-14 07:00:00,None,299.76,0.0,0.0,8,Clear,4607
2023-07-14 08:00:00,None,302.38,0.0,0.0,41,Clouds,6035
2023-07-14 09:00:00,None,299.98,0.0,0.0,81,Clouds,6750
2023-07-14 10:00:00,None,302.95,0.0,0.0,80,Clouds,3911
2023-07-14 11:00:00,None,311.91,0.0,0.0,8,Clear,4092
2023-07-14 12:00:00,None,309.65,0.0,0.0,13,Clear,3780
2023-07-14 13:00:00,None,304.77,0.0,0.0,87,Mist,4361
2023-07-14 14:00:00,None,309.44,0.0,0.0,8,Clear,3935
2023-07-14 15:00:00,None,310.98,0.0,0.0,6,Clear,6758
2023-07-14 16:00:00,None,307.79,0.0,0.0,40,Clouds,5101
2023-07-14 17:00:00,None,309.28,0.0,0.0,2,Clear,4925
2023-07-14 18:00:00,None,309.96,0.0,0.0,2,Clear,4301
2023-07-14 19:00:00,None,308.58,0.0,0.0,48,Clouds,2988
2023-07-14 20:00:00,None,303.11,0.0,0.0,60,Clouds,2159
2023-07-14 21:00:00,None,306.7,2.71,0.0,79,Rain,1955
2023-07-14 22:00:00,Columbus Day,308.46,0.0,0.0,94,Clouds,974
2023-07-14 23:00:00,None,301.36,0.0,0.0,1,Clear,1514
2023-07-15 00:00:00,None,302.56,0.99,0.0,68,Drizzle,150
2023-07-15 01:00:00,None,294.73,0.0,0.0,86,Clouds,502
2023-07-15 02:00:00,None,299.73,0.0,0.0,12,Clear,1007
2023-07-15 03:00:00,None,295.91,0.0,0.0,9,Clear,627
2023-07-15 04:00:00,None,301.63,0.0,0.0,59,Clouds,167
2023-07-15 05:00:00,None,301.32,0.0,0.0,3,Clear,801
2023-07-15 06:00:00,None,297.99,0.0,0.0,83,Mist,2889
2023-07-15 07:00:00,None,300.92,0.0,0.0,47,Clouds,3105
2023-07-15 08:00:00,None,304.33,0.0,0.0,72,Fog,3045
2023-07-15 09:00:00,None,302.96,0.0,0.0,61,Clouds,4819
2023-07-15 10:00:00,None,299.42,0.0,0.0,4,Clear,3013
2023-07-15 11:00:00,None,304.31,0.0,0.0,90,Clouds,2540
2023-07-15 12:00:00,None,299.93,0.0,0.0,96,Clouds,2432
2023-07-15 13:00:00,None,302.54,0.0,0.0,93,Clouds,2739
2023-07-15 14:00:00,None,305.6,0.0,0.0,12,Clear,2487
2023-07-15 15:00:00,None,307.49,0.0,0.0,47,Clouds,3732
2023-07-15 16:00:00,None,312.31,0.0,0.0,70,Clouds,3655
2023-07-15 17:00:00,None,305.7,0.0,0.0,13,Clear,3517
2023-07-15 18:00:00,None,309.75,0.3,0.0,74,Drizzle,3591
2023-07-15 19:00:00,None,308.72,0.0,0.0,0,Clear,1885
2023-07-15 20:00:00,None,300.47,0.0,0.0,11,Clear,1827
2023-07-15 21:00:00,None,300.67,0.0,0.0,0,Clear,1390
2023-07-15 22:00:00,None,304.3,0.0,0.0,87,Clouds,1320
2023-07-15 23:00:00,None,301.29,0.0,0.0,6,Clear,416
2023-07-16 00:00:00,None,304.21,0.0,0.0,3,Clear,573
2023-07-16 01:00:00,None,298.83,0.0,0.0,11,Clear,150
2023-07-16 02:00:00,None,302.34,0.0,0.0,11,Clear,150
2023-07-16 03:00:00,None,300.43,0.0,0.0,0,Clear,442
2023-07-16 04:00:00,None,300.04,0.0,2.78,81,Snow,709
2023-07-16 05:00:00,None,296.92,0.0,0.0,87,Clouds,897
2023-07-16 06:00:00,None,298.31,0.0,0.0,71,Clouds,1752
2023-07-16 07:00:00,None,306.56,0.0,0.0,14,Clear,3242
2023-07-16 08:00:00,None,301.5,0.0,0.0,14,Clear,3196
2023-07-16 09:00:00,None,301.3,1.05,0.0,88,Drizzle,4558
2023-07-16 10:00:00,None,303.24,0.0,0.0,12,Clear,2347
2023-07-16 11:00:00,None,306.79,0.0,0.0,12,Clear,2437
2023-07-16 12:00:00,None,307.66,0.0,0.0,0,Clear,2884
2023-07-16 13:00:00,None,309.74,0.0,0.0,5,Clear,2882
2023-07-16 14:00:00,None,305.36,0.0,0.0,96,Clouds,2442
2023-07-16 15:00:00,None,311.11,0.0,0.0,79,Clouds,3994
2023-07-16 16:00:00,None,310.98,0.0,0.0,2,Clear,3307
2023-07-16 17:00:00,None,304.96,0.0,0.0,62,Fog,3514
2023-07-16 18:00:00,None,309.81,0.0,0.0,81,Clouds,4260
2023-07-16 19:00:00,None,309.29,0.0,0.4,62,Snow,2730
2023-07-16 20:00:00,None,304.34,0.0,0.0,67,Clouds,1929
2023-07-16 21:00:00,None,300.51,5.73,0.0,70,Rain,1091
2023-07-16 22:00:00,None,302.75,0.0,0.13,96,Snow,1180
2023-07-16 23:00:00,None,307.22,0.0,0.0,84,Clouds,1271
2023-07-17 00:00:00,None,297.28,0.0,0.0,12,Clear,150
2023-07-17 01:00:00,None,292.01,0.0,0.0,6,Clear,150
2023-07-17 02:00:00,None,298.37,0.0,5.79,81,Snow,214
2023-07-17 03:00:00,None,297.07,0.0,0.0,5,Clear,150
2023-07-17 04:00:00,None,299.53,0.0,0.0,57,Clouds,1343
2023-07-17 05:00:00,None,300.85,0.0,0.0,8,Clear,992
2023-07-17 06:00:00,None,295.8,0.0,0.0,2,Clear,3553
2023-07-17 07:00:00,None,305.44,0.0,0.0,54,Clouds,5461
2023-07-17 08:00:00,None,298.69,0.0,0.0,79,Clouds,5050
2023-07-17 09:00:00,None,307.54,0.0,0.0,41,Clouds,7192
2023-07-17 10:00:00,None,299.68,0.0,0.0,10,Clear,4750
2023-07-17 11:00:00,Labor Day,306.68,0.0,0.0,10,Clear,2109
2023-07-17 12:00:00,None,306.89,0.97,0.0,64,Rain,3498
2023-07-17 13:00:00,None,307.26,1.02,0.0,88,Drizzle,3674
2023-07-17 14:00:00,None,305.65,0.0,0.0,80,Clouds,3804
2023-07-17 15:00:00,None,308.18,0.0,0.0,4,Clear,5381
2023-07-17 16:00:00,None,302.61,0.0,0.0,7,Clear,5395
2023-07-17 17:00:00,None,304.95,1.57,0.0,66,Rain,5150
2023-07-17 18:00:00,None,310.27,2.49,0.0,91,Thunderstorm,4487
2023-07-17 19:00:00,None,305.93,1.8,0.0,71,Rain,3206
2023-07-17 20:00:00,None,308.92,0.0,0.0,91,Clouds,3236
2023-07-17 21:00:00,None,302.65,0.0,0.0,82,Haze,1487
2023-07-17 22:00:00,None,303.5,0.0,0.0,4,Clear,1762
2023-07-17 23:00:00,None,304.75,0.94,0.0,88,Rain,644
2023-07-18 00:00:00,None,297.06,0.0,0.0,74,Mist,150
2023-07-18 01:00:00,None,295.28,0.0,0.0,48,Clouds,205
2023-07-18 02:00:00,None,299.8,0.0,0.0,14,Clear,150
2023-07-18 03:00:00,None,299.76,4.39,0.0,64,Rain,845
2023-07-18 04:00:00,None,300.87,0.0,3.48,64,Snow,442
2023-07-18 05:00:00,None,296.17,0.0,0.0,5,Clear,789
2023-07-18 06:00:00,None,305.51,0.0,0.0,79,Clouds,3784
2023-07-18 07:00:00,None,298.88,0.0,0.0,5,Clear,4818
2023-07-18 08:00:00,None,300.71,0.0,0.0,5,Clear,6104
2023-07-18 09:00:00,None,306.88,0.0,0.0,6,Clear,7200
2023-07-18 10:00:00,None,302.7,0.0,0.0,3,Clear,3977
2023-07-18 11:00:00,None,305.08,1.5,0.0,94,Rain,4511
2023-07-18 12:00:00,None,311.39,0.0,0.0,82,Clouds,5315
2023-07-18 13:00:00,None,308.56,0.0,0.0,8,Clear,3721
2023-07-18 14:00:00,None,308.59,1.19,0.0,84,Drizzle,4668
2023-07-18 15:00:00,None,310.14,0.0,0.0,86,Mist,5770
2023-07-18 16:00:00,None,310.85,0.0,0.0,64,Mist,5595
2023-07-18 17:00:00,None,303.91,0.0,0.0,76,Fog,5091
2023-07-18 18:00:00,None,305.33,1.2,0.0,91,Drizzle,4894
2023-07-18 19:00:00,None,305.08,1.63,0.0,65,Rain,2933
2023-07-18 20:00:00,None,304.77,0.0,0.0,0,Clear,2832
2023-07-18 21:00:00,None,305.19,0.0,0.0,43,Clouds,2070
2023-07-18 22:00:00,None,298.43,1.3,0.0,81,Thunderstorm,1780
2023-07-18 23:00:00,None,301.88,0.0,0.0,40,Clouds,456
2023-07-19 00:00:00,None,302.95,0.0,0.0,9,Clear,479
2023-07-19 01:00:00,None,302.17,0.0,0.0,9,Clear,795
2023-07-19 02:00:00,None,298.32,0.0,0.0,86,Clouds,150
2023-07-19 03:00:00,None,297.43,0.0,0.0,7,Clear,721
2023-07-19 04:00:00,None,298.4,0.0,0.0,13,Clear,833
2023-07-19 05:00:00,None,298.69,0.0,0.0,88,Fog,168
2023-07-19 06:00:00,None,302.28,0.54,0.0,67,Rain,3714
2023-07-19 07:00:00,None,301.19,0.0,0.0,13,Clear,4136
2023-07-19 08:00:00,None,304.29,0.0,0.0,9,Clear,5657
2023-07-19 09:00:00,None,300.51,0.0,0.0,78,Clouds,6487
2023-07-19 10:00:00,None,306.34,0.0,0.0,88,Clouds,3424
2023-07-19 11:00:00,None,308.75,0.0,0.0,75,Fog,4087
2023-07-19 12:00:00,None,305.17,0.0,0.0,12,Clear,3854
2023-07-19 13:00:00,None,311.18,0.0,0.0,76,Clouds,4805
2023-07-19 14:00:00,None,307.77,0.0,0.0,81,Clouds,4657
2023-07-19 15:00:00,None,304.37,0.0,0.0,66,Clouds,5769
2023-07-19 16:00:00,None,307.39,0.0,0.0,76,Clouds,5087
2023-07-19 17:00:00,None,309.48,0.0,0.0,78,Clouds,5877
2023-07-19 18:00:00,None,306.75,0.0,0.0,4,Clear,4434
2023-07-19 19:00:00,None,305.42,0.0,0.0,10,Clear,2928
2023-07-19 20:00:00,None,305.85,0.67,0.0,98,Drizzle,1978
2023-07-19 21:00:00,None,302.53,0.0,0.0,90,Clouds,2239
2023-07-19 22:00:00,None,299.53,0.0,0.0,4,Clear,1264
2023-07-19 23:00:00,None,298.02,4.41,0.0,72,Rain,582
2023-07-20 00:00:00,None,297.87,0.0,0.0,10,Clear,150
2023-07-20 01:00:00,None,296.2,0.0,0.0,6,Clear,1054
2023-07-20 02:00:00,None,299.95,0.0,0.0,14,Clear,613
2023-07-20 03:00:00,None,297.82,0.0,0.0,8,Clear,613
2023-07-20 04:00:00,None,297.62,5.49,0.0,73,Rain,419
2023-07-20 05:00:00,None,301.4,0.0,0.0,65,Haze,1161
2023-07-20 06:00:00,None,302.02,0.0,0.0,66,Clouds,3625
2023-07-20 07:00:00,None,299.93,0.0,0.0,60,Clouds,4609
2023-07-20 08:00:00,Labor Day,304.25,0.0,0.0,1,Clear,2989
2023-07-20 09:00:00,None,305.71,0.0,0.0,91,Haze,7200
2023-07-20 10:00:00,None,305.8,4.46,0.0,80,Rain,4282
2023-07-20 11:00:00,None,309.95,0.0,0.0,13,Clear,4163
2023-07-20 12:00:00,None,310.38,3.18,0.0,79,Rain,3565
2023-07-20 13:00:00,None,307.99,0.0,0.0,86,Clouds,4547
2023-07-20 14:00:00,None,304.29,0.0,0.0,3,Clear,4094
2023-07-20 15:00:00,None,311.22,1.08,0.0,84,Drizzle,6049
2023-07-20 16:00:00,None,308.58,0.0,0.0,7,Clear,5648
2023-07-20 17:00:00,None,311.6,0.0,0.0,2,Clear,5442
2023-07-20 18:00:00,None,307.34,0.0,0.0,6,Clear,4841
2023-07-20 19:00:00,None,302.13,0.0,0.0,42,Clouds,3464
2023-07-20 20:00:00,None,308.46,0.0,0.0,86,Fog,1992
2023-07-20 21:00:00,None,302.68,0.0,0.0,61,Clouds,1527
2023-07-20 22:00:00,None,301.99,0.0,0.0,89,Clouds,926
2023-07-20 23:00:00,None,296.87,0.72,0.0,98,Rain,1122
2023-07-21 00:00:00,None,303.88,0.0,0.0,44,Clouds,179
2023-07-21 01:00:00,None,300.9,0.0,0.0,12,Clear,366
2023-07-21 02:00:00,None,296.96,0.0,0.0,89,Clouds,808
2023-07-21 03:00:00,None,298.73,3.39,0.0,84,Thunderstorm,150
2023-07-21 04:00:00,None,300.17,0.0,0.0,59,Clouds,752
2023-07-21 05:00:00,None,302.07,5.2,0.0,97,Rain,158
2023-07-21 06:00:00,None,304.6,0.0,0.0,8,Clear,3696
2023-07-21 07:00:00,None,305.67,0.0,0.0,6,Clear,4578
2023-07-21 08:00:00,None,300.06,0.0,1.68,70,Snow,4629
2023-07-21 09:00:00,None,297.42,0.0,0.0,86,Clouds,6421
2023-07-21 10:00:00,None,306.54,0.0,0.0,10,Clear,3741
2023-07-21 11:00:00,None,303.13,0.0,0.0,59,Clouds,3798
2023-07-21 12:00:00,None,310.31,2.84,0.0,73,Rain,3759
2023-07-21 13:00:00,None,308.69,0.0,0.0,10,Clear,4548
2023-07-21 14:00:00,None,311.96,0.0,0.0,43,Clouds,4469
2023-07-21 15:00:00,None,310.0,0.0,0.0,4,Clear,5910
2023-07-21 16:00:00,None,306.9,0.61,0.0,72,Drizzle,5450
2023-07-21 17:00:00,None,303.51,0.0,0.0,41,Clouds,5758
2023-07-21 18:00:00,None,307.3,0.0,0.0,11,Clear,3814
2023-07-21 19:00:00,None,310.96,0.0,1.29,93,Snow,2951
2023-07-21 20:00:00,None,300.91,0.0,0.0,1,Clear,2685
2023-07-21 21:00:00,None,310.24,0.0,0.0,98,Clouds,1860
2023-07-21 22:00:00,None,306.85,1.75,0.0,67,Rain,1716
2023-07-21 23:00:00,None,298.94,0.0,0.0,77,Clouds,237
2023-07-22 00:00:00,None,299.37,0.0,0.0,11,Clear,349
2023-07-22 01:00:00,None,301.59,0.0,0.0,1,Clear,150
2023-07-22 02:00:00,None,298.67,0.0,0.0,12,Clear,536
2023-07-22 03:00:00,None,298.13,0.0,0.0,98,Mist,645
2023-07-22 04:00:00,None,299.47,0.93,0.0,97,Drizzle,810
2023-07-22 05:00:00,None,297.61,0.97,0.0,79,Drizzle,745
2023-07-22 06:00:00,None,301.61,0.0,0.08,69,Snow,1938
2023-07-22 07:00:00,None,296.46,0.0,0.0,6,Clear,2149
2023-07-22 08:00:00,None,303.44,0.0,0.0,5,Clear,3222
2023-07-22 09:00:00,None,306.58,0.0,0.0,0,Clear,4432
2023-07-22 10:00:00,None,310.16,1.27,0.0,79,Rain,2645
2023-07-22 11:00:00,None,306.57,0.67,0.0,88,Drizzle,3161
2023-07-22 12:00:00,None,306.26,0.0,0.0,84,Fog,2741
2023-07-22 13:00:00,None,310.31,0.0,0.0,9,Clear,2928
2023-07-22 14:00:00,None,303.66,0.0,0.0,57,Clouds,2932
2023-07-22 15:00:00,Labor Day,310.61,0.0,0.0,85,Clouds,1465
2023-07-22 16:00:00,None,310.63,5.09,0.0,61,Rain,3312
2023-07-22 17:00:00,None,302.56,0.0,0.0,3,Clear,3503
2023-07-22 18:00:00,None,306.01,0.0,0.0,71,Clouds,3170
2023-07-22 19:00:00,None,305.71,0.19,0.0,81,Drizzle,2234
2023-07-22 20:00:00,None,305.32,0.0,0.0,91,Clouds,1273
2023-07-22 21:00:00,None,303.71,0.0,0.0,13,Clear,1334
2023-07-22 22:00:00,None,299.39,0.0,0.0,4,Clear,1413
2023-07-22 23:00:00,None,300.7,0.0,0.0,5,Clear,1145
2023-07-23 00:00:00,None,299.77,0.0,0.0,8,Clear,355
2023-07-23 01:00:00,None,302.48,0.0,0.0,4,Clear,150
2023-07-23 02:00:00,None,294.61,0.0,0.0,11,Clear,598
2023-07-23 03:00:00,None,294.7,0.0,0.0,95,Fog,401
2023-07-23 04:00:00,None,298.66,0.0,0.0,4,Clear,305
2023-07-23 05:00:00,None,296.73,1.17,0.0,74,Rain,375
2023-07-23 06:00:00,None,291.25,0.0,0.49,71,Snow,2645
2023-07-23 07:00:00,None,303.72,0.0,0.0,61,Haze,2737
2023-07-23 08:00:00,None,306.13,0.0,0.0,86,Clouds,3501
2023-07-23 09:00:00,None,301.16,0.0,4.87,76,Snow,4335
2023-07-23 10:00:00,None,302.88,1.54,0.0,82,Rain,2462
2023-07-23 11:00:00,None,305.71,0.0,0.0,5,Clear,3285
2023-07-23 12:00:00,None,310.35,0.0,0.0,7,Clear,3114
2023-07-23 13:00:00,None,304.8,0.33,0.0,88,Drizzle,3116
2023-07-23 14:00:00,None,301.88,0.0,0.0,82,Mist,2963
2023-07-23 15:00:00,None,313.19,0.0,0.0,63,Clouds,3802
2023-07-23 16:00:00,None,309.91,0.0,0.0,47,Clouds,3316
2023-07-23 17:00:00,None,303.39,0.0,0.0,12,Clear,3457
2023-07-23 18:00:00,None,308.82,0.0,0.0,81,Clouds,3631
2023-07-23 19:00:00,None,307.85,1.0,0.0,83,Drizzle,2862
2023-07-23 20:00:00,None,306.0,0.0,0.0,57,Clouds,1181
2023-07-23 21:00:00,None,300.42,0.0,0.0,97,Clouds,1034
2023-07-23 22:00:00,None,301.13,0.0,0.0,9,Clear,875
2023-07-23 23:00:00,None,303.2,0.0,0.0,59,Clouds,901
2023-07-24 00:00:00,None,297.73,0.0,0.0,13,Clear,507
2023-07-24 01:00:00,None,300.85,0.0,0.0,4,Clear,181
2023-07-24 02:00:00,None,295.07,2.78,0.0,76,Thunderstorm,244
2023-07-24 03:00:00,None,303.23,0.42,0.0,99,Drizzle,1072
2023-07-24 04:00:00,None,295.38,0.0,0.0,96,Clouds,317
2023-07-24 05:00:00,None,295.27,0.0,0.0,7,Clear,994
2023-07-24 06:00:00,None,297.2,0.0,0.0,5,Clear,3821
2023-07-24 07:00:00,None,295.93,0.0,0.0,46,Clouds,5524
2023-07-24 08:00:00,None,301.86,0.0,0.0,10,Clear,6152
2023-07-24 09:00:00,None,296.48,0.0,1.62,66,Snow,5403
2023-07-24 10:00:00,None,305.92,0.0,0.0,72,Clouds,3577
2023-07-24 11:00:00,None,309.36,4.74,0.0,96,Rain,3974
2023-07-24 12:00:00,None,305.09,0.0,0.0,4,Clear,4032
2023-07-24 13:00:00,None,307.07,0.0,0.0,8,Clear,3805
2023-07-24 14:00:00,None,313.48,0.0,0.0,69,Clouds,4034
2023-07-24 15:00:00,None,312.36,0.0,0.0,11,Clear,5439
2023-07-24 16:00:00,None,309.65,0.0,0.0,2,Clear,5351
2023-07-24 17:00:00,None,308.1,0.74,0.0,86,Drizzle,5744
2023-07-24 18:00:00,None,302.53,0.0,0.0,63,Fog,3940
2023-07-24 19:00:00,None,307.15,0.0,0.0,66,Clouds,3019
2023-07-24 20:00:00,None,304.11,0.0,0.0,10,Clear,2189
2023-07-24 21:00:00,None,299.0,0.0,0.0,71,Clouds,1907
2023-07-24 22:00:00,None,302.55,0.0,0.0,8,Clear,1532
2023-07-24 23:00:00,None,301.6,0.0,0.0,93,Clouds,730
2023-07-25 00:00:00,None,297.88,0.0,0.0,11,Clear,150
2023-07-25 01:00:00,None,305.27,5.58,0.0,76,Rain,785
2023-07-25 02:00:00,None,303.72,0.0,0.0,61,Mist,526
2023-07-25 03:00:00,None,298.14,0.0,0.0,67,Mist,762
2023-07-25 04:00:00,None,297.74,0.0,0.0,44,Clouds,1146
2023-07-25 05:00:00,None,302.46,0.0,1.61,93,Snow,753
2023-07-25 06:00:00,None,302.64,0.0,0.0,67,Clouds,3854
2023-07-25 07:00:00,None,304.15,0.0,0.0,0,Clear,4965
2023-07-25 08:00:00,None,306.1,0.0,1.16,78,Snow,4888
2023-07-25 09:00:00,None,305.55,0.0,0.0,82,Clouds,6945
2023-07-25 10:00:00,None,301.27,0.0,0.0,11,Clear,3824
2023-07-25 11:00:00,None,304.95,0.0,0.0,60,Haze,4272
2023-07-25 12:00:00,None,308.37,0.0,0.0,0,Clear,4418
2023-07-25 13:00:00,None,301.74,0.0,0.0,4,Clear,4478
2023-07-25 14:00:00,None,309.53,0.4,0.0,67,Drizzle,3672
2023-07-25 15:00:00,None,309.65,0.0,0.0,65,Fog,6029
2023-07-25 16:00:00,None,304.48,0.0,0.0,67,Mist,5941
2023-07-25 17:00:00,None,307.52,0.0,0.0,62,Clouds,5676
2023-07-25 18:00:00,None,308.03,0.0,0.0,82,Clouds,4910
2023-07-25 19:00:00,Independence Day,306.47,0.0,0.0,93,Clouds,1531
2023-07-25 20:00:00,None,303.56,0.19,0.0,81,Drizzle,2295
2023-07-25 21:00:00,None,301.71,1.64,0.0,94,Rain,1999
2023-07-25 22:00:00,None,305.12,0.0,0.0,12,Clear,1629
2023-07-25 23:00:00,None,304.52,0.0,0.0,75,Clouds,984
2023-07-26 00:00:00,Thanksgiving Day,301.5,0.0,0.0,9,Clear,322
2023-07-26 01:00:00,None,298.95,0.0,0.0,1,Clear,276
2023-07-26 02:00:00,None,302.66,0.0,0.0,83,Clouds,536
2023-07-26 03:00:00,None,300.07,0.0,0.0,12,Clear,150
2023-07-26 04:00:00,None,300.11,0.0,0.13,64,Snow,232
2023-07-26 05:00:00,None,297.43,0.0,0.0,70,Clouds,161
2023-07-26 06:00:00,None,297.05,0.0,0.01,91,Snow,3221
2023-07-26 07:00:00,None,300.77,4.89,0.0,89,Rain,3911
2023-07-26 08:00:00,None,298.54,0.0,0.0,6,Clear,6446
2023-07-26 09:00:00,None,306.78,0.91,0.0,99,Rain,5765
2023-07-26 10:00:00,None,304.79,0.0,0.0,2,Clear,3936
2023-07-26 11:00:00,None,299.68,0.45,0.0,62,Rain,4187
2023-07-26 12:00:00,None,309.16,0.0,0.0,2,Clear,4599
2023-07-26 13:00:00,None,304.14,0.0,0.0,13,Clear,4188
2023-07-26 14:00:00,None,309.54,0.0,0.0,3,Clear,4667
2023-07-26 15:00:00,None,308.72,0.0,0.0,12,Clear,6425
2023-07-26 16:00:00,None,304.88,0.0,0.0,69,Clouds,5507
2023-07-26 17:00:00,None,303.7,0.0,0.0,61,Haze,5045
2023-07-26 18:00:00,None,305.36,1.04,0.0,70,Drizzle,4986
2023-07-26 19:00:00,None,306.37,0.0,0.0,13,Clear,3067
2023-07-26 20:00:00,None,301.51,0.0,0.0,6,Clear,2667
2023-07-26 21:00:00,None,309.22,0.0,0.0,9,Clear,1127
2023-07-26 22:00:00,None,300.38,0.0,0.0,0,Clear,1178
2023-07-26 23:00:00,Columbus Day,301.23,0.0,0.0,11,Clear,150
2023-07-27 00:00:00,None,296.99,0.0,0.0,2,Clear,150
2023-07-27 01:00:00,None,300.76,0.0,0.0,3,Clear,241
2023-07-27 02:00:00,None,298.5,0.0,0.0,3,Clear,1139
2023-07-27 03:00:00,None,296.51,0.0,0.0,64,Clouds,1048
2023-07-27 04:00:00,None,300.49,0.0,0.0,90,Clouds,1105
2023-07-27 05:00:00,None,298.59,0.0,0.0,46,Clouds,851
2023-07-27 06:00:00,None,298.93,0.0,0.0,99,Mist,3506
2023-07-27 07:00:00,None,304.66,0.0,0.0,43,Clouds,4869
2023-07-27 08:00:00,None,298.61,0.55,0.0,70,Rain,5353
2023-07-27 09:00:00,None,305.44,1.54,0.0,88,Thunderstorm,6509
2023-07-27 10:00:00,None,304.26,0.0,0.0,97,Clouds,3104
2023-07-27 11:00:00,None,302.68,0.41,0.0,86,Drizzle,3866
2023-07-27 12:00:00,None,306.43,0.0,0.0,4,Clear,4153
2023-07-27 13:00:00,None,311.32,0.0,0.0,96,Clouds,4456
2023-07-27 14:00:00,None,310.86,0.0,0.0,88,Mist,4543
2023-07-27 15:00:00,None,308.18,0.0,0.0,5,Clear,5954
2023-07-27 16:00:00,None,308.85,0.0,0.0,14,Clear,5911
2023-07-27 17:00:00,None,305.02,0.69,0.0,87,Rain,5413
2023-07-27 18:00:00,None,304.47,3.6,0.0,95,Rain,4569
2023-07-27 19:00:00,None,308.22,0.0,0.0,14,Clear,3136
2023-07-27 20:00:00,None,306.76,0.0,0.0,70,Clouds,2837
2023-07-27 21:00:00,None,301.81,2.13,0.0,92,Rain,1838
2023-07-27 22:00:00,None,297.74,0.0,0.0,64,Fog,1462
2023-07-27 23:00:00,None,298.46,0.0,0.0,47,Clouds,394
2023-07-28 00:00:00,None,300.91,0.0,0.0,5,Clear,174
2023-07-28 01:00:00,None,300.17,0.0,0.0,72,Fog,561
2023-07-28 02:00:00,None,303.42,0.0,0.0,65,Clouds,150
2023-07-28 03:00:00,None,301.67,0.0,0.0,81,Clouds,458
2023-07-28 04:00:00,None,298.49,0.0,0.0,11,Clear,838
2023-07-28 05:00:00,None,298.96,0.0,0.0,51,Clouds,644
2023-07-28 06:00:00,None,299.35,0.0,0.0,14,Clear,3684
2023-07-28 07:00:00,None,292.83,0.0,0.0,9,Clear,4305
2023-07-28 08:00:00,None,303.72,0.0,0.0,64,Haze,5740
2023-07-28 09:00:00,None,303.02,0.0,0.0,11,Clear,7200
2023-07-28 10:00:00,None,300.4,0.0,0.0,98,Clouds,3962
2023-07-28 11:00:00,None,307.29,0.0,0.0,99,Clouds,3630
2023-07-28 12:00:00,None,306.41,0.0,0.0,65,Clouds,4114
2023-07-28 13:00:00,None,305.63,0.31,0.0,99,Drizzle,4582
2023-07-28 14:00:00,None,307.41,0.0,0.0,52,Clouds,4038
2023-07-28 15:00:00,None,310.35,0.0,0.0,78,Haze,6242
2023-07-28 16:00:00,None,309.85,1.27,0.0,93,Rain,5408
2023-07-28 17:00:00,None,309.68,0.0,0.0,63,Mist,5111
2023-07-28 18:00:00,None,310.26,0.1,0.0,71,Rain,5021
2023-07-28 19:00:00,None,306.99,1.33,0.0,94,Rain,3545
2023-07-28 20:00:00,None,301.61,1.71,0.0,81,Rain,2068
2023-07-28 21:00:00,None,302.18,0.0,0.0,47,Clouds,2111
2023-07-28 22:00:00,None,302.6,1.57,0.0,76,Rain,1399
2023-07-28 23:00:00,None,302.91,0.0,0.0,93,Mist,769
2023-07-29 00:00:00,None,298.71,0.0,0.0,40,Clouds,150
2023-07-29 01:00:00,None,304.08,0.0,0.0,14,Clear,378
2023-07-29 02:00:00,None,295.37,3.09,0.0,83,Rain,680
2023-07-29 03:00:00,None,299.39,0.0,0.0,5,Clear,150
2023-07-29 04:00:00,None,300.84,0.0,0.0,14,Clear,809
2023-07-29 05:00:00,None,300.18,4.02,0.0,94,Rain,807
2023-07-29 06:00:00,None,295.71,0.0,0.0,98,Haze,2566
2023-07-29 07:00:00,None,299.0,0.0,0.0,7,Clear,2433
2023-07-29 08:00:00,None,299.56,0.0,0.0,5,Clear,3837
2023-07-29 09:00:00,None,300.7,0.0,0.0,6,Clear,3820
2023-07-29 10:00:00,None,301.97,0.0,0.0,4,Clear,2852
2023-07-29 11:00:00,None,308.25,0.0,0.0,14,Clear,3033
2023-07-29 12:00:00,None,304.76,0.0,0.0,13,Clear,2879
2023-07-29 13:00:00,None,313.84,1.59,0.0,98,Rain,2840
2023-07-29 14:00:00,None,311.63,3.35,0.0,64,Rain,1902
2023-07-29 15:00:00,None,309.66,0.0,0.0,7,Clear,3488
2023-07-29 16:00:00,None,308.75,0.0,0.0,12,Clear,2604
2023-07-29 17:00:00,None,305.12,0.0,0.0,82,Clouds,3614
2023-07-29 18:00:00,None,305.92,0.0,0.0,8,Clear,3507
2023-07-29 19:00:00,None,304.92,0.0,0.0,1,Clear,1859
2023-07-29 20:00:00,None,306.8,0.0,0.0,7,Clear,1522
2023-07-29 21:00:00,None,298.36,0.0,1.99,85,Snow,1172
2023-07-29 22:00:00,None,297.5,0.0,0.0,77,Clouds,488
2023-07-29 23:00:00,None,297.8,4.06,0.0,81,Rain,730
2023-07-30 00:00:00,None,299.58,0.0,0.44,70,Snow,150
2023-07-30 01:00:00,None,296.02,0.0,0.0,2,Clear,528
2023-07-30 02:00:00,None,295.56,3.96,0.0,69,Rain,742
2023-07-30 03:00:00,None,298.73,0.0,0.0,58,Clouds,245
2023-07-30 04:00:00,None,295.46,0.0,0.0,9,Clear,232
2023-07-30 05:00:00,None,302.37,0.0,0.0,1,Clear,615
2023-07-30 06:00:00,None,297.14,0.0,0.0,13,Clear,2377
2023-07-30 07:00:00,None,301.6,0.0,0.0,11,Clear,2994
2023-07-30 08:00:00,None,303.36,0.43,0.0,88,Drizzle,4255
2023-07-30 09:00:00,Columbus Day,302.14,0.0,0.0,2,Clear,2401
2023-07-30 10:00:00,None,308.22,0.0,0.0,46,Clouds,3114
2023-07-30 11:00:00,None,301.6,0.0,0.0,92,Clouds,3138
2023-07-30 12:00:00,None,307.48,0.0,0.0,79,Mist,3821
2023-07-30 13:00:00,None,304.46,0.0,0.0,59,Clouds,2351
2023-07-30 14:00:00,None,308.37,0.0,0.0,2,Clear,2646
2023-07-30 15:00:00,None,308.43,0.0,0.0,12,Clear,4002
2023-07-30 16:00:00,None,310.32,0.0,0.0,13,Clear,4220
2023-07-30 17:00:00,None,312.18,0.0,0.0,85,Clouds,3596
2023-07-30 18:00:00,None,307.38,0.0,3.6,79,Snow,3217
2023-07-30 19:00:00,None,305.59,0.3,0.0,73,Drizzle,2693
2023-07-30 20:00:00,None,304.06,0.0,0.0,0,Clear,2033
2023-07-30 21:00:00,None,305.08,0.0,0.0,7,Clear,2005
2023-07-30 22:00:00,None,301.54,2.41,0.0,93,Rain,713
2023-07-30 23:00:00,None,300.43,0.0,0.0,6,Clear,1000
2023-07-31 00:00:00,None,300.37,0.0,0.0,62,Clouds,538
2023-07-31 01:00:00,None,299.14,0.0,0.0,62,Clouds,208
2023-07-31 02:00:00,None,293.02,0.0,0.0,61,Clouds,790
2023-07-31 03:00:00,None,302.64,0.0,0.0,85,Clouds,1012
2023-07-31 04:00:00,None,297.59,0.0,0.0,4,Clear,1155
2023-07-31 05:00:00,None,300.14,0.0,0.0,76,Clouds,1172
2023-07-31 06:00:00,None,299.89,0.0,0.0,0,Clear,4079
2023-07-31 07:00:00,None,303.07,0.0,0.0,13,Clear,3760
2023-07-31 08:00:00,None,301.98,0.0,0.0,58,Clouds,5809
2023-07-31 09:00:00,None,302.85,0.0,0.0,55,Clouds,6879
2023-07-31 10:00:00,None,302.12,0.0,0.0,14,Clear,4582
2023-07-31 11:00:00,None,303.81,0.0,0.0,63,Mist,4152
2023-07-31 12:00:00,None,306.86,3.88,0.0,87,Rain,3963
2023-07-31 13:00:00,None,303.68,7.4,0.0,60,Rain,4246
2023-07-31 14:00:00,None,308.96,0.0,0.0,86,Clouds,4161
2023-07-31 15:00:00,None,308.92,0.0,0.0,3,Clear,5811
2023-07-31 16:00:00,None,309.47,0.0,0.0,93,Clouds,6201
2023-07-31 17:00:00,None,311.99,0.0,0.0,0,Clear,5163
2023-07-31 18:00:00,None,307.01,0.0,0.0,0,Clear,4875
2023-07-31 19:00:00,None,311.84,0.0,0.0,74,Fog,3048
2023-07-31 20:00:00,None,302.33,0.0,0.0,40,Clouds,2049
2023-07-31 21:00:00,None,302.09,0.57,0.0,95,Rain,1987
2023-07-31 22:00:00,None,303.61,0.0,0.0,2,Clear,1314
2023-07-31 23:00:00,None,303.62,0.0,0.0,92,Clouds,1270
2023-08-01 00:00:00,None,302.92,0.0,0.0,66,Clouds,360
2023-08-01 01:00:00,Independence Day,299.15,0.0,0.0,1,Clear,622
2023-08-01 02:00:00,Thanksgiving Day,297.61,0.0,0.0,7,Clear,356
2023-08-01 03:00:00,None,296.65,0.0,0.0,12,Clear,664
2023-08-01 04:00:00,None,296.01,0.0,0.23,87,Snow,825
2023-08-01 05:00:00,None,299.17,0.0,0.0,0,Clear,650
2023-08-01 06:00:00,None,299.78,0.0,0.0,12,Clear,3227
2023-08-01 07:00:00,None,297.44,2.7,0.0,82,Rain,4444
2023-08-01 08:00:00,None,299.44,0.0,0.0,99,Clouds,5837
2023-08-01 09:00:00,None,297.95,0.0,0.0,11,Clear,6429
2023-08-01 10:00:00,Columbus Day,303.03,0.0,0.0,83,Clouds,2284
2023-08-01 11:00:00,None,302.6,0.25,0.0,89,Drizzle,4028
2023-08-01 12:00:00,None,308.09,0.0,0.44,94,Snow,3648
2023-08-01 13:00:00,None,306.93,1.01,0.0,98,Drizzle,4275
2023-08-01 14:00:00,None,307.71,0.0,0.0,94,Clouds,4297
2023-08-01 15:00:00,None,306.04,0.0,0.0,10,Clear,5957
2023-08-01 16:00:00,None,308.16,0.0,0.0,59,Clouds,5567
2023-08-01 17:00:00,None,306.66,0.0,0.0,3,Clear,6493
2023-08-01 18:00:00,None,303.7,3.31,0.0,91,Rain,4754
2023-08-01 19:00:00,None,305.87,0.0,0.0,72,Clouds,3331
2023-08-01 20:00:00,None,299.35,0.0,0.0,10,Clear,2874
2023-08-01 21:00:00,None,297.52,0.0,0.0,96,Clouds,2499
2023-08-01 22:00:00,None,307.6,0.0,0.0,75,Fog,1277
2023-08-01 23:00:00,None,296.08,0.0,0.0,7,Clear,187
2023-08-02 00:00:00,None,298.25,0.0,0.0,5,Clear,543
2023-08-02 01:00:00,None,299.33,0.0,1.47,96,Snow,988
2023-08-02 02:00:00,Columbus Day,296.38,0.0,0.0,4,Clear,414
2023-08-02 03:00:00,None,300.09,1.74,0.0,91,Rain,314
2023-08-02 04:00:00,None,302.23,0.0,0.0,4,Clear,839
2023-08-02 05:00:00,None,296.53,1.64,0.0,95,Rain,1601
2023-08-02 06:00:00,None,294.88,0.0,0.0,93,Clouds,3023
2023-08-02 07:00:00,None,298.3,0.0,0.0,7,Clear,4764
2023-08-02 08:00:00,None,301.95,0.0,0.0,63,Fog,4912
2023-08-02 09:00:00,None,300.99,0.0,0.0,60,Clouds,6627
2023-08-02 10:00:00,None,299.0,0.0,0.0,45,Clouds,5167
2023-08-02 11:00:00,None,306.8,0.0,0.0,7,Clear,3772
2023-08-02 12:00:00,None,304.75,0.0,0.0,14,Clear,4142
2023-08-02 13:00:00,None,304.92,0.0,0.0,7,Clear,3643
2023-08-02 14:00:00,Thanksgiving Day,307.86,0.0,1.25,85,Snow,1577
2023-08-02 15:00:00,None,304.26,0.0,0.0,81,Clouds,6489
2023-08-02 16:00:00,None,298.89,0.0,0.0,13,Clear,5142
2023-08-02 17:00:00,None,304.61,0.0,0.0,9,Clear,5035
2023-08-02 18:00:00,None,301.26,0.21,0.0,81,Rain,4776
2023-08-02 19:00:00,None,295.65,0.0,0.0,43,Clouds,3629
2023-08-02 20:00:00,None,305.62,0.0,0.0,9,Clear,2610
2023-08-02 21:00:00,None,300.82,0.0,0.0,4,Clear,1821
2023-08-02 22:00:00,None,303.72,0.0,0.0,87,Clouds,1593
2023-08-02 23:00:00,Columbus Day,295.5,0.0,0.0,88,Clouds,401
2023-08-03 00:00:00,None,296.64,0.0,0.0,86,Mist,150
2023-08-03 01:00:00,None,297.27,1.57,0.0,90,Rain,453
2023-08-03 02:00:00,None,298.0,0.0,0.0,78,Mist,662
2023-08-03 03:00:00,None,302.26,0.0,0.0,7,Clear,886
2023-08-03 04:00:00,None,299.48,1.19,0.0,99,Rain,839
2023-08-03 05:00:00,None,298.45,0.0,0.0,92,Haze,1256
2023-08-03 06:00:00,None,301.93,0.0,0.0,77,Clouds,3051
2023-08-03 07:00:00,None,293.24,0.0,0.0,9,Clear,4590
2023-08-03 08:00:00,None,301.85,0.0,0.0,75,Fog,4760
2023-08-03 09:00:00,None,301.86,0.05,0.0,85,Rain,6120
2023-08-03 10:00:00,None,299.4,0.0,0.0,78,Mist,4786
2023-08-03 11:00:00,None,306.92,0.0,0.0,68,Clouds,4077
2023-08-03 12:00:00,None,306.68,0.0,0.8,98,Snow,3340
2023-08-03 13:00:00,None,302.48,0.0,0.0,72,Haze,3875
2023-08-03 14:00:00,None,306.28,0.0,0.0,85,Clouds,4723
2023-08-03 15:00:00,None,311.03,0.0,0.0,93,Fog,4831
2023-08-03 16:00:00,None,311.34,0.0,0.0,6,Clear,5466
2023-08-03 17:00:00,None,310.17,5.91,0.0,76,Rain,5864
2023-08-03 18:00:00,None,308.69,0.0,0.0,5,Clear,5098
2023-08-03 19:00:00,None,303.71,0.0,0.0,12,Clear,3112
2023-08-03 20:00:00,None,298.13,0.0,0.0,78,Clouds,2484
2023-08-03 21:00:00,None,299.04,0.0,1.08,93,Snow,2155
2023-08-03 22:00:00,None,305.5,0.81,0.0,91,Drizzle,1597
2023-08-03 23:00:00,None,295.87,0.23,0.0,91,Rain,486
2023-08-04 00:00:00,None,297.18,0.0,0.0,8,Clear,150
2023-08-04 01:00:00,None,299.06,0.0,0.0,68,Clouds,272
2023-08-04 02:00:00,None,295.69,0.0,0.0,69,Clouds,268
2023-08-04 03:00:00,None,295.58,0.0,0.0,3,Clear,347
2023-08-04 04:00:00,None,295.41,0.0,0.0,91,Clouds,777
2023-08-04 05:00:00,None,298.29,0.0,0.0,53,Clouds,1282
2023-08-04 06:00:00,None,297.15,0.0,0.0,96,Fog,2963
2023-08-04 07:00:00,None,297.34,0.0,0.63,87,Snow,4108
2023-08-04 08:00:00,None,292.65,0.0,2.84,83,Snow,5163
2023-08-04 09:00:00,None,299.23,4.84,0.0,98,Rain,6669
2023-08-04 10:00:00,None,302.05,0.0,0.0,79,Mist,4094
2023-08-04 11:00:00,None,297.83,0.0,0.0,97,Clouds,4706
2023-08-04 12:00:00,None,306.23,0.0,0.0,9,Clear,4370
2023-08-04 13:00:00,None,306.21,0.0,0.0,13,Clear,3724
2023-08-04 14:00:00,None,307.1,0.0,0.0,4,Clear,4173
2023-08-04 15:00:00,None,303.07,0.0,0.0,95,Clouds,6909
2023-08-04 16:00:00,None,305.0,0.0,0.0,60,Mist,6320
2023-08-04 17:00:00,None,309.02,0.0,0.0,4,Clear,5503
2023-08-04 18:00:00,None,305.57,0.0,0.0,60,Haze,4259
2023-08-04 19:00:00,None,302.94,1.78,0.0,78,Rain,2868
2023-08-04 20:00:00,None,303.81,0.0,0.0,12,Clear,2673
2023-08-04 21:00:00,None,301.31,0.0,0.0,53,Clouds,2871
2023-08-04 22:00:00,None,297.76,0.0,0.0,10,Clear,885
2023-08-04 23:00:00,None,296.85,0.0,0.0,3,Clear,595
2023-08-05 00:00:00,None,300.18,0.0,0.0,43,Clouds,881
2023-08-05 01:00:00,None,299.92,0.0,0.0,7,Clear,864
2023-08-05 02:00:00,None,296.57,0.0,0.0,83,Clouds,301
2023-08-05 03:00:00,None,292.23,0.0,0.0,81,Clouds,756
2023-08-05 04:00:00,None,294.72,0.0,0.0,12,Clear,680
2023-08-05 05:00:00,None,297.4,0.0,0.0,10,Clear,387
2023-08-05 06:00:00,None,295.6,0.0,0.0,9,Clear,2072
2023-08-05 07:00:00,None,296.66,0.0,0.0,97,Clouds,3006
2023-08-05 08:00:00,None,304.05,0.7,0.0,81,Rain,3401
2023-08-05 09:00:00,None,299.54,0.0,0.0,0,Clear,4497
2023-08-05 10:00:00,None,304.47,10.02,0.0,75,Rain,3559
2023-08-05 11:00:00,None,300.25,0.0,0.0,98,Clouds,3132
2023-08-05 12:00:00,None,304.48,0.0,0.0,7,Clear,2467
2023-08-05 13:00:00,None,309.57,0.0,0.0,44,Clouds,2220
2023-08-05 14:00:00,None,305.57,0.0,0.0,13,Clear,2831
2023-08-05 15:00:00,None,305.21,0.0,0.0,0,Clear,3580
2023-08-05 16:00:00,None,299.96,0.0,0.0,67,Fog,3056
2023-08-05 17:00:00,None,305.54,0.0,0.0,95,Clouds,3141
2023-08-05 18:00:00,None,306.62,0.0,0.0,11,Clear,3410
2023-08-05 19:00:00,Christmas Day,301.37,0.0,0.0,74,Clouds,787
2023-08-05 20:00:00,None,303.4,0.0,0.0,0,Clear,1609
2023-08-05 21:00:00,None,298.22,0.0,0.0,70,Clouds,1105
2023-08-05 22:00:00,None,302.21,0.0,0.0,66,Fog,1069
2023-08-05 23:00:00,None,297.21,0.97,0.0,92,Drizzle,1475
2023-08-06 00:00:00,None,298.99,0.0,0.0,55,Clouds,420
2023-08-06 01:00:00,None,295.79,0.0,0.0,99,Clouds,178
2023-08-06 02:00:00,None,292.67,0.73,0.0,96,Rain,150
2023-08-06 03:00:00,None,300.25,0.0,0.0,64,Clouds,394
2023-08-06 04:00:00,None,297.28,0.35,0.0,87,Rain,520
2023-08-06 05:00:00,None,295.32,0.0,0.0,75,Clouds,667
2023-08-06 06:00:00,None,295.02,0.0,0.0,44,Clouds,1932
2023-08-06 07:00:00,None,296.48,0.0,0.0,12,Clear,2661
2023-08-06 08:00:00,None,295.18,0.0,0.0,14,Clear,4253
2023-08-06 09:00:00,None,301.63,0.0,0.0,0,Clear,4396
2023-08-06 10:00:00,None,296.82,3.29,0.0,67,Rain,3307
2023-08-06 11:00:00,None,308.84,0.0,0.0,47,Clouds,2634
2023-08-06 12:00:00,None,303.75,0.0,0.0,14,Clear,3231
2023-08-06 13:00:00,None,303.31,0.0,0.0,93,Clouds,2814
2023-08-06 14:00:00,None,307.83,0.0,0.0,12,Clear,2768
2023-08-06 15:00:00,None,304.58,0.82,0.0,62,Rain,4005
2023-08-06 16:00:00,None,304.86,0.0,0.0,72,Mist,3814
2023-08-06 17:00:00,None,299.69,0.0,0.0,41,Clouds,3344
2023-08-06 18:00:00,None,307.25,0.0,0.0,87,Clouds,3804
2023-08-06 19:00:00,None,308.95,0.0,0.0,12,Clear,1755
2023-08-06 20:00:00,None,300.61,0.0,0.0,5,Clear,2843
2023-08-06 21:00:00,None,302.82,0.0,0.0,11,Clear,1264
2023-08-06 22:00:00,None,301.87,0.0,0.0,65,Clouds,1258
2023-08-06 23:00:00,None,300.62,0.0,0.0,41,Clouds,228
2023-08-07 00:00:00,None,297.4,0.0,0.0,10,Clear,567
2023-08-07 01:00:00,None,293.2,0.0,0.0,10,Clear,613
2023-08-07 02:00:00,None,294.03,0.0,0.0,57,Clouds,480
2023-08-07 03:00:00,None,286.86,0.0,0.0,89,Clouds,1279
2023-08-07 04:00:00,None,294.86,0.0,0.0,96,Mist,837
2023-08-07 05:00:00,None,291.42,0.0,0.0,7,Clear,975
2023-08-07 06:00:00,None,297.36,0.0,0.0,93,Mist,3153
2023-08-07 07:00:00,None,298.52,0.73,0.0,65,Drizzle,4525
2023-08-07 08:00:00,None,301.73,0.0,0.0,10,Clear,5453
2023-08-07 09:00:00,None,304.78,0.0,0.0,1,Clear,6559
2023-08-07 10:00:00,None,301.34,0.0,0.0,65,Mist,3620
2023-08-07 11:00:00,None,301.92,0.0,3.69,61,Snow,4053
2023-08-07 12:00:00,None,308.77,0.0,0.0,79,Clouds,2983
2023-08-07 13:00:00,None,307.45,2.62,0.0,95,Rain,4596
2023-08-07 14:00:00,None,307.6,0.0,0.0,53,Clouds,4744
2023-08-07 15:00:00,None,305.32,0.0,0.0,68,Clouds,5806
2023-08-07 16:00:00,None,309.28,0.0,0.09,61,Snow,4692
2023-08-07 17:00:00,None,309.48,0.0,0.0,78,Clouds,4595
2023-08-07 18:00:00,None,300.05,0.29,0.0,61,Drizzle,4505
2023-08-07 19:00:00,None,302.76,0.0,0.0,95,Clouds,3295
2023-08-07 20:00:00,None,304.81,0.0,0.0,3,Clear,2790
2023-08-07 21:00:00,None,298.32,0.56,0.0,97,Drizzle,1425
2023-08-07 22:00:00,None,301.84,0.0,0.0,1,Clear,1793
2023-08-07 23:00:00,None,294.47,1.56,0.0,90,Rain,300
2023-08-08 00:00:00,None,297.21,0.0,2.43,68,Snow,150
2023-08-08 01:00:00,None,294.24,0.0,0.0,64,Clouds,150
2023-08-08 02:00:00,None,293.95,0.0,0.0,70,Clouds,628
2023-08-08 03:00:00,None,296.71,0.0,0.0,64,Clouds,453
2023-08-08 04:00:00,None,295.82,0.0,0.0,3,Clear,792
2023-08-08 05:00:00,None,301.34,4.8,0.0,75,Rain,1003
2023-08-08 06:00:00,None,296.07,0.0,0.0,51,Clouds,3936
2023-08-08 07:00:00,None,299.64,0.0,0.0,13,Clear,4991
2023-08-08 08:00:00,None,296.18,1.09,0.0,91,Drizzle,6293
2023-08-08 09:00:00,None,300.66,0.0,0.0,58,Clouds,6208
2023-08-08 10:00:00,None,300.07,1.31,0.0,66,Rain,4164
2023-08-08 11:00:00,None,301.68,0.0,0.0,91,Clouds,3268
2023-08-08 12:00:00,None,305.25,0.0,0.0,66,Clouds,4516
2023-08-08 13:00:00,None,298.23,0.98,0.0,65,Rain,4364
2023-08-08 14:00:00,None,308.92,0.0,0.0,60,Fog,2918
2023-08-08 15:00:00,None,304.17,0.0,0.0,2,Clear,5588
2023-08-08 16:00:00,None,303.97,0.0,0.0,51,Clouds,4940
2023-08-08 17:00:00,None,308.75,0.0,0.0,5,Clear,5115
2023-08-08 18:00:00,None,300.21,0.0,0.0,4,Clear,4211
2023-08-08 19:00:00,Columbus Day,303.66,0.0,0.0,2,Clear,1447
2023-08-08 20:00:00,None,304.22,0.0,0.0,76,Clouds,2399
2023-08-08 21:00:00,None,302.81,1.16,0.0,80,Rain,1348
2023-08-08 22:00:00,None,300.3,0.0,0.0,10,Clear,992
2023-08-08 23:00:00,Independence Day,296.3,0.0,0.0,73,Fog,425
2023-08-09 00:00:00,None,298.17,0.0,3.48,62,Snow,150
2023-08-09 01:00:00,None,296.39,0.91,0.0,73,Drizzle,150
2023-08-09 02:00:00,None,293.02,0.0,0.0,3,Clear,733
2023-08-09 03:00:00,None,297.74,0.0,0.0,12,Clear,596
2023-08-09 04:00:00,None,293.06,0.0,0.0,2,Clear,932
2023-08-09 05:00:00,None,297.62,0.0,0.0,6,Clear,955
2023-08-09 06:00:00,None,294.93,0.48,0.0,94,Drizzle,2971
2023-08-09 07:00:00,None,299.78,0.0,0.0,8,Clear,5074
2023-08-09 08:00:00,None,303.05,0.0,0.0,40,Clouds,5630
2023-08-09 09:00:00,None,304.54,0.0,0.0,52,Clouds,6403
2023-08-09 10:00:00,None,298.81,0.0,0.0,1,Clear,4346
2023-08-09 11:00:00,None,302.59,0.0,0.0,2,Clear,4773
2023-08-09 12:00:00,None,302.02,0.0,0.0,12,Clear,4909
2023-08-09 13:00:00,None,305.05,0.0,0.0,67,Mist,4068
2023-08-09 14:00:00,None,303.44,0.0,0.0,89,Clouds,3884
2023-08-09 15:00:00,None,306.27,1.15,0.0,80,Drizzle,6199
2023-08-09 16:00:00,None,300.13,0.0,0.0,95,Haze,5973
2023-08-09 17:00:00,None,306.75,0.93,0.0,84,Drizzle,4927
2023-08-09 18:00:00,None,309.77,0.0,0.0,68,Mist,4512
2023-08-09 19:00:00,None,304.43,0.0,0.0,59,Clouds,3656
2023-08-09 20:00:00,None,310.49,0.0,0.0,13,Clear,2749
2023-08-09 21:00:00,None,293.35,0.0,0.0,13,Clear,2374
2023-08-09 22:00:00,None,303.51,0.0,0.0,71,Clouds,1967
2023-08-09 23:00:00,None,299.23,1.41,0.0,68,Rain,150
2023-08-10 00:00:00,None,295.02,0.0,0.0,10,Clear,940
2023-08-10 01:00:00,None,290.98,0.0,0.39,76,Snow,401
2023-08-10 02:00:00,None,299.59,0.0,0.0,1,Clear,150
2023-08-10 03:00:00,None,295.85,0.0,0.0,76,Clouds,952
2023-08-10 04:00:00,None,292.02,0.0,0.0,6,Clear,1019
2023-08-10 05:00:00,None,300.6,0.0,0.0,3,Clear,403
2023-08-10 06:00:00,None,296.92,0.0,0.0,13,Clear,4129
2023-08-10 07:00:00,None,300.3,0.0,0.0,86,Clouds,4590
2023-08-10 08:00:00,None,296.26,0.0,0.0,13,Clear,5417
2023-08-10 09:00:00,None,298.03,0.0,0.0,10,Clear,6887
2023-08-10 10:00:00,None,300.06,0.0,0.0,66,Fog,3905
2023-08-10 11:00:00,None,301.93,0.0,0.0,47,Clouds,4109
2023-08-10 12:00:00,None,313.38,0.0,0.0,79,Clouds,3553
2023-08-10 13:00:00,None,308.25,0.0,0.0,92,Clouds,4675
2023-08-10 14:00:00,None,302.71,0.0,0.0,63,Clouds,3859
2023-08-10 15:00:00,None,306.74,4.26,0.0,75,Rain,5473
2023-08-10 16:00:00,None,305.32,2.93,0.0,96,Rain,5703
2023-08-10 17:00:00,None,305.22,0.0,0.0,13,Clear,5534
2023-08-10 18:00:00,None,304.45,0.21,0.0,98,Rain,5229
2023-08-10 19:00:00,None,304.91,0.0,0.0,2,Clear,3898
2023-08-10 20:00:00,None,298.11,0.0,0.0,64,Fog,2068
2023-08-10 21:00:00,None,296.5,0.0,0.0,6,Clear,2389
2023-08-10 22:00:00,None,299.93,0.67,0.0,80,Rain,1665
2023-08-10 23:00:00,None,300.3,0.0,0.0,1,Clear,1021
2023-08-11 00:00:00,None,297.97,0.0,0.0,52,Clouds,150
2023-08-11 01:00:00,None,308.24,0.0,0.0,12,Clear,819
2023-08-11 02:00:00,None,291.44,0.35,0.0,90,Drizzle,394
2023-08-11 03:00:00,None,296.88,0.0,0.0,88,Clouds,1004
2023-08-11 04:00:00,None,300.42,1.02,0.0,84,Drizzle,772
2023-08-11 05:00:00,None,295.5,0.0,0.0,14,Clear,750
2023-08-11 06:00:00,None,300.33,0.0,0.0,52,Clouds,2792
2023-08-11 07:00:00,Memorial Day,295.91,0.0,0.0,49,Clouds,2041
2023-08-11 08:00:00,None,304.65,0.0,0.0,6,Clear,6567
2023-08-11 09:00:00,None,302.95,2.4,0.0,72,Rain,6874
2023-08-11 10:00:00,Thanksgiving Day,300.41,0.0,0.0,6,Clear,2497
2023-08-11 11:00:00,None,303.93,3.03,0.0,91,Rain,3835
2023-08-11 12:00:00,None,307.42,0.0,0.0,4,Clear,3825
2023-08-11 13:00:00,Thanksgiving Day,306.39,0.0,0.0,10,Clear,1446
2023-08-11 14:00:00,None,306.61,0.0,0.0,58,Clouds,4110
2023-08-11 15:00:00,None,303.49,0.0,0.0,74,Clouds,6309
2023-08-11 16:00:00,None,305.07,0.0,0.0,5,Clear,5241
2023-08-11 17:00:00,None,308.98,0.0,0.0,2,Clear,5605
2023-08-11 18:00:00,None,305.06,0.0,0.0,73,Clouds,5014
2023-08-11 19:00:00,None,300.38,0.0,0.0,67,Fog,3012
2023-08-11 20:00:00,None,298.68,0.0,0.0,91,Clouds,2098
2023-08-11 21:00:00,None,300.75,0.0,0.0,10,Clear,1792
2023-08-11 22:00:00,None,301.16,0.0,0.0,89,Fog,1455
2023-08-11 23:00:00,None,298.64,2.86,0.0,95,Thunderstorm,214
2023-08-12 00:00:00,None,298.77,0.0,0.0,0,Clear,326
2023-08-12 01:00:00,None,295.56,0.0,0.0,5,Clear,343
2023-08-12 02:00:00,None,294.94,1.02,0.0,66,Thunderstorm,150
2023-08-12 03:00:00,None,300.85,3.21,0.0,71,Rain,150
2023-08-12 04:00:00,None,296.92,0.0,0.0,51,Clouds,631
2023-08-12 05:00:00,None,294.96,0.16,0.0,96,Drizzle,571
2023-08-12 06:00:00,None,297.73,0.0,0.0,95,Haze,2080
2023-08-12 07:00:00,None,292.92,0.0,0.72,68,Snow,2734
2023-08-12 08:00:00,None,296.79,0.0,0.0,4,Clear,3685
2023-08-12 09:00:00,None,298.42,0.0,0.0,79,Clouds,5074
2023-08-12 10:00:00,None,302.92,0.0,0.0,59,Clouds,2562
2023-08-12 11:00:00,None,300.27,0.0,0.35,81,Snow,3089
2023-08-12 12:00:00,None,307.99,0.0,0.0,72,Clouds,2796
2023-08-12 13:00:00,None,304.47,0.28,0.0,67,Drizzle,3001
2023-08-12 14:00:00,None,306.71,0.0,0.0,12,Clear,3220
2023-08-12 15:00:00,None,310.15,3.21,0.0,66,Rain,3938
2023-08-12 16:00:00,None,305.08,0.0,0.0,12,Clear,3902
2023-08-12 17:00:00,None,308.52,0.0,0.0,61,Clouds,4504
2023-08-12 18:00:00,None,303.15,0.0,0.0,60,Haze,3061
2023-08-12 19:00:00,None,299.77,0.0,0.0,81,Mist,2360
2023-08-12 20:00:00,None,299.68,0.0,1.13,71,Snow,1825
2023-08-12 21:00:00,None,302.21,1.81,0.0,63,Rain,876
2023-08-12 22:00:00,None,298.82,2.85,0.0,76,Thunderstorm,1315
2023-08-12 23:00:00,None,297.22,0.0,0.0,1,Clear,609
2023-08-13 00:00:00,None,302.28,0.0,0.0,95,Haze,185
2023-08-13 01:00:00,None,290.43,0.0,0.0,78,Clouds,273
2023-08-13 02:00:00,None,297.63,0.0,0.0,76,Mist,150
2023-08-13 03:00:00,None,294.98,0.0,0.0,61,Mist,263
2023-08-13 04:00:00,None,294.53,0.0,0.0,5,Clear,762
2023-08-13 05:00:00,None,294.96,0.0,0.0,90,Clouds,408
2023-08-13 06:00:00,None,298.25,0.0,0.0,5,Clear,2185
2023-08-13 07:00:00,None,301.25,0.0,0.0,7,Clear,3127
2023-08-13 08:00:00,None,298.86,0.0,0.0,68,Fog,3654
2023-08-13 09:00:00,None,301.75,0.0,0.0,4,Clear,5015
2023-08-13 10:00:00,None,299.66,0.0,0.0,93,Clouds,2802
2023-08-13 11:00:00,None,304.6,0.0,0.0,6,Clear,3043
2023-08-13 12:00:00,None,308.05,0.97,0.0,88,Rain,3337
2023-08-13 13:00:00,None,303.47,0.0,0.0,14,Clear,3081
2023-08-13 14:00:00,None,298.46,0.0,0.0,51,Clouds,2868
2023-08-13 15:00:00,None,314.07,0.0,0.0,72,Clouds,4416
2023-08-13 16:00:00,None,303.31,0.0,0.0,59,Clouds,4147
2023-08-13 17:00:00,None,308.03,0.0,0.0,73,Clouds,3620
2023-08-13 18:00:00,None,305.31,0.11,0.0,94,Drizzle,3320
2023-08-13 19:00:00,None,308.86,0.0,0.0,49,Clouds,1680
2023-08-13 20:00:00,None,304.89,0.0,0.0,91,Fog,1203
2023-08-13 21:00:00,None,301.56,0.0,0.0,50,Clouds,1308
2023-08-13 22:00:00,None,304.29,0.0,3.33,70,Snow,780
2023-08-13 23:00:00,None,296.95,0.0,0.0,6,Clear,945
2023-08-14 00:00:00,None,295.72,0.0,0.0,57,Clouds,150
2023-08-14 01:00:00,None,299.61,0.0,2.95,80,Snow,293
2023-08-14 02:00:00,None,297.64,0.0,0.13,90,Snow,150
2023-08-14 03:00:00,None,292.44,0.38,0.0,70,Rain,389
2023-08-14 04:00:00,None,292.79,0.0,0.0,96,Clouds,150
2023-08-14 05:00:00,None,298.87,0.0,0.0,12,Clear,1281
2023-08-14 06:00:00,None,300.27,0.81,0.0,82,Rain,3704
2023-08-14 07:00:00,None,297.4,0.0,0.0,6,Clear,3878
2023-08-14 08:00:00,None,298.14,0.0,0.0,0,Clear,5863
2023-08-14 09:00:00,None,304.41,5.92,0.0,77,Rain,5771
2023-08-14 10:00:00,None,304.97,0.0,0.0,13,Clear,4621
2023-08-14 11:00:00,None,308.89,0.0,0.0,8,Clear,3836
2023-08-14 12:00:00,None,301.7,0.0,0.0,11,Clear,4583
2023-08-14 13:00:00,None,307.47,0.0,0.0,60,Clouds,4768
2023-08-14 14:00:00,None,307.95,0.0,0.0,60,Clouds,3480
2023-08-14 15:00:00,None,309.27,0.0,0.0,57,Clouds,5756
2023-08-14 16:00:00,None,302.26,0.0,0.0,93,Mist,5344
2023-08-14 17:00:00,None,303.13,0.0,0.0,7,Clear,5246
2023-08-14 18:00:00,None,306.31,0.0,0.0,9,Clear,4145
2023-08-14 19:00:00,None,305.98,0.0,0.0,90,Fog,2485
2023-08-14 20:00:00,None,306.17,0.0,0.0,66,Clouds,2649
2023-08-14 21:00:00,None,297.66,0.0,0.0,8,Clear,1732
2023-08-14 22:00:00,None,297.16,0.0,0.0,80,Clouds,1783
2023-08-14 23:00:00,None,294.67,0.0,0.0,83,Clouds,452
2023-08-15 00:00:00,None,301.66,0.0,0.0,42,Clouds,355
2023-08-15 01:00:00,None,294.61,1.07,0.0,65,Thunderstorm,220
2023-08-15 02:00:00,None,293.68,0.0,0.0,10,Clear,550
2023-08-15 03:00:00,None,299.95,0.0,0.0,44,Clouds,150
2023-08-15 04:00:00,None,299.7,0.0,0.0,0,Clear,1089
2023-08-15 05:00:00,Labor Day,301.41,0.0,0.0,9,Clear,775
2023-08-15 06:00:00,None,297.55,0.12,0.0,91,Rain,3187
2023-08-15 07:00:00,None,296.34,0.0,0.0,3,Clear,5000
2023-08-15 08:00:00,Memorial Day,301.47,0.0,0.0,72,Clouds,1897
2023-08-15 09:00:00,None,298.69,0.0,0.0,56,Clouds,6885
2023-08-15 10:00:00,None,300.58,1.12,0.0,64,Drizzle,3916
2023-08-15 11:00:00,None,301.37,0.0,0.0,61,Clouds,4256
2023-08-15 12:00:00,None,308.27,0.0,0.0,2,Clear,4907
2023-08-15 13:00:00,None,309.33,0.0,0.0,2,Clear,4473
2023-08-15 14:00:00,None,304.15,0.0,0.0,0,Clear,3990
2023-08-15 15:00:00,None,309.96,0.0,0.0,90,Clouds,6501
2023-08-15 16:00:00,None,305.02,0.0,0.0,1,Clear,5006
2023-08-15 17:00:00,None,308.22,0.0,0.0,1,Clear,5534
2023-08-15 18:00:00,None,301.15,0.0,0.0,6,Clear,4896
2023-08-15 19:00:00,None,301.59,0.0,0.0,41,Clouds,3562
2023-08-15 20:00:00,None,298.84,0.0,0.0,3,Clear,2764
2023-08-15 21:00:00,None,295.99,5.5,0.0,61,Rain,2008
2023-08-15 22:00:00,None,304.61,0.0,0.0,3,Clear,2001
2023-08-15 23:00:00,None,304.41,0.0,0.0,4,Clear,1119
2023-08-16 00:00:00,None,296.15,0.0,0.0,86,Clouds,477
2023-08-16 01:00:00,None,293.09,0.92,0.0,88,Drizzle,781
2023-08-16 02:00:00,None,296.5,0.0,2.23,93,Snow,423
2023-08-16 03:00:00,None,299.37,2.81,0.0,97,Rain,206
2023-08-16 04:00:00,None,297.79,0.0,0.0,72,Mist,482
2023-08-16 05:00:00,None,300.06,0.0,0.0,9,Clear,683
2023-08-16 06:00:00,None,303.54,0.0,0.0,89,Fog,3113
2023-08-16 07:00:00,None,303.86,2.08,0.0,72,Rain,4533
2023-08-16 08:00:00,None,302.04,0.0,0.0,13,Clear,5842
2023-08-16 09:00:00,None,302.48,0.0,0.0,1,Clear,6708
2023-08-16 10:00:00,None,299.79,0.0,0.0,9,Clear,4089
2023-08-16 11:00:00,None,303.7,0.0,0.0,2,Clear,4756
2023-08-16 12:00:00,None,302.02,0.0,0.0,5,Clear,4055
2023-08-16 13:00:00,None,305.02,0.0,0.0,75,Clouds,4431
2023-08-16 14:00:00,None,303.32,0.0,0.0,7,Clear,4029
2023-08-16 15:00:00,None,304.34,0.0,0.0,10,Clear,6228
2023-08-16 16:00:00,None,308.93,0.0,0.0,3,Clear,5467
2023-08-16 17:00:00,Christmas Day,310.24,0.47,0.0,92,Drizzle,2315
2023-08-16 18:00:00,None,301.72,0.0,0.0,8,Clear,5152
2023-08-16 19:00:00,None,304.39,0.0,0.0,2,Clear,3213
2023-08-16 20:00:00,None,299.47,0.0,0.0,62,Clouds,2168
2023-08-16 21:00:00,None,299.75,0.4,0.0,76,Rain,2030
2023-08-16 22:00:00,None,297.1,0.0,0.0,51,Clouds,1005
2023-08-16 23:00:00,None,300.42,0.51,0.0,66,Drizzle,541
2023-08-17 00:00:00,None,292.68,0.0,0.0,10,Clear,181
2023-08-17 01:00:00,None,297.64,0.0,0.0,11,Clear,269
2023-08-17 02:00:00,None,297.5,0.0,0.0,95,Clouds,608
2023-08-17 03:00:00,None,295.54,0.0,0.0,63,Fog,261
2023-08-17 04:00:00,None,294.17,0.0,0.0,8,Clear,1235
2023-08-17 05:00:00,None,297.93,0.0,0.0,79,Clouds,1176
2023-08-17 06:00:00,None,298.08,0.0,0.0,62,Clouds,3802
2023-08-17 07:00:00,None,296.34,0.0,0.0,7,Clear,5233
2023-08-17 08:00:00,None,301.68,0.0,0.0,2,Clear,5512
2023-08-17 09:00:00,None,302.87,0.0,0.0,7,Clear,7200
2023-08-17 10:00:00,None,303.2,1.17,0.0,60,Rain,3551
2023-08-17 11:00:00,None,305.06,0.0,0.0,9,Clear,4055
2023-08-17 12:00:00,None,301.37,0.0,0.0,9,Clear,4376
2023-08-17 13:00:00,None,303.72,0.0,0.0,11,Clear,4464
2023-08-17 14:00:00,None,302.2,0.0,0.0,64,Clouds,3635
2023-08-17 15:00:00,None,306.55,0.0,0.0,12,Clear,5972
2023-08-17 16:00:00,None,304.92,0.0,0.0,77,Clouds,5083
2023-08-17 17:00:00,None,303.78,0.0,0.0,58,Clouds,5070
2023-08-17 18:00:00,None,301.55,0.0,0.0,2,Clear,4652
2023-08-17 19:00:00,None,303.45,0.0,0.0,86,Clouds,3211
2023-08-17 20:00:00,None,300.56,0.74,0.0,80,Rain,2128
2023-08-17 21:00:00,None,307.78,0.0,0.0,12,Clear,1759
2023-08-17 22:00:00,None,301.66,0.0,0.0,10,Clear,1149
2023-08-17 23:00:00,None,297.5,0.94,0.0,67,Drizzle,1116
2023-08-18 00:00:00,None,296.04,0.0,4.3,87,Snow,729
2023-08-18 01:00:00,None,297.5,0.0,0.0,5,Clear,355
2023-08-18 02:00:00,None,295.98,0.0,0.0,10,Clear,882
2023-08-18 03:00:00,None,298.29,0.0,0.0,4,Clear,440
2023-08-18 04:00:00,None,300.37,0.0,0.0,3,Clear,924
2023-08-18 05:00:00,None,298.83,0.0,0.0,11,Clear,150
2023-08-18 06:00:00,None,301.67,0.0,0.0,13,Clear,3382
2023-08-18 07:00:00,None,297.26,0.0,0.0,12,Clear,4526
2023-08-18 08:00:00,None,299.21,0.0,0.0,54,Clouds,5011
2023-08-18 09:00:00,None,296.7,0.0,0.0,0,Clear,6817
2023-08-18 10:00:00,None,303.06,0.0,0.0,12,Clear,3800
2023-08-18 11:00:00,Memorial Day,301.99,0.0,0.0,4,Clear,2264
2023-08-18 12:00:00,None,305.25,0.0,0.0,2,Clear,4140
2023-08-18 13:00:00,Columbus Day,305.36,0.0,0.0,46,Clouds,2035
2023-08-18 14:00:00,None,305.82,0.0,0.0,6,Clear,4427
2023-08-18 15:00:00,None,301.77,0.0,0.0,74,Clouds,5891
2023-08-18 16:00:00,None,305.26,0.0,0.0,93,Clouds,5658
2023-08-18 17:00:00,None,304.39,0.0,0.0,89,Clouds,4796
2023-08-18 18:00:00,None,300.49,0.0,0.0,88,Clouds,4258
2023-08-18 19:00:00,None,294.47,0.42,0.0,61,Drizzle,3101
2023-08-18 20:00:00,None,301.08,0.0,0.0,10,Clear,2984
2023-08-18 21:00:00,None,298.69,0.0,0.0,41,Clouds,1947
2023-08-18 22:00:00,None,299.39,0.0,0.0,1,Clear,2117
2023-08-18 23:00:00,None,305.1,0.0,0.0,10,Clear,615
2023-08-19 00:00:00,None,291.67,0.96,0.0,99,Drizzle,150
2023-08-19 01:00:00,None,297.14,0.0,0.0,93,Clouds,496
2023-08-19 02:00:00,None,296.84,0.0,0.0,94,Clouds,533
2023-08-19 03:00:00,None,294.62,0.0,0.0,70,Clouds,154
2023-08-19 04:00:00,None,296.91,0.0,0.0,7,Clear,1155
2023-08-19 05:00:00,None,296.09,0.76,0.0,92,Rain,335
2023-08-19 06:00:00,None,295.4,0.0,0.0,1,Clear,2076
2023-08-19 07:00:00,None,299.09,0.0,0.0,6,Clear,1988
2023-08-19 08:00:00,None,298.28,0.0,0.0,62,Clouds,3525
2023-08-19 09:00:00,Veterans Day,304.12,0.0,0.0,5,Clear,2569
2023-08-19 10:00:00,None,302.22,0.0,0.0,14,Clear,2372
2023-08-19 11:00:00,None,307.77,0.0,0.0,0,Clear,2380
2023-08-19 12:00:00,None,308.23,0.0,0.0,95,Clouds,2109
2023-08-19 13:00:00,None,306.3,0.0,0.0,41,Clouds,3333
2023-08-19 14:00:00,None,307.81,0.0,0.0,3,Clear,2287
2023-08-19 15:00:00,None,303.1,0.0,0.0,54,Clouds,4230
2023-08-19 16:00:00,None,297.1,0.25,0.0,86,Drizzle,4852
2023-08-19 17:00:00,None,305.71,0.0,0.0,90,Clouds,3222
2023-08-19 18:00:00,None,304.01,0.0,0.0,9,Clear,3576
2023-08-19 19:00:00,None,300.67,0.0,0.0,10,Clear,1968
2023-08-19 20:00:00,None,303.02,0.48,0.0,70,Thunderstorm,1011
2023-08-19 21:00:00,None,302.61,3.92,0.0,71,Rain,1286
2023-08-19 22:00:00,None,300.23,0.0,0.0,98,Clouds,1279
2023-08-19 23:00:00,None,297.59,0.0,0.0,10,Clear,776
2023-08-20 00:00:00,None,298.28,0.0,0.83,84,Snow,393
2023-08-20 01:00:00,None,294.89,0.0,0.0,1,Clear,150
2023-08-20 02:00:00,None,294.79,0.0,0.0,60,Clouds,150
2023-08-20 03:00:00,None,298.41,4.86,0.0,95,Rain,687
2023-08-20 04:00:00,None,296.83,0.0,0.0,11,Clear,1753
2023-08-20 05:00:00,None,297.05,0.0,0.0,90,Clouds,944
2023-08-20 06:00:00,None,299.15,0.0,0.0,50,Clouds,2290
2023-08-20 07:00:00,None,297.62,1.03,0.0,99,Drizzle,3539
2023-08-20 08:00:00,None,297.95,0.0,0.0,88,Clouds,3712
2023-08-20 09:00:00,None,297.01,0.0,0.0,9,Clear,4569
2023-08-20 10:00:00,None,304.79,0.0,0.0,7,Clear,2746
2023-08-20 11:00:00,None,299.91,0.0,0.0,4,Clear,2393
2023-08-20 12:00:00,None,305.86,0.0,0.0,85,Clouds,2924
2023-08-20 13:00:00,None,303.89,0.0,0.0,0,Clear,2281
2023-08-20 14:00:00,None,305.07,0.0,0.0,4,Clear,3038
2023-08-20 15:00:00,None,306.99,0.0,0.0,62,Fog,3139
2023-08-20 16:00:00,None,301.83,0.0,0.0,2,Clear,3698
2023-08-20 17:00:00,None,308.85,0.0,0.0,97,Clouds,3502
2023-08-20 18:00:00,None,307.49,1.04,0.0,64,Rain,2715
2023-08-20 19:00:00,None,303.65,0.0,0.0,95,Clouds,1305
2023-08-20 20:00:00,None,303.99,0.0,0.0,60,Clouds,2241
2023-08-20 21:00:00,None,293.65,1.15,0.0,73,Drizzle,1125
2023-08-20 22:00:00,None,298.38,0.0,0.0,90,Clouds,1188
2023-08-20 23:00:00,None,298.71,6.29,0.0,87,Thunderstorm,562
2023-08-21 00:00:00,None,299.05,0.0,0.37,89,Snow,408
2023-08-21 01:00:00,None,299.82,0.0,0.0,57,Clouds,150
2023-08-21 02:00:00,None,287.33,0.0,0.0,3,Clear,150
2023-08-21 03:00:00,None,296.91,0.0,0.0,2,Clear,762
2023-08-21 04:00:00,None,296.36,0.0,0.0,5,Clear,304
2023-08-21 05:00:00,None,297.29,0.0,0.0,43,Clouds,1045
2023-08-21 06:00:00,None,299.04,0.0,0.0,84,Clouds,3605
2023-08-21 07:00:00,None,297.75,0.0,0.0,7,Clear,4827
2023-08-21 08:00:00,None,299.52,0.0,0.0,94,Mist,6141
2023-08-21 09:00:00,None,299.88,0.0,0.0,12,Clear,6626
2023-08-21 10:00:00,None,303.0,0.69,0.0,81,Drizzle,4223
2023-08-21 11:00:00,None,305.91,0.0,0.0,10,Clear,4327
2023-08-21 12:00:00,None,302.54,0.0,0.0,76,Clouds,3389
2023-08-21 13:00:00,Christmas Day,297.77,0.0,0.0,6,Clear,2351
2023-08-21 14:00:00,None,307.17,0.0,0.0,88,Clouds,3773
2023-08-21 15:00:00,None,305.38,0.4,0.0,66,Rain,6183
2023-08-21 16:00:00,None,306.29,0.0,0.0,40,Clouds,5843
2023-08-21 17:00:00,None,308.34,0.33,0.0,88,Rain,4713
2023-08-21 18:00:00,None,306.67,0.0,0.0,71,Clouds,4636
2023-08-21 19:00:00,None,300.47,0.63,0.0,76,Rain,2699
2023-08-21 20:00:00,None,304.37,0.0,0.0,11,Clear,2136
2023-08-21 21:00:00,None,299.68,1.36,0.0,63,Rain,2074
2023-08-21 22:00:00,None,297.47,0.0,0.0,90,Fog,1549
2023-08-21 23:00:00,None,297.58,0.0,0.0,3,Clear,260
2023-08-22 00:00:00,None,297.39,0.0,0.0,3,Clear,178
2023-08-22 01:00:00,None,294.48,10.88,0.0,64,Rain,1260
2023-08-22 02:00:00,None,293.02,0.0,0.0,1,Clear,806
2023-08-22 03:00:00,None,297.42,0.0,0.0,80,Clouds,638
2023-08-22 04:00:00,None,294.75,0.0,0.0,66,Mist,673
2023-08-22 05:00:00,None,297.4,0.0,0.0,5,Clear,680
2023-08-22 06:00:00,None,297.47,0.0,0.0,45,Clouds,4052
2023-08-22 07:00:00,None,297.5,0.0,0.0,3,Clear,4854
2023-08-22 08:00:00,None,304.84,0.0,0.0,40,Clouds,5522
2023-08-22 09:00:00,None,301.7,0.0,0.0,92,Clouds,6981
2023-08-22 10:00:00,None,303.64,0.0,0.0,2,Clear,4218
2023-08-22 11:00:00,None,301.26,0.54,0.0,76,Rain,4227
2023-08-22 12:00:00,None,303.0,0.0,0.0,12,Clear,4613
2023-08-22 13:00:00,None,310.6,0.0,0.0,5,Clear,3503
2023-08-22 14:00:00,None,307.78,0.0,0.0,1,Clear,3609
2023-08-22 15:00:00,None,308.38,0.0,0.0,4,Clear,5778
2023-08-22 16:00:00,None,305.69,0.0,0.0,89,Clouds,6519
2023-08-22 17:00:00,None,302.77,0.0,0.0,99,Mist,5260
2023-08-22 18:00:00,None,310.3,1.75,0.0,73,Rain,4698
2023-08-22 19:00:00,None,298.32,0.0,0.0,84,Fog,3128
2023-08-22 20:00:00,None,302.43,0.0,0.0,82,Clouds,2524
2023-08-22 21:00:00,None,302.98,0.55,0.0,92,Thunderstorm,1841
2023-08-22 22:00:00,None,297.06,0.0,0.0,68,Clouds,1365
2023-08-22 23:00:00,None,301.72,0.0,0.0,12,Clear,1334
2023-08-23 00:00:00,None,298.57,0.0,0.0,7,Clear,297
2023-08-23 01:00:00,None,295.8,0.36,0.0,79,Drizzle,150
2023-08-23 02:00:00,None,299.91,0.0,0.0,75,Mist,854
2023-08-23 03:00:00,None,293.4,0.0,3.01,71,Snow,952
2023-08-23 04:00:00,None,294.72,0.0,0.0,87,Mist,1371
2023-08-23 05:00:00,None,295.44,0.0,0.0,84,Clouds,415
2023-08-23 06:00:00,None,296.84,0.0,0.0,84,Clouds,3593
2023-08-23 07:00:00,None,302.88,0.0,0.0,13,Clear,4408
2023-08-23 08:00:00,None,305.88,0.0,10.77,98,Snow,4902
2023-08-23 09:00:00,None,298.3,1.14,0.0,62,Rain,6897
2023-08-23 10:00:00,None,305.92,0.0,0.0,78,Mist,4310
2023-08-23 11:00:00,None,305.63,0.0,0.0,50,Clouds,4623
2023-08-23 12:00:00,None,302.15,0.0,0.0,62,Clouds,4267
2023-08-23 13:00:00,None,311.85,0.47,0.0,95,Drizzle,4519
2023-08-23 14:00:00,None,307.5,0.0,0.0,84,Fog,3624
2023-08-23 15:00:00,None,306.92,0.0,0.0,12,Clear,5692
2023-08-23 16:00:00,None,302.11,0.0,0.0,42,Clouds,5096
2023-08-23 17:00:00,None,310.34,0.0,0.0,3,Clear,5396
2023-08-23 18:00:00,None,310.35,0.0,0.0,7,Clear,5560
2023-08-23 19:00:00,None,305.31,0.0,0.0,11,Clear,2886
2023-08-23 20:00:00,None,307.17,0.0,0.0,99,Clouds,3033
2023-08-23 21:00:00,None,298.43,0.0,0.0,78,Clouds,1854
2023-08-23 22:00:00,None,301.87,0.69,0.0,72,Rain,1457
2023-08-23 23:00:00,None,296.98,0.0,0.0,14,Clear,387
2023-08-24 00:00:00,None,294.59,0.04,0.0,64,Rain,461
2023-08-24 01:00:00,None,298.0,0.0,0.0,71,Mist,220
2023-08-24 02:00:00,None,298.87,0.0,0.0,14,Clear,150
2023-08-24 03:00:00,None,291.28,0.0,0.0,45,Clouds,549
2023-08-24 04:00:00,None,297.07,0.0,0.0,4,Clear,412
2023-08-24 05:00:00,None,292.77,0.0,0.0,43,Clouds,547
2023-08-24 06:00:00,None,290.42,0.0,0.0,7,Clear,2961
2023-08-24 07:00:00,None,293.49,0.0,0.0,2,Clear,4644
2023-08-24 08:00:00,None,295.16,0.0,0.0,79,Mist,5319
2023-08-24 09:00:00,None,301.8,0.0,0.0,9,Clear,6721
2023-08-24 10:00:00,None,300.02,0.0,0.0,9,Clear,4702
2023-08-24 11:00:00,None,302.73,0.0,0.0,13,Clear,3780
2023-08-24 12:00:00,None,307.28,2.17,0.0,85,Rain,4053
2023-08-24 13:00:00,None,304.76,0.0,0.0,89,Clouds,3944
2023-08-24 14:00:00,None,302.33,0.0,0.0,13,Clear,4764
2023-08-24 15:00:00,None,309.1,0.89,0.0,85,Drizzle,5976
2023-08-24 16:00:00,None,309.71,0.0,0.0,10,Clear,5553
2023-08-24 17:00:00,None,309.06,0.0,0.0,65,Mist,4624
2023-08-24 18:00:00,Independence Day,303.99,0.0,0.0,98,Mist,1602
2023-08-24 19:00:00,None,297.96,0.0,0.0,58,Clouds,3432
2023-08-24 20:00:00,None,296.98,0.0,0.0,0,Clear,2425
2023-08-24 21:00:00,None,297.26,0.69,0.0,91,Drizzle,1961
2023-08-24 22:00:00,None,295.86,0.0,0.0,78,Clouds,1082
2023-08-24 23:00:00,None,298.52,1.11,0.0,70,Rain,1029
2023-08-25 00:00:00,None,300.89,0.0,0.12,66,Snow,463
2023-08-25 01:00:00,None,302.76,0.0,0.0,88,Clouds,752
2023-08-25 02:00:00,None,297.58,0.0,0.0,2,Clear,1294
2023-08-25 03:00:00,None,297.22,0.0,0.0,14,Clear,700
2023-08-25 04:00:00,None,294.86,0.0,0.0,74,Clouds,943
2023-08-25 05:00:00,None,297.99,0.0,0.0,2,Clear,815
2023-08-25 06:00:00,None,297.97,0.0,0.0,6,Clear,4011
2023-08-25 07:00:00,None,302.28,0.0,0.0,2,Clear,5335
2023-08-25 08:00:00,None,297.41,0.0,0.0,3,Clear,5848
2023-08-25 09:00:00,None,305.0,0.0,0.0,55,Clouds,7200
2023-08-25 10:00:00,None,302.82,0.0,0.0,78,Clouds,4618
2023-08-25 11:00:00,None,307.01,0.0,2.96,87,Snow,3567
2023-08-25 12:00:00,None,302.97,0.0,0.0,3,Clear,3813
2023-08-25 13:00:00,None,308.22,0.0,0.0,67,Fog,3612
2023-08-25 14:00:00,None,310.03,1.83,0.0,63,Rain,4062
2023-08-25 15:00:00,None,305.78,1.45,0.0,98,Rain,5078
2023-08-25 16:00:00,None,310.07,0.0,0.0,74,Haze,5146
2023-08-25 17:00:00,Labor Day,306.39,0.33,0.0,65,Rain,2499
2023-08-25 18:00:00,None,306.43,0.0,0.0,72,Clouds,4404
2023-08-25 19:00:00,None,307.25,2.51,0.0,97,Rain,2851
2023-08-25 20:00:00,None,304.26,0.0,0.0,8,Clear,2971
2023-08-25 21:00:00,None,298.78,0.0,0.0,1,Clear,2207
2023-08-25 22:00:00,None,300.22,0.0,0.0,93,Clouds,980
2023-08-25 23:00:00,None,301.01,2.58,0.0,69,Rain,919
2023-08-26 00:00:00,None,295.07,0.0,0.0,47,Clouds,490
2023-08-26 01:00:00,None,288.59,1.21,0.0,94,Thunderstorm,943
2023-08-26 02:00:00,None,295.19,0.0,0.0,93,Clouds,150
2023-08-26 03:00:00,None,293.26,0.0,0.0,12,Clear,720
2023-08-26 04:00:00,None,295.26,0.0,0.0,11,Clear,1213
2023-08-26 05:00:00,None,295.83,0.0,1.61,71,Snow,150
2023-08-26 06:00:00,None,298.98,0.0,0.0,70,Clouds,2991
2023-08-26 07:00:00,None,299.46,0.0,0.0,74,Clouds,3154
2023-08-26 08:00:00,None,300.26,0.0,0.0,78,Mist,3446
2023-08-26 09:00:00,None,306.23,0.0,0.0,10,Clear,4852
2023-08-26 10:00:00,None,300.12,0.48,0.0,90,Drizzle,3796
2023-08-26 11:00:00,None,299.28,7.39,0.0,96,Rain,2170
2023-08-26 12:00:00,None,302.15,0.0,0.0,75,Clouds,2715
2023-08-26 13:00:00,None,306.83,4.77,0.0,80,Rain,2795
2023-08-26 14:00:00,None,304.22,1.32,0.0,64,Rain,3551
2023-08-26 15:00:00,None,303.51,0.0,0.0,86,Fog,3156
2023-08-26 16:00:00,None,307.9,0.8,0.0,94,Rain,2580
2023-08-26 17:00:00,None,304.2,0.0,0.0,71,Clouds,3704
2023-08-26 18:00:00,None,302.6,0.0,0.0,5,Clear,3550
2023-08-26 19:00:00,None,298.44,0.0,0.0,71,Rain,1907
2023-08-26 20:00:00,None,306.48,0.0,0.0,95,Clouds,1586
2023-08-26 21:00:00,None,298.28,0.0,0.0,74,Clouds,695
2023-08-26 22:00:00,None,296.15,0.0,0.0,13,Clear,1561
2023-08-26 23:00:00,None,300.06,0.0,0.0,83,Clouds,979
2023-08-27 00:00:00,None,295.38,0.0,0.0,11,Clear,171
2023-08-27 01:00:00,None,293.15,6.0,0.0,82,Rain,815
2023-08-27 02:00:00,None,303.07,0.0,0.0,11,Clear,871
2023-08-27 03:00:00,None,293.62,0.0,0.0,7,Clear,901
2023-08-27 04:00:00,None,295.78,0.0,1.57,95,Snow,572
2023-08-27 05:00:00,None,297.96,0.0,0.0,60,Clouds,813
2023-08-27 06:00:00,None,297.3,0.0,0.0,9,Clear,1371
2023-08-27 07:00:00,None,299.53,3.68,0.0,78,Rain,3216
2023-08-27 08:00:00,None,299.17,0.0,0.0,5,Clear,3492
2023-08-27 09:00:00,None,305.31,0.0,0.0,95,Clouds,4048
2023-08-27 10:00:00,None,303.49,0.0,0.0,4,Clear,2710
2023-08-27 11:00:00,None,307.4,0.0,0.0,2,Clear,2781
2023-08-27 12:00:00,None,301.45,0.0,0.0,60,Fog,2435
2023-08-27 13:00:00,None,305.01,0.0,0.0,13,Clear,2667
2023-08-27 14:00:00,None,307.52,0.0,0.0,53,Clouds,2866
2023-08-27 15:00:00,None,304.08,0.0,0.0,71,Fog,3583
2023-08-27 16:00:00,None,303.72,0.0,0.0,7,Clear,3839
2023-08-27 17:00:00,None,303.58,0.0,0.0,6,Clear,3490
2023-08-27 18:00:00,None,304.02,0.0,0.0,75,Fog,3826
2023-08-27 19:00:00,Christmas Day,302.56,0.0,0.0,14,Clear,1421
2023-08-27 20:00:00,None,306.23,0.0,0.0,66,Clouds,1806
2023-08-27 21:00:00,None,301.69,0.0,0.51,87,Snow,1466
2023-08-27 22:00:00,Columbus Day,295.12,0.0,0.0,48,Clouds,491
2023-08-27 23:00:00,None,297.14,0.0,0.0,8,Clear,150
2023-08-28 00:00:00,None,297.57,1.55,0.0,72,Rain,610
2023-08-28 01:00:00,None,299.13,0.0,0.0,96,Mist,431
2023-08-28 02:00:00,None,295.6,0.0,0.0,81,Clouds,461
2023-08-28 03:00:00,None,297.1,0.0,0.0,44,Clouds,861
2023-08-28 04:00:00,None,297.45,0.0,0.0,9,Clear,759
2023-08-28 05:00:00,None,294.61,0.0,0.0,73,Clouds,718
2023-08-28 06:00:00,None,297.39,0.0,0.0,8,Clear,3526
2023-08-28 07:00:00,None,297.15,0.0,0.0,8,Clear,5042
2023-08-28 08:00:00,None,297.91,0.0,0.0,79,Clouds,5546
2023-08-28 09:00:00,None,307.78,0.0,1.23,60,Snow,6188
2023-08-28 10:00:00,None,305.13,0.0,0.0,2,Clear,4230
2023-08-28 11:00:00,None,308.0,1.94,0.0,75,Rain,3902
2023-08-28 12:00:00,None,304.05,0.0,0.0,52,Clouds,4001
2023-08-28 13:00:00,None,308.49,0.0,0.44,63,Snow,3980
2023-08-28 14:00:00,None,306.64,1.61,0.0,72,Rain,4319
2023-08-28 15:00:00,None,305.0,0.0,0.0,83,Mist,5824
2023-08-28 16:00:00,None,305.64,1.09,0.0,67,Rain,6058
2023-08-28 17:00:00,None,302.89,0.0,0.0,48,Clouds,5660
2023-08-28 18:00:00,None,305.14,0.0,0.0,9,Clear,4186
2023-08-28 19:00:00,None,303.9,0.0,0.0,70,Clouds,3429
2023-08-28 20:00:00,None,298.58,0.0,0.0,12,Clear,2405
2023-08-28 21:00:00,None,301.57,0.0,0.0,9,Clear,2021
2023-08-28 22:00:00,None,306.68,0.0,0.0,9,Clear,1291
2023-08-28 23:00:00,None,300.17,0.0,0.0,6,Clear,1061
2023-08-29 00:00:00,None,298.04,0.0,0.0,8,Clear,150
2023-08-29 01:00:00,None,296.6,0.0,0.0,1,Clear,247
2023-08-29 02:00:00,None,293.45,0.0,0.0,6,Clear,150
2023-08-29 03:00:00,None,299.44,0.0,0.0,14,Clear,150
2023-08-29 04:00:00,None,292.28,0.0,0.0,74,Clouds,956
2023-08-29 05:00:00,None,297.72,0.0,0.0,63,Mist,1162
2023-08-29 06:00:00,None,298.6,0.09,0.0,87,Rain,2474
2023-08-29 07:00:00,None,298.26,0.0,0.0,7,Clear,4580
2023-08-29 08:00:00,None,297.98,0.0,0.0,9,Clear,5262
2023-08-29 09:00:00,None,298.34,0.0,0.0,9,Clear,7017
2023-08-29 10:00:00,None,301.69,0.0,0.0,44,Clouds,3656
2023-08-29 11:00:00,None,306.81,0.0,0.0,61,Clouds,4454
2023-08-29 12:00:00,None,301.74,0.0,0.0,8,Clear,3830
2023-08-29 13:00:00,None,303.2,0.0,0.0,13,Clear,4291
2023-08-29 14:00:00,None,304.47,0.0,0.0,0,Clear,4273
2023-08-29 15:00:00,None,305.01,0.0,0.0,70,Clouds,6561
2023-08-29 16:00:00,None,308.32,0.0,0.0,10,Clear,5428
2023-08-29 17:00:00,None,304.86,0.0,0.0,2,Clear,4734
2023-08-29 18:00:00,None,305.14,0.0,0.0,86,Haze,4154
2023-08-29 19:00:00,None,306.22,0.0,0.0,94,Clouds,3641
2023-08-29 20:00:00,None,302.35,0.0,0.72,69,Snow,1823
2023-08-29 21:00:00,None,306.0,0.0,0.0,10,Clear,2274
2023-08-29 22:00:00,None,298.35,1.11,0.0,68,Drizzle,1281
2023-08-29 23:00:00,None,294.28,0.62,0.0,88,Drizzle,977
2023-08-30 00:00:00,None,295.85,0.0,0.0,5,Clear,573
2023-08-30 01:00:00,None,300.73,0.0,0.0,59,Clouds,511
2023-08-30 02:00:00,None,292.54,0.0,0.0,8,Clear,538
2023-08-30 03:00:00,None,291.01,0.0,0.0,59,Clouds,786
2023-08-30 04:00:00,None,295.88,0.0,0.0,13,Clear,902
2023-08-30 05:00:00,None,300.97,0.0,0.0,12,Clear,1044
2023-08-30 06:00:00,None,294.49,0.0,0.0,84,Haze,3695
2023-08-30 07:00:00,None,295.45,0.0,0.0,99,Clouds,4849
2023-08-30 08:00:00,None,302.43,0.0,0.0,49,Clouds,5289
2023-08-30 09:00:00,None,302.2,0.0,0.0,80,Fog,6127
2023-08-30 10:00:00,None,302.11,0.0,0.0,13,Clear,4467
2023-08-30 11:00:00,None,305.06,0.0,0.0,83,Clouds,4155
2023-08-30 12:00:00,None,309.1,0.0,0.0,59,Clouds,4067
2023-08-30 13:00:00,None,307.2,0.0,0.0,4,Clear,3886
2023-08-30 14:00:00,None,302.42,0.0,0.0,76,Clouds,3899
2023-08-30 15:00:00,None,303.81,0.0,0.0,54,Clouds,6037
2023-08-30 16:00:00,None,307.17,0.0,0.0,6,Clear,5580
2023-08-30 17:00:00,Thanksgiving Day,304.76,0.0,0.0,84,Fog,1684
2023-08-30 18:00:00,None,303.55,0.0,0.0,10,Clear,4083
2023-08-30 19:00:00,None,303.61,0.0,0.0,70,Clouds,3235
2023-08-30 20:00:00,None,300.17,1.34,0.0,96,Rain,2257
2023-08-30 21:00:00,None,298.91,2.9,0.0,85,Rain,1918
2023-08-30 22:00:00,None,299.41,0.0,0.0,14,Clear,1527
2023-08-30 23:00:00,None,300.67,0.0,0.0,1,Clear,753
2023-08-31 00:00:00,None,296.14,0.0,0.0,61,Mist,600
2023-08-31 01:00:00,None,293.52,0.0,0.0,7,Clear,246
2023-08-31 02:00:00,None,296.06,0.59,0.0,66,Drizzle,384
2023-08-31 03:00:00,None,298.63,0.0,0.0,6,Clear,432
2023-08-31 04:00:00,None,307.39,0.0,0.0,7,Clear,829
2023-08-31 05:00:00,None,294.15,0.0,0.0,89,Clouds,1069
2023-08-31 06:00:00,None,290.09,0.0,0.0,5,Clear,3323
2023-08-31 07:00:00,None,298.16,0.0,0.0,50,Clouds,4440
2023-08-31 08:00:00,None,304.84,0.0,0.0,71,Clouds,5829
2023-08-31 09:00:00,None,298.44,0.0,2.95,93,Snow,6175
2023-08-31 10:00:00,None,306.0,0.0,0.0,3,Clear,4041
2023-08-31 11:00:00,None,302.26,0.0,0.0,5,Clear,3814
2023-08-31 12:00:00,None,306.06,0.0,0.0,3,Clear,3764
2023-08-31 13:00:00,None,304.09,0.0,0.0,54,Clouds,4398
2023-08-31 14:00:00,None,299.71,0.0,0.0,0,Clear,4168
2023-08-31 15:00:00,None,306.08,0.0,0.0,88,Mist,5827
2023-08-31 16:00:00,None,306.27,1.2,0.0,65,Rain,5097
2023-08-31 17:00:00,None,306.67,0.0,0.0,14,Clear,5277
2023-08-31 18:00:00,None,306.58,0.0,0.0,5,Clear,5907
2023-08-31 19:00:00,None,304.5,0.0,0.0,8,Clear,3533
2023-08-31 20:00:00,None,303.06,0.0,0.0,7,Clear,3013
2023-08-31 21:00:00,None,298.08,1.06,0.0,92,Thunderstorm,2247
2023-08-31 22:00:00,None,302.61,0.0,0.0,14,Clear,1824
2023-08-31 23:00:00,None,294.22,0.0,0.0,8,Clear,997
2023-09-01 00:00:00,None,290.06,0.0,0.0,85,Clouds,230
2023-09-01 01:00:00,None,289.85,0.0,0.0,7,Clear,497
2023-09-01 02:00:00,None,289.1,0.0,0.0,77,Clouds,150
2023-09-01 03:00:00,None,294.25,0.27,0.0,73,Drizzle,235
2023-09-01 04:00:00,None,293.14,0.0,0.0,68,Clouds,1026
2023-09-01 05:00:00,None,290.35,0.0,0.0,96,Fog,650
2023-09-01 06:00:00,None,295.58,1.81,0.0,89,Rain,2874
2023-09-01 07:00:00,None,293.66,0.53,0.0,64,Drizzle,4393
2023-09-01 08:00:00,None,294.79,0.0,0.0,74,Clouds,5677
2023-09-01 09:00:00,None,288.59,0.0,0.0,9,Clear,6972
2023-09-01 10:00:00,None,299.53,0.0,0.0,56,Clouds,3354
2023-09-01 11:00:00,None,298.19,0.0,0.0,6,Clear,3901
2023-09-01 12:00:00,None,297.37,0.0,0.0,9,Clear,4604
2023-09-01 13:00:00,None,301.92,0.0,0.0,0,Clear,4725
2023-09-01 14:00:00,None,300.24,0.0,0.0,94,Haze,4031
2023-09-01 15:00:00,None,303.33,0.0,0.0,10,Clear,5288
2023-09-01 16:00:00,None,299.48,0.0,0.0,55,Clouds,5251
2023-09-01 17:00:00,None,300.22,0.0,0.0,6,Clear,5503
2023-09-01 18:00:00,None,298.92,0.0,0.0,7,Clear,5178
2023-09-01 19:00:00,None,302.59,0.0,0.0,4,Clear,3309
2023-09-01 20:00:00,None,296.88,0.0,0.0,12,Clear,2840
2023-09-01 21:00:00,None,295.43,0.0,0.0,48,Clouds,1768
2023-09-01 22:00:00,None,297.31,0.0,0.0,1,Clear,1026
2023-09-01 23:00:00,None,289.37,4.77,0.0,68,Rain,661
2023-09-02 00:00:00,None,296.37,2.7,0.0,98,Rain,305
2023-09-02 01:00:00,None,291.77,2.22,0.0,61,Rain,819
2023-09-02 02:00:00,None,294.07,0.0,0.0,12,Clear,150
2023-09-02 03:00:00,None,285.58,0.0,0.0,78,Clouds,351
2023-09-02 04:00:00,None,293.18,0.0,0.0,89,Clouds,456
2023-09-02 05:00:00,None,280.96,0.0,0.0,46,Clouds,682
2023-09-02 06:00:00,None,290.87,0.0,0.0,4,Clear,2326
2023-09-02 07:00:00,None,293.49,0.0,0.0,60,Clouds,2912
2023-09-02 08:00:00,None,292.13,0.0,0.0,69,Fog,3499
2023-09-02 09:00:00,None,297.97,0.0,0.0,1,Clear,4333
2023-09-02 10:00:00,None,301.99,0.0,0.0,6,Clear,2760
2023-09-02 11:00:00,None,297.33,0.86,0.0,62,Drizzle,3284
2023-09-02 12:00:00,None,298.97,0.0,0.0,52,Clouds,2140
2023-09-02 13:00:00,None,295.7,0.0,0.0,14,Clear,2472
2023-09-02 14:00:00,None,296.66,0.0,0.0,12,Clear,2631
2023-09-02 15:00:00,None,296.11,0.0,0.0,47,Clouds,3995
2023-09-02 16:00:00,None,302.41,0.0,0.0,0,Clear,2865
2023-09-02 17:00:00,None,299.65,0.0,1.69,86,Snow,2485
2023-09-02 18:00:00,None,299.71,2.05,0.0,76,Rain,2245
2023-09-02 19:00:00,None,292.27,0.0,0.0,14,Clear,2161
2023-09-02 20:00:00,None,299.16,0.0,0.0,83,Clouds,976
2023-09-02 21:00:00,None,292.88,0.0,0.0,40,Clouds,1582
2023-09-02 22:00:00,None,299.1,0.0,0.0,58,Clouds,1330
2023-09-02 23:00:00,None,292.78,0.0,0.0,5,Clear,389
2023-09-03 00:00:00,None,294.32,0.0,0.0,11,Clear,731
2023-09-03 01:00:00,None,290.66,0.0,0.0,6,Clear,150
2023-09-03 02:00:00,None,291.63,0.0,0.0,86,Clouds,424
2023-09-03 03:00:00,None,290.49,0.0,0.0,5,Clear,652
2023-09-03 04:00:00,None,292.95,1.4,0.0,97,Rain,875
2023-09-03 05:00:00,None,288.4,0.0,0.0,72,Clouds,1132
2023-09-03 06:00:00,None,289.15,1.58,0.0,78,Rain,2028
2023-09-03 07:00:00,None,290.18,0.0,0.0,83,Clouds,3462
2023-09-03 08:00:00,None,289.01,0.95,0.0,88,Rain,4547
2023-09-03 09:00:00,None,297.95,0.0,0.0,12,Clear,4795
2023-09-03 10:00:00,None,304.11,0.16,0.0,75,Drizzle,2966
2023-09-03 11:00:00,None,298.39,0.0,0.0,0,Clear,2936
2023-09-03 12:00:00,None,302.15,0.0,0.0,56,Clouds,3174
2023-09-03 13:00:00,None,300.85,0.0,0.0,14,Clear,2294
2023-09-03 14:00:00,None,306.11,0.0,0.0,2,Clear,2153
2023-09-03 15:00:00,None,299.06,0.0,0.0,83,Clouds,3523
2023-09-03 16:00:00,None,298.89,2.7,0.0,70,Rain,3301
2023-09-03 17:00:00,None,299.08,0.0,0.0,87,Clouds,3583
2023-09-03 18:00:00,None,298.96,0.0,0.0,3,Clear,3054
2023-09-03 19:00:00,None,296.77,1.77,0.0,66,Rain,1750
2023-09-03 20:00:00,None,292.75,1.02,0.0,85,Rain,1943
2023-09-03 21:00:00,None,296.63,0.0,0.0,83,Mist,1517
2023-09-03 22:00:00,None,304.42,0.39,0.0,62,Drizzle,682
2023-09-03 23:00:00,None,293.6,0.0,0.0,64,Clouds,635
2023-09-04 00:00:00,None,293.24,0.0,0.0,99,Clouds,190
2023-09-04 01:00:00,None,287.2,0.0,0.0,70,Mist,150
2023-09-04 02:00:00,None,292.0,0.0,0.0,1,Clear,361
2023-09-04 03:00:00,None,287.12,0.0,0.0,13,Clear,521
2023-09-04 04:00:00,None,290.09,0.0,0.13,92,Snow,552
2023-09-04 05:00:00,None,286.89,0.0,0.0,82,Clouds,593
2023-09-04 06:00:00,None,290.52,0.36,0.0,80,Rain,3424
2023-09-04 07:00:00,None,293.6,0.0,0.0,13,Clear,5097
2023-09-04 08:00:00,None,295.82,0.0,0.0,77,Mist,5160
2023-09-04 09:00:00,None,292.88,0.1,0.0,95,Rain,5753
2023-09-04 10:00:00,None,294.35,0.0,0.0,86,Clouds,4131
2023-09-04 11:00:00,None,297.72,0.0,0.0,73,Clouds,3618
2023-09-04 12:00:00,None,301.94,0.0,0.0,9,Clear,4623
2023-09-04 13:00:00,None,304.74,0.0,0.0,53,Clouds,4339
2023-09-04 14:00:00,None,298.1,0.0,0.0,2,Clear,3666
2023-09-04 15:00:00,None,294.66,0.0,0.0,14,Clear,6213
2023-09-04 16:00:00,None,299.15,0.0,0.0,46,Clouds,5690
2023-09-04 17:00:00,None,296.59,0.0,0.0,45,Clouds,5021
2023-09-04 18:00:00,None,303.57,0.0,0.0,13,Clear,4137
2023-09-04 19:00:00,None,300.69,0.0,0.0,69,Fog,2838
2023-09-04 20:00:00,None,292.25,6.69,0.0,60,Rain,2442
2023-09-04 21:00:00,None,301.37,0.0,0.0,95,Fog,1120
2023-09-04 22:00:00,None,296.82,0.0,0.0,14,Clear,1153
2023-09-04 23:00:00,Christmas Day,299.8,0.0,0.0,68,Mist,446
2023-09-05 00:00:00,None,287.94,0.0,0.0,13,Clear,150
2023-09-05 01:00:00,None,285.77,0.0,0.0,1,Clear,227
2023-09-05 02:00:00,None,292.17,0.0,0.0,86,Clouds,769
2023-09-05 03:00:00,None,289.49,0.65,0.0,93,Rain,1118
2023-09-05 04:00:00,None,290.85,0.0,0.0,0,Clear,697
2023-09-05 05:00:00,None,288.31,0.0,0.0,2,Clear,675
2023-09-05 06:00:00,None,290.57,2.23,0.0,62,Rain,3431
2023-09-05 07:00:00,None,290.2,0.0,0.18,64,Snow,3373
2023-09-05 08:00:00,None,291.96,0.0,0.0,8,Clear,5490
2023-09-05 09:00:00,None,295.85,0.0,0.0,1,Clear,7136
2023-09-05 10:00:00,None,295.63,0.0,0.0,69,Mist,3864
2023-09-05 11:00:00,None,299.79,5.41,0.0,89,Rain,3829
2023-09-05 12:00:00,None,293.74,0.0,0.0,70,Clouds,4724
2023-09-05 13:00:00,None,298.62,0.0,0.0,14,Clear,4340
2023-09-05 14:00:00,None,303.31,0.0,0.0,41,Clouds,4000
2023-09-05 15:00:00,None,296.66,0.0,0.0,10,Clear,6429
2023-09-05 16:00:00,None,302.38,0.0,0.0,12,Clear,5116
2023-09-05 17:00:00,None,297.9,0.0,0.0,84,Clouds,5020
2023-09-05 18:00:00,None,299.8,0.0,0.0,71,Fog,4679
2023-09-05 19:00:00,None,298.51,2.03,0.0,71,Rain,2762
2023-09-05 20:00:00,None,292.04,0.0,0.0,46,Clouds,2284
2023-09-05 21:00:00,None,299.95,0.0,0.0,94,Mist,2014
2023-09-05 22:00:00,None,295.03,0.0,0.0,80,Clouds,1092
2023-09-05 23:00:00,None,295.95,0.0,0.0,11,Clear,150
2023-09-06 00:00:00,None,296.44,0.0,0.0,54,Clouds,150
2023-09-06 01:00:00,None,293.09,0.0,0.0,12,Clear,150
2023-09-06 02:00:00,None,290.32,0.0,0.0,88,Clouds,444
2023-09-06 03:00:00,None,293.61,0.0,0.0,1,Clear,673
2023-09-06 04:00:00,None,287.89,0.0,0.0,75,Haze,699
2023-09-06 05:00:00,None,290.53,0.0,0.0,94,Clouds,817
2023-09-06 06:00:00,None,289.74,1.1,0.0,85,Drizzle,3588
2023-09-06 07:00:00,None,289.83,0.92,0.0,84,Drizzle,4177
2023-09-06 08:00:00,None,296.7,0.0,0.0,5,Clear,4481
2023-09-06 09:00:00,None,300.8,0.0,0.0,55,Clouds,7200
2023-09-06 10:00:00,None,295.03,0.0,0.0,68,Clouds,3796
2023-09-06 11:00:00,None,299.72,0.0,0.0,12,Clear,4124
2023-09-06 12:00:00,None,302.47,5.33,0.0,81,Rain,3821
2023-09-06 13:00:00,None,301.4,0.0,0.0,98,Fog,3988
2023-09-06 14:00:00,None,298.46,0.0,0.0,10,Clear,4259
2023-09-06 15:00:00,None,305.47,0.39,0.0,84,Rain,6318
2023-09-06 16:00:00,None,302.56,0.0,0.0,14,Clear,5809
2023-09-06 17:00:00,None,302.72,0.0,0.65,90,Snow,4168
2023-09-06 18:00:00,None,297.98,0.49,0.0,60,Drizzle,4548
2023-09-06 19:00:00,None,297.93,0.0,0.0,54,Clouds,3213
2023-09-06 20:00:00,None,299.95,0.0,0.0,52,Clouds,2695
2023-09-06 21:00:00,None,293.48,0.0,0.0,80,Clouds,1269
2023-09-06 22:00:00,None,296.08,0.0,0.0,13,Clear,2099
2023-09-06 23:00:00,None,295.08,0.0,0.0,0,Clear,775
2023-09-07 00:00:00,None,293.38,0.66,0.0,85,Drizzle,150
2023-09-07 01:00:00,None,292.97,0.0,0.0,78,Haze,749
2023-09-07 02:00:00,None,294.16,0.0,0.0,11,Clear,418
2023-09-07 03:00:00,None,291.49,0.0,0.0,93,Clouds,829
2023-09-07 04:00:00,None,292.84,0.0,0.0,11,Clear,716
2023-09-07 05:00:00,None,295.1,0.0,0.0,67,Clouds,883
2023-09-07 06:00:00,None,291.58,0.0,0.0,8,Clear,3930
2023-09-07 07:00:00,None,291.7,0.0,0.0,11,Clear,5119
2023-09-07 08:00:00,None,299.58,0.0,0.0,0,Clear,5800
2023-09-07 09:00:00,None,298.67,0.0,0.0,95,Clouds,6272
2023-09-07 10:00:00,None,300.35,0.0,0.0,49,Clouds,4475
2023-09-07 11:00:00,None,297.79,0.0,0.0,2,Clear,4350
2023-09-07 12:00:00,None,297.98,0.0,0.0,3,Clear,3738
2023-09-07 13:00:00,None,299.11,0.0,0.0,95,Clouds,4773
2023-09-07 14:00:00,None,302.07,0.0,0.0,8,Clear,4451
2023-09-07 15:00:00,None,300.15,0.0,0.0,80,Mist,6119
2023-09-07 16:00:00,None,301.83,0.0,0.0,85,Mist,5008
2023-09-07 17:00:00,None,300.06,0.0,0.0,12,Clear,5486
2023-09-07 18:00:00,None,295.76,0.0,0.0,5,Clear,5053
2023-09-07 19:00:00,None,295.29,0.69,0.0,64,Drizzle,3256
2023-09-07 20:00:00,None,295.5,0.18,0.0,69,Drizzle,2976
2023-09-07 21:00:00,None,291.5,0.0,0.36,93,Snow,2115
2023-09-07 22:00:00,None,294.8,0.0,0.0,84,Fog,874
2023-09-07 23:00:00,None,296.81,0.0,0.0,90,Fog,506
